key	en	zh	ja	fr	es	tr	de
app_name	Tryptify						
widget_description	Now playing controls	正在播放控制	再生中のコントロール	Commandes de lecture en cours	Controles de reproducción	Çalan parça kontrolleri	Wiedergabesteuerung
tab_home	Home	首页	ホーム	Accueil	Inicio	Ana Sayfa	Start
tab_discover	Discover	发现	見つける	Découvrir	Descubrir	Keşfet	Entdecken
tab_radio	Radio	电台	ラジオ	Radio	Radio	Radyo	Radio
tab_library	Library	音乐库	ライブラリ	Bibliothèque	Biblioteca	Kitaplık	Bibliothek
tab_search	Search	搜索	検索	Rechercher	Buscar	Ara	Suche
page_world_radio	World radio	全球电台	世界のラジオ	Radios du monde	Radio mundial	Dünya radyoları	Weltradio
page_local	Local	本地	端末内	Sur l’appareil	En el dispositivo	Cihazda	Auf dem Gerät
page_playlists	Playlists	歌单	プレイリスト	Playlists	Playlists	Çalma listeleri	Playlists
page_favorites	Favorites	收藏	お気に入り	Favoris	Favoritos	Favoriler	Favoriten
page_downloads	Downloads	下载	ダウンロード	Téléchargements	Descargas	İndirilenler	Downloads
settings_language	Language	语言	言語	Langue	Idioma	Dil	Sprache
settings_language_title	App language	应用语言	アプリの言語	Langue de l’application	Idioma de la app	Uygulama dili	App-Sprache
settings_language_follow_phone	Same as phone	跟随系统	端末の言語	Langue du système	Idioma del sistema	Sistem dili	Systemsprache
action_play	Play	播放	再生	Lecture	Reproducir	Çal	Wiedergabe
action_pause	Pause	暂停	一時停止	Pause	Pausa	Duraklat	Pause
action_skip_next	Skip next	下一首	次の曲へ	Titre suivant	Siguiente	Sonraki	Nächster Titel
action_play_next	Play next	下一首播放	次に再生	Lire ensuite	Reproducir a continuación	Sıradaki olarak çal	Als Nächstes spielen
action_add_to_queue	Add to queue	添加到播放队列	キューに追加	Ajouter à la file d’attente	Añadir a la cola	Sıraya ekle	Zur Warteschlange hinzufügen
action_like	Like	喜欢	お気に入りに追加	J’aime	Me gusta	Beğen	Gefällt mir
action_unlike	Unlike	取消喜欢	お気に入りから削除	Je n’aime plus	Ya no me gusta	Beğenmekten vazgeç	Gefällt mir nicht mehr
action_add_to_playlist	Add to playlist	添加到歌单	プレイリストに追加	Ajouter à une playlist	Añadir a una playlist	Çalma listesine ekle	Zu Playlist hinzufügen
action_remove_from_playlist	Remove from playlist	从歌单中移除	プレイリストから削除	Retirer de la playlist	Quitar de la playlist	Çalma listesinden kaldır	Aus Playlist entfernen
action_download	Download	下载	ダウンロード	Télécharger	Descargar	İndir	Herunterladen
action_share_file	Share file	分享文件	ファイルを共有	Partager le fichier	Compartir archivo	Dosyayı paylaş	Datei teilen
action_go_to_album	Go to album	查看专辑	アルバムへ移動	Voir l’album	Ir al álbum	Albüme git	Zum Album
action_go_to_artist	Go to artist	查看艺人	アーティストへ移動	Voir l’artiste	Ir al artista	Sanatçıya git	Zum Künstler
action_track_info	Track info	歌曲信息	曲の情報	Infos sur le titre	Información de la canción	Parça bilgisi	Titelinfo
action_close_search	Close search	关闭搜索	検索を閉じる	Fermer la recherche	Cerrar búsqueda	Aramayı kapat	Suche schließen
action_clear	Clear	清除	クリア	Effacer	Borrar	Temizle	Löschen
action_delete	Delete	删除	削除	Supprimer	Eliminar	Sil	Löschen
action_exit_selection	Exit selection	退出选择	選択を終了	Quitter la sélection	Salir de la selección	Seçimden çık	Auswahl beenden
selected_count#one	%1$d selected	已选择 %1$d 项	%1$d 件選択中	%1$d sélectionné	%1$d seleccionado	%1$d seçildi	%1$d ausgewählt
selected_count#many	%1$d selected	已选择 %1$d 项	%1$d 件選択中	%1$d sélectionnés	%1$d seleccionados	%1$d seçildi	%1$d ausgewählt
selected_count#other	%1$d selected	已选择 %1$d 项	%1$d 件選択中	%1$d sélectionnés	%1$d seleccionados	%1$d seçildi	%1$d ausgewählt
action_sort	Sort	排序	並べ替え	Trier	Ordenar	Sırala	Sortieren
sort_ascending	Ascending	升序	昇順	Croissant	Ascendente	Artan	Aufsteigend
sort_descending	Descending	降序	降順	Décroissant	Descendente	Azalan	Absteigend
sort_original	Original order	原始顺序	元の順序	Ordre d’origine	Orden original	Orijinal sıra	Ursprüngliche Reihenfolge
sort_title	Title	标题	タイトル	Titre	Título	Başlık	Titel
sort_artist	Artist	艺人	アーティスト	Artiste	Artista	Sanatçı	Künstler
sort_album	Album	专辑	アルバム	Album	Álbum	Albüm	Album
sort_duration	Duration	时长	再生時間	Durée	Duración	Süre	Dauer
add_to_playlist_title	Add to playlist	添加到歌单	プレイリストに追加	Ajouter à une playlist	Añadir a una playlist	Çalma listesine ekle	Zu Playlist hinzufügen
new_playlist	New playlist	新建歌单	新規プレイリスト	Nouvelle playlist	Nueva playlist	Yeni çalma listesi	Neue Playlist
playlist	Playlist	歌单	プレイリスト	Playlist	Playlist	Çalma listesi	Playlist
state_selected	Selected	已选择	選択済み	Sélectionné	Seleccionado	Seçildi	Ausgewählt
state_not_selected	Not selected	未选择	未選択	Non sélectionné	No seleccionado	Seçilmedi	Nicht ausgewählt
badge_explicit	Explicit	含不雅内容	露骨な表現	Explicite	Explícito	Müstehcen	Explizit
action_more_options	More options	更多选项	その他のオプション	Plus d’options	Más opciones	Diğer seçenekler	Weitere Optionen
badge_thx	THX Spatial Audio	THX 空间音频	THX 空間オーディオ	THX Spatial Audio	THX Spatial Audio	THX Uzamsal Ses	THX Spatial Audio
action_see_all	See all	查看全部	すべて表示	Tout afficher	Ver todo	Tümünü gör	Alle anzeigen
action_retry	Retry	重试	再試行	Réessayer	Reintentar	Tekrar dene	Erneut versuchen
import_spotify_instructions	Open exportify.net, sign in, and export the playlist as CSV. Or connect Spotify in Settings › System to import without a file at all.	打开 exportify.net，登录后将歌单导出为 CSV。也可以在“设置 › 系统”中连接 Spotify，无需文件即可导入。	exportify.net を開いてサインインし、プレイリストを CSV で書き出してください。または「設定 › システム」で Spotify に接続すれば、ファイルなしで読み込めます。	Ouvrez exportify.net, connectez-vous et exportez la playlist au format CSV. Vous pouvez aussi connecter Spotify dans Paramètres › Système pour importer sans fichier.	Abre exportify.net, inicia sesión y exporta la playlist en CSV. También puedes conectar Spotify en Ajustes › Sistema para importarla sin ningún archivo.	exportify.net’i açın, oturum açın ve çalma listesini CSV olarak dışa aktarın. Ya da hiç dosya kullanmadan içe aktarmak için Spotify’ı Ayarlar › Sistem’den bağlayın.	Öffne exportify.net, melde dich an und exportiere die Playlist als CSV. Oder verbinde Spotify unter Einstellungen › System, dann geht der Import ganz ohne Datei.
import_apple_music_instructions	In the Music app on a Mac: File › Library › Export Playlist, with Format set to Text. The .txt it writes is read here as-is.	在 Mac 上的“音乐”App 中：选择“文件 › 资料库 › 导出播放列表”，格式选“文本”。导出的 .txt 文件可直接在此读取。	Mac の「ミュージック」App で「ファイル › ライブラリ › プレイリストを書き出す」を選び、フォーマットを「テキスト」にします。書き出された .txt はそのまま読み込めます。	Dans l’app Musique sur Mac : Fichier › Bibliothèque › Exporter la playlist, avec le format Texte. Le fichier .txt obtenu est lu ici tel quel.	En la app Música del Mac: Archivo › Biblioteca › Exportar playlist, con el formato Texto. El .txt resultante se lee aquí tal cual.	Mac’teki Müzik uygulamasında: Dosya › Arşiv › Çalma Listesini Dışa Aktar’ı seçin ve biçimi Metin olarak ayarlayın. Oluşan .txt dosyası burada olduğu gibi okunur.	In der Musik-App auf dem Mac: Ablage › Mediathek › Playlist exportieren, mit dem Format „Text“. Die erzeugte .txt-Datei wird hier unverändert gelesen.
import_youtube_music_instructions	Export the playlist with Google Takeout, or a converter like TuneMyMusic, and pick the .csv it produces.	使用 Google Takeout 或 TuneMyMusic 等转换工具导出歌单，然后选择生成的 .csv 文件。	Google データエクスポート（Takeout）や TuneMyMusic などの変換ツールでプレイリストを書き出し、作成された .csv を選んでください。	Exportez la playlist avec Google Takeout ou un convertisseur comme TuneMyMusic, puis choisissez le fichier .csv obtenu.	Exporta la playlist con Google Takeout o con un conversor como TuneMyMusic y elige el .csv que genere.	Çalma listesini Google Takeout veya TuneMyMusic gibi bir dönüştürücüyle dışa aktarın ve oluşan .csv dosyasını seçin.	Exportiere die Playlist mit Google Takeout oder einem Konverter wie TuneMyMusic und wähle die erzeugte .csv-Datei.
create_playlist_title	Create playlist	创建歌单	プレイリストを作成	Créer une playlist	Crear playlist	Çalma listesi oluştur	Playlist erstellen
action_create	Create	创建	作成	Créer	Crear	Oluştur	Erstellen
playlist_name_hint	Playlist name	歌单名称	プレイリスト名	Nom de la playlist	Nombre de la playlist	Çalma listesi adı	Name der Playlist
playlist_description_hint	Description (optional)	简介（可选）	説明（任意）	Description (facultative)	Descripción (opcional)	Açıklama (isteğe bağlı)	Beschreibung (optional)
action_cancel	Cancel	取消	キャンセル	Annuler	Cancelar	İptal	Abbrechen
action_import	Import	导入	読み込む	Importer	Importar	İçe aktar	Importieren
import_tracks_title	Import tracks	导入歌曲	曲を読み込む	Importer des titres	Importar canciones	Parçaları içe aktar	Titel importieren
import_format_unsupported	%1$s files aren’t supported yet — export as CSV instead.	暂不支持 %1$s 文件，请改为导出 CSV。	%1$s ファイルにはまだ対応していません。CSV で書き出してください。	Les fichiers %1$s ne sont pas encore pris en charge : exportez plutôt en CSV.	Los archivos %1$s aún no son compatibles; exporta en CSV.	%1$s dosyaları henüz desteklenmiyor; bunun yerine CSV olarak dışa aktarın.	%1$s-Dateien werden noch nicht unterstützt – exportiere stattdessen als CSV.
action_choose_file	Choose a file	选择文件	ファイルを選択	Choisir un fichier	Elegir un archivo	Dosya seç	Datei auswählen
import_any_columns	Any column naming these exports use is understood, in any of the encodings they write.	这些导出文件所用的列名和编码均可识别。	これらの書き出しで使われる列名と文字コードはすべて認識されます。	Les noms de colonnes et les encodages de ces exports sont tous reconnus.	Se reconocen todos los nombres de columna y codificaciones que usan estas exportaciones.	Bu dışa aktarımların kullandığı tüm sütun adları ve karakter kodlamaları tanınır.	Alle Spaltennamen und Zeichenkodierungen dieser Exporte werden erkannt.
strict_album_matching	Strict album matching	严格匹配专辑	アルバムを厳密に照合	Correspondance stricte de l’album	Coincidencia estricta de álbum	Katı albüm eşleştirme	Strenger Albumabgleich
strict_album_matching_detail	Only accept a match from the same album. Off finds more, but sometimes the wrong recording.	只接受来自同一专辑的匹配。关闭后能找到更多歌曲，但有时会匹配到错误的录音版本。	同じアルバムの曲だけを一致とみなします。オフにすると見つかる曲は増えますが、別の録音になることがあります。	N’accepter que les correspondances du même album. Désactivé, on en trouve davantage, mais parfois le mauvais enregistrement.	Solo acepta coincidencias del mismo álbum. Si lo desactivas, encontrarás más, pero a veces la grabación equivocada.	Yalnızca aynı albümden gelen eşleşmeleri kabul et. Kapalıyken daha fazla parça bulunur ama bazen yanlış kayıt seçilir.	Nur Treffer aus demselben Album akzeptieren. Ausgeschaltet findet mehr, aber manchmal die falsche Aufnahme.
action_collapse	Collapse	收起	閉じる	Réduire	Contraer	Daralt	Einklappen
output_device	Output device	输出设备	出力デバイス	Appareil de sortie	Dispositivo de salida	Çıkış cihazı	Ausgabegerät
action_more	More	更多	その他	Plus	Más	Daha fazla	Mehr
shuffle_on	Shuffle: On	随机播放：开	シャッフル：オン	Lecture aléatoire : activée	Aleatorio: activado	Karıştır: Açık	Zufallswiedergabe: an
shuffle_off	Shuffle: Off	随机播放：关	シャッフル：オフ	Lecture aléatoire : désactivée	Aleatorio: desactivado	Karıştır: Kapalı	Zufallswiedergabe: aus
repeat_off	Repeat: Off	循环：关	リピート：オフ	Répéter : désactivé	Repetir: desactivado	Tekrarla: Kapalı	Wiederholen: aus
repeat_one	Repeat: One	循环：单曲	リピート：1曲	Répéter : un titre	Repetir: una canción	Tekrarla: Tek parça	Wiederholen: ein Titel
repeat_all	Repeat: All	循环：全部	リピート：すべて	Répéter : tout	Repetir: todo	Tekrarla: Tümü	Wiederholen: alle
action_send_file	Send file	发送文件	ファイルを送信	Envoyer le fichier	Enviar archivo	Dosyayı gönder	Datei senden
player_visuals_studio	Player Visuals Studio	播放器视觉工作室	プレーヤービジュアル スタジオ	Studio visuel du lecteur	Estudio visual del reproductor	Oynatıcı Görsel Stüdyosu	Player-Visuals-Studio
settings	Settings	设置	設定	Paramètres	Ajustes	Ayarlar	Einstellungen
download_done	Downloaded	已下载	ダウンロード済み	Téléchargé	Descargada	İndirildi	Heruntergeladen
download_progress	Downloading %1$d%%	正在下载 %1$d%%	ダウンロード中 %1$d%%	Téléchargement… %1$d %%	Descargando… %1$d %%	İndiriliyor %%%1$d	Wird geladen … %1$d %%
download_queued	Queued	排队中	待機中	En attente	En cola	Sırada	In der Warteschlange
download_failed_retry	Download failed — retry	下载失败，点按重试	ダウンロードに失敗しました。再試行	Échec du téléchargement — réessayer	Error en la descarga: reintentar	İndirme başarısız — tekrar dene	Download fehlgeschlagen – erneut versuchen
album_art	Album art	专辑封面	アルバムアートワーク	Pochette de l’album	Portada del álbum	Albüm kapağı	Albumcover
action_fullscreen	Fullscreen	全屏	全画面表示	Plein écran	Pantalla completa	Tam ekran	Vollbild
action_exit_fullscreen	Exit fullscreen	退出全屏	全画面表示を終了	Quitter le plein écran	Salir de pantalla completa	Tam ekrandan çık	Vollbild beenden
action_exit_visualizer	Exit visualizer	退出可视化	ビジュアライザを終了	Quitter le visualiseur	Salir del visualizador	Görselleştiriciden çık	Visualizer beenden
visualizer_bundled_presets	Bundled projectM presets	内置 projectM 预设	内蔵の projectM プリセット	Préréglages projectM intégrés	Presets de projectM incluidos	Yerleşik projectM ön ayarları	Mitgelieferte projectM-Presets
visualizer_shuffle	Shuffle	随机	シャッフル	Aléatoire	Aleatorio	Karışık	Zufall
visualizer_manual	Manual	手动	手動	Manuel	Manual	Manuel	Manuell
preset_save	Like	收藏	お気に入り	Aimer	Guardar	Beğen	Merken
preset_saved	Liked	已收藏	お気に入り済み	Aimé	Guardado	Beğenildi	Gemerkt
action_next	Next	下一个	次へ	Suivant	Siguiente	Sonraki	Weiter
visualizer_presets	Presets	预设	プリセット	Préréglages	Presets	Ön ayarlar	Presets
preset_previous	Previous preset	上一个预设	前のプリセット	Préréglage précédent	Preset anterior	Önceki ön ayar	Vorheriges Preset
preset_browser	Preset browser	预设浏览器	プリセット一覧	Liste des préréglages	Explorador de presets	Ön ayar tarayıcısı	Preset-Browser
preset_like	Like preset	收藏预设	プリセットをお気に入りに追加	Aimer ce préréglage	Guardar preset	Ön ayarı beğen	Preset merken
preset_unlike	Unlike preset	取消收藏预设	プリセットをお気に入りから削除	Ne plus aimer ce préréglage	Quitar preset de guardados	Ön ayar beğenisini kaldır	Preset nicht mehr merken
preset_next	Next preset	下一个预设	次のプリセット	Préréglage suivant	Siguiente preset	Sonraki ön ayar	Nächstes Preset
hero_show_album_art	Show album art	显示专辑封面	アートワークを表示	Afficher la pochette	Mostrar la portada	Albüm kapağını göster	Albumcover anzeigen
hero_show_spectrum	Show spectrum	显示频谱	スペクトラムを表示	Afficher le spectre	Mostrar el espectro	Spektrumu göster	Spektrum anzeigen
hero_switch_to_spectrum	Switch to spectrum	切换到频谱	スペクトラムに切り替え	Passer au spectre	Cambiar al espectro	Spektruma geç	Zum Spektrum wechseln
hero_switch_to_wave_candy	Switch to Wave Candy scope	切换到 Wave Candy 示波器	Wave Candy スコープに切り替え	Passer à l’oscilloscope Wave Candy	Cambiar al osciloscopio Wave Candy	Wave Candy osiloskopuna geç	Zum Wave-Candy-Oszilloskop wechseln
hero_waveform_mono	Switch waveform to mono	波形切换为单声道	波形をモノラルに切り替え	Forme d’onde en mono	Forma de onda en mono	Dalga biçimini mono yap	Wellenform auf Mono umschalten
hero_waveform_stereo	Switch waveform to stereo	波形切换为立体声	波形をステレオに切り替え	Forme d’onde en stéréo	Forma de onda en estéreo	Dalga biçimini stereo yap	Wellenform auf Stereo umschalten
hero_spectrum_speed	Spectrum speed	频谱速度	スペクトラムの速度	Vitesse du spectre	Velocidad del espectro	Spektrum hızı	Spektrum-Geschwindigkeit
action_open_visualizer	Open visualizer	打开可视化	ビジュアライザを開く	Ouvrir le visualiseur	Abrir el visualizador	Görselleştiriciyi aç	Visualizer öffnen
audio_tools	Audio tools	音频工具	オーディオツール	Outils audio	Herramientas de audio	Ses araçları	Audio-Tools
autoeq_detail	Headphone EQ correction	耳机均衡校正	ヘッドホンの EQ 補正	Correction EQ du casque	Corrección de EQ para auriculares	Kulaklık EQ düzeltmesi	Kopfhörer-EQ-Korrektur
system_wide	System-wide	全局应用	システム全体	À l’échelle du système	En todo el sistema	Sistem genelinde	Systemweit
system_wide_detail	Apply to all device audio	应用于设备上的所有音频	端末のすべての音声に適用	Appliquer à tout le son de l’appareil	Aplicar a todo el audio del dispositivo	Cihazdaki tüm seslere uygula	Auf den gesamten Gerätesound anwenden
badge_beta	Beta	测试版	ベータ	Bêta	Beta	Beta	Beta
system_wide_caution	Swaps the app's exact correction for a coarser global one. For correcting other apps.	会把应用内的精确校正换成较粗略的全局校正，用于校正其他应用的声音。	アプリ内の精密な補正を、より大まかなシステム全体の補正に切り替えます。他のアプリの音を補正するためのものです。	Remplace la correction précise de l’app par une correction globale plus approximative. Pour corriger les autres apps.	Cambia la corrección exacta de la app por una global menos precisa. Sirve para corregir otras apps.	Uygulamanın hassas düzeltmesini daha kaba, genel bir düzeltmeyle değiştirir. Diğer uygulamaları düzeltmek içindir.	Ersetzt die exakte Korrektur der App durch eine gröbere globale. Gedacht für andere Apps.
visualizer	Visualizer	可视化	ビジュアライザ	Visualiseur	Visualizador	Görselleştirici	Visualizer
waveform	Waveform	波形	波形	Forme d’onde	Forma de onda	Dalga formu	Wellenform
compressor	Compressor	压缩器	コンプレッサー	Compresseur	Compresor	Kompresör	Kompressor
compressor_detail	Oxford dynamics. Hold to configure	Oxford 动态处理。长按可设置	Oxford ダイナミクス。長押しで設定	Dynamique Oxford. Maintenez pour configurer	Dinámica Oxford. Mantén pulsado para configurar	Oxford dinamikleri. Ayarlamak için basılı tutun	Oxford-Dynamik. Gedrückt halten zum Einrichten
inflator_detail	Oxford loudness. Hold to configure	Oxford 响度。长按可设置	Oxford ラウドネス。長押しで設定	Sonie Oxford. Maintenez pour configurer	Sonoridad Oxford. Mantén pulsado para configurar	Oxford ses yüksekliği. Ayarlamak için basılı tutun	Oxford-Lautheit. Gedrückt halten zum Einrichten
crossfeed	Crossfeed	交叉馈送	クロスフィード	Crossfeed	Crossfeed	Crossfeed	Crossfeed
crossfeed_detail	Speaker simulation. Hold to configure	扬声器模拟。长按可设置	スピーカーシミュレーション。長押しで設定	Simulation d’enceintes. Maintenez pour configurer	Simulación de altavoces. Mantén pulsado para configurar	Hoparlör simülasyonu. Ayarlamak için basılı tutun	Lautsprechersimulation. Gedrückt halten zum Einrichten
no_track_playing	No track playing	当前没有播放	再生中の曲はありません	Aucune lecture en cours	No se está reproduciendo nada	Çalan parça yok	Es wird nichts abgespielt
unknown	Unknown	未知	不明	Inconnu	Desconocido	Bilinmiyor	Unbekannt
output_default	Default	默认	デフォルト	Par défaut	Predeterminado	Varsayılan	Standard
minutes_short	%1$d min	%1$d 分钟	%1$d分	%1$d min	%1$d min	%1$d dk	%1$d Min.
state_off	Off	关	オフ	Désactivé	Desactivado	Kapalı	Aus
sleep_timer	Sleep timer	睡眠定时	スリープタイマー	Minuteur de mise en veille	Temporizador	Uyku zamanlayıcısı	Sleep-Timer
sleep_timer_pauses_in#one	Playback will pause in %1$d minute.	将在 %1$d 分钟后暂停播放。	%1$d分後に再生を一時停止します。	La lecture s’arrêtera dans %1$d minute.	La reproducción se pausará en %1$d minuto.	Oynatma %1$d dakika sonra duraklatılacak.	Die Wiedergabe pausiert in %1$d Minute.
sleep_timer_pauses_in#many	Playback will pause in %1$d minutes.	将在 %1$d 分钟后暂停播放。	%1$d分後に再生を一時停止します。	La lecture s’arrêtera dans %1$d minutes.	La reproducción se pausará en %1$d minutos.	Oynatma %1$d dakika sonra duraklatılacak.	Die Wiedergabe pausiert in %1$d Minuten.
sleep_timer_pauses_in#other	Playback will pause in %1$d minutes.	将在 %1$d 分钟后暂停播放。	%1$d分後に再生を一時停止します。	La lecture s’arrêtera dans %1$d minutes.	La reproducción se pausará en %1$d minutos.	Oynatma %1$d dakika sonra duraklatılacak.	Die Wiedergabe pausiert in %1$d Minuten.
sleep_timer_off	Sleep timer is off.	睡眠定时已关闭。	スリープタイマーはオフです。	Le minuteur de mise en veille est désactivé.	El temporizador está desactivado.	Uyku zamanlayıcısı kapalı.	Der Sleep-Timer ist aus.
speed	Speed	速度	速度	Vitesse	Velocidad	Hız	Geschwindigkeit
detecting	Detecting…	正在检测…	検出中…	Détection…	Detectando…	Algılanıyor…	Wird erkannt …
speed_reset	Reset speed to 1.0x	将速度重置为 1.0x	速度を 1.0x に戻す	Rétablir la vitesse à 1,0x	Restablecer la velocidad a 1,0x	Hızı 1,0x’e sıfırla	Geschwindigkeit auf 1,0x zurücksetzen
speed_unit_multiplier	Multiplier	倍速	倍率	Multiplicateur	Multiplicador	Çarpan	Faktor
speed_unit_semitones	Semitones	半音	半音	Demi-tons	Semitonos	Yarım ton	Halbtöne
semitone_down	Down one semitone	降低一个半音	半音下げる	Baisser d’un demi-ton	Bajar un semitono	Bir yarım ton düşür	Einen Halbton tiefer
semitone_up	Up one semitone	升高一个半音	半音上げる	Monter d’un demi-ton	Subir un semitono	Bir yarım ton yükselt	Einen Halbton höher
bpm_slower	One BPM slower	慢 1 BPM	1 BPM 遅く	1 BPM plus lent	1 BPM más lento	1 BPM yavaş	1 BPM langsamer
bpm_faster	One BPM faster	快 1 BPM	1 BPM 速く	1 BPM plus rapide	1 BPM más rápido	1 BPM hızlı	1 BPM schneller
preserve_pitch	Preserve pitch	保持音高	ピッチを維持	Conserver la hauteur	Conservar el tono	Perdeyi koru	Tonhöhe beibehalten
preserve_pitch_on	Tempo changes, pitch stays natural	速度改变，音高保持自然	テンポだけが変わり、ピッチは自然なまま	Le tempo change, la hauteur reste naturelle	Cambia el tempo; el tono se mantiene natural	Tempo değişir, perde doğal kalır	Das Tempo ändert sich, die Tonhöhe bleibt natürlich
preserve_pitch_off	Pitch shifts with speed (vinyl-style)	音高随速度变化（黑胶唱片效果）	速度に合わせてピッチも変わります（レコード風）	La hauteur suit la vitesse (comme un vinyle)	El tono cambia con la velocidad (como un vinilo)	Perde hızla birlikte değişir (plak gibi)	Die Tonhöhe ändert sich mit der Geschwindigkeit (wie bei Vinyl)
pitch	Pitch	音高	ピッチ	Hauteur	Tono	Perde	Tonhöhe
pitch_down	Pitch down one semitone	音高降低一个半音	ピッチを半音下げる	Baisser la hauteur d’un demi-ton	Bajar el tono un semitono	Perdeyi bir yarım ton düşür	Tonhöhe einen Halbton senken
pitch_up	Pitch up one semitone	音高升高一个半音	ピッチを半音上げる	Monter la hauteur d’un demi-ton	Subir el tono un semitono	Perdeyi bir yarım ton yükselt	Tonhöhe einen Halbton anheben
pitch_reset	Reset pitch	重置音高	ピッチをリセット	Réinitialiser la hauteur	Restablecer el tono	Perdeyi sıfırla	Tonhöhe zurücksetzen
pitch_wsola_floor	Holds bass down to %1$s Hz	低音可保持到 %1$s Hz	%1$s Hz までの低音を保持	Conserve les basses jusqu’à %1$s Hz	Conserva los graves hasta %1$s Hz	Basları %1$s Hz’e kadar korur	Hält den Bass bis hinunter zu %1$s Hz
pitch_vocoder_error	Within %1$s. Lower settings are lighter work and less likely to stutter.	误差在 %1$s 以内。较低的设置负担更轻，也更不容易卡顿。	誤差は %1$s 以内です。設定を下げると処理が軽くなり、音飛びしにくくなります。	Écart inférieur à %1$s. Un réglage plus bas demande moins de calcul et saccade moins.	Margen de %1$s. Los ajustes más bajos exigen menos y se entrecortan menos.	%1$s içinde. Düşük ayarlar daha az iş yükü getirir ve takılma olasılığı daha düşüktür.	Innerhalb von %1$s. Niedrigere Einstellungen sind weniger aufwendig und stocken seltener.
queue	Queue	播放队列	キュー	File d’attente	Cola	Sıra	Warteschlange
track_count#one	%1$d track	%1$d 首歌曲	%1$d 曲	%1$d titre	%1$d canción	%1$d parça	%1$d Titel
track_count#many	%1$d tracks	%1$d 首歌曲	%1$d 曲	%1$d titres	%1$d canciones	%1$d parça	%1$d Titel
track_count#other	%1$d tracks	%1$d 首歌曲	%1$d 曲	%1$d titres	%1$d canciones	%1$d parça	%1$d Titel
radio_on	Radio on	电台已开启	ラジオ オン	Radio activée	Radio activada	Radyo açık	Radio an
action_reset	Reset	重置	リセット	Réinitialiser	Restablecer	Sıfırla	Zurücksetzen
queue_empty	"Queue is empty.
Play some music to get started."	"播放队列为空。
播放一些音乐开始吧。"	"キューは空です。
音楽を再生して始めましょう。"	"La file d’attente est vide.
Lancez de la musique pour commencer."	"La cola está vacía.
Reproduce algo de música para empezar."	"Sıra boş.
Başlamak için biraz müzik çalın."	"Die Warteschlange ist leer.
Spiel Musik ab, um loszulegen."
now_playing	Now playing	正在播放	再生中	En cours de lecture	Reproduciendo	Şimdi çalıyor	Wird gespielt
up_next	Up next	接下来播放	次に再生	À suivre	A continuación	Sıradaki	Als Nächstes
queue_reset_title	Reset queue?	要重置播放队列吗？	キューをリセットしますか？	Réinitialiser la file d’attente ?	¿Restablecer la cola?	Sıra sıfırlansın mı?	Warteschlange zurücksetzen?
queue_reset_body	This will remove all upcoming tracks from the queue. The current track will keep playing.	这会从播放队列中移除所有待播歌曲，当前歌曲会继续播放。	キューにある次の曲がすべて削除されます。再生中の曲はそのまま再生されます。	Tous les titres à venir seront retirés de la file d’attente. Le titre en cours continuera.	Se quitarán de la cola todas las canciones siguientes. La canción actual seguirá sonando.	Sıradaki tüm parçalar kaldırılacak. Çalan parça çalmaya devam edecek.	Alle kommenden Titel werden aus der Warteschlange entfernt. Der aktuelle Titel läuft weiter.
start_radio_from_song	Start radio from this song	从这首歌开始电台	この曲からラジオを開始	Lancer une radio à partir de ce titre	Iniciar una radio a partir de esta canción	Bu parçadan radyo başlat	Radio zu diesem Titel starten
action_select	Select	选择	選択	Sélectionner	Seleccionar	Seç	Auswählen
action_reorder	Reorder	重新排序	並べ替え	Réorganiser	Reordenar	Yeniden sırala	Neu anordnen
tone	Tone	音调	トーン	Tonalité	Tono	Ton	Klang
tone_collapse	Collapse tone	收起音调	トーンを閉じる	Réduire la tonalité	Contraer el tono	Tonu daralt	Klang einklappen
tone_expand	Expand tone	展开音调	トーンを開く	Développer la tonalité	Expandir el tono	Tonu genişlet	Klang ausklappen
tone_bass	Bass	低音	低音	Graves	Graves	Bas	Bass
tone_treble	Treble	高音	高音	Aigus	Agudos	Tiz	Höhen
tone_freq	Freq	频率	周波数	Fréq.	Frec.	Frek.	Freq.
action_previous	Previous	上一首	前の曲へ	Précédent	Anterior	Önceki	Zurück
buffering	Buffering	正在缓冲	バッファリング中	Mise en mémoire tampon	Almacenando en búfer	Arabelleğe alınıyor	Wird gepuffert
status_timer	Timer	定时	タイマー	Minuteur	Temporizador	Zamanlayıcı	Timer
status_sound	Sound	音效	サウンド	Son	Sonido	Ses	Klang
status_mixer	Mixer	混音器	ミキサー	Mixeur	Mezclador	Mikser	Mixer
mode_lyrics	Lyrics	歌词	歌詞	Paroles	Letra	Şarkı sözleri	Songtext
lyrics_loading	Loading lyrics…	正在加载歌词…	歌詞を読み込み中…	Chargement des paroles…	Cargando la letra…	Şarkı sözleri yükleniyor…	Songtext wird geladen …
lyrics_none	No lyrics available for this track.	这首歌暂无歌词。	この曲の歌詞はありません。	Aucunes paroles disponibles pour ce titre.	No hay letra disponible para esta canción.	Bu parça için şarkı sözü yok.	Für diesen Titel ist kein Songtext verfügbar.
bpm_nudge_description	Nudge tempo: push left to slow down, right to speed up	微调速度：向左推减慢，向右推加快	テンポを微調整：左に押すと遅く、右に押すと速くなります	Ajuster le tempo : poussez à gauche pour ralentir, à droite pour accélérer	Ajustar el tempo: empuja a la izquierda para ralentizar y a la derecha para acelerar	Tempoyu ayarla: yavaşlatmak için sola, hızlandırmak için sağa itin	Tempo anpassen: nach links schieben zum Verlangsamen, nach rechts zum Beschleunigen
bpm_song_tempo_title	Song tempo	歌曲速度	曲のテンポ	Tempo du morceau	Tempo de la canción	Şarkının temposu	Tempo des Songs
bpm_song_tempo_hint	The song's own BPM, before speed. Playback speed stays the same.	歌曲本身的 BPM，不含变速。播放速度保持不变。	速度変更前の曲本来の BPM。再生速度はそのままです。	Le BPM d'origine du morceau, avant la vitesse. La vitesse de lecture ne change pas.	El BPM original de la canción, antes de la velocidad. La velocidad de reproducción no cambia.	Hız uygulanmadan önce şarkının kendi BPM'i. Çalma hızı değişmez.	Das eigene BPM des Songs, vor der Geschwindigkeit. Die Wiedergabegeschwindigkeit bleibt gleich.
bpm_measure_again	Measure the tempo again	重新检测速度	テンポを再検出	Mesurer à nouveau le tempo	Volver a medir el tempo	Tempoyu yeniden ölç	Tempo neu messen
bpm_type_song_tempo	Type the song's tempo	输入歌曲速度	曲のテンポを入力	Saisir le tempo du morceau	Escribir el tempo de la canción	Şarkının temposunu yaz	Tempo des Songs eingeben
action_set	Set	设置	設定	Définir	Establecer	Ayarla	Festlegen
unknown_artist	Unknown artist	未知艺人	不明なアーティスト	Artiste inconnu	Artista desconocido	Bilinmeyen sanatçı	Unbekannter Künstler
dock_mixer_fx	Mixer/FX	混音/效果	ミキサー/FX	Mixeur/FX	Mezclador/FX	Mikser/FX	Mixer/FX
lyrics_none_short	No lyrics available for this track	这首歌暂无歌词	この曲の歌詞はありません	Aucunes paroles disponibles pour ce titre	No hay letra disponible para esta canción	Bu parça için şarkı sözü yok	Für diesen Titel ist kein Songtext verfügbar
action_seek	Seek	调整播放进度	再生位置	Position de lecture	Posición de reproducción	Konum	Position
audio_pipeline	Audio pipeline	音频处理链	オーディオパイプライン	Chaîne audio	Cadena de audio	Ses işlem hattı	Audio-Pipeline
error_play_track	Couldn’t play this track.	无法播放这首歌。	この曲を再生できませんでした。	Impossible de lire ce titre.	No se ha podido reproducir esta canción.	Bu parça çalınamadı.	Dieser Titel konnte nicht abgespielt werden.
error_play_tracks	Couldn’t play these tracks. Check your connection.	无法播放这些歌曲。请检查网络连接。	これらの曲を再生できませんでした。接続を確認してください。	Impossible de lire ces titres. Vérifiez votre connexion.	No se han podido reproducir estas canciones. Comprueba tu conexión.	Bu parçalar çalınamadı. Bağlantınızı kontrol edin.	Diese Titel konnten nicht abgespielt werden. Prüfe deine Verbindung.
browse_by_category	Category	分类	カテゴリ	Catégorie	Categoría	Kategori	Kategorie
browse_by_author	Author	作者	作者	Auteur	Autor	Yazar	Autor
visualizer_presets_title	Visualizer presets	可视化预设	ビジュアライザのプリセット	Préréglages du visualiseur	Presets del visualizador	Görselleştirici ön ayarları	Visualizer-Presets
action_dismiss	Dismiss	关闭	閉じる	Fermer	Cerrar	Kapat	Schließen
favourites	Favourites	收藏	お気に入り	Favoris	Favoritos	Favoriler	Favoriten
presets_no_match	No presets match “%1$s”. Search looks at names across all %2$d.	没有与“%1$s”匹配的预设。搜索范围为全部 %2$d 个预设的名称。	「%1$s」に一致するプリセットはありません。検索の対象は全 %2$d 件の名前です。	Aucun préréglage ne correspond à « %1$s ». La recherche porte sur les noms des %2$d préréglages.	Ningún preset coincide con “%1$s”. La búsqueda revisa los nombres de los %2$d presets.	“%1$s” ile eşleşen ön ayar yok. Arama, %2$d ön ayarın tümünün adlarına bakar.	Kein Preset passt zu „%1$s“. Die Suche durchsucht die Namen aller %2$d Presets.
favourites_empty	No favourites yet. Tap the heart on any preset to keep it here.	还没有收藏。点按任意预设上的心形图标即可收藏到这里。	お気に入りはまだありません。プリセットのハートをタップするとここに追加されます。	Aucun favori pour l’instant. Touchez le cœur d’un préréglage pour le garder ici.	Aún no hay favoritos. Toca el corazón de cualquier preset para guardarlo aquí.	Henüz favori yok. Burada tutmak için herhangi bir ön ayardaki kalbe dokunun.	Noch keine Favoriten. Tippe bei einem Preset auf das Herz, um es hier zu behalten.
nothing_here	Nothing here.	这里什么都没有。	ここには何もありません。	Rien ici.	No hay nada aquí.	Burada bir şey yok.	Hier ist nichts.
current	Current	当前	現在	Actuel	Actual	Geçerli	Aktuell
show_its_group	Show its group	显示所在分组	グループを表示	Afficher son groupe	Mostrar su grupo	Grubunu göster	Gruppe anzeigen
uncategorised	Uncategorised	未分类	未分類	Sans catégorie	Sin categoría	Kategorisiz	Ohne Kategorie
matches_of_total	%1$d of %2$d	%2$d 个中的 %1$d 个	%2$d 件中 %1$d 件	%1$d sur %2$d	%1$d de %2$d	%1$d / %2$d	%1$d von %2$d
presets_in_groups	%1$s in %2$s	%2$s中的%1$s	%2$sに%1$s	%1$s dans %2$s	%1$s en %2$s	%2$s içinde %1$s	%1$s in %2$s
action_back	Back	返回	戻る	Retour	Atrás	Geri	Zurück
favourite_remove	Remove from favourites	取消收藏	お気に入りから削除	Retirer des favoris	Quitar de favoritos	Favorilerden kaldır	Aus Favoriten entfernen
favourite_add	Add to favourites	加入收藏	お気に入りに追加	Ajouter aux favoris	Añadir a favoritos	Favorilere ekle	Zu Favoriten hinzufügen
presets_count#one	%1$d preset	%1$d 个预设	%1$d 件のプリセット	%1$d préréglage	%1$d preset	%1$d ön ayar	%1$d Preset
presets_count#many	%1$d presets	%1$d 个预设	%1$d 件のプリセット	%1$d préréglages	%1$d presets	%1$d ön ayar	%1$d Presets
presets_count#other	%1$d presets	%1$d 个预设	%1$d 件のプリセット	%1$d préréglages	%1$d presets	%1$d ön ayar	%1$d Presets
categories_count#one	%1$d category	%1$d 个分类	%1$d カテゴリ	%1$d catégorie	%1$d categoría	%1$d kategori	%1$d Kategorie
categories_count#many	%1$d categories	%1$d 个分类	%1$d カテゴリ	%1$d catégories	%1$d categorías	%1$d kategori	%1$d Kategorien
categories_count#other	%1$d categories	%1$d 个分类	%1$d カテゴリ	%1$d catégories	%1$d categorías	%1$d kategori	%1$d Kategorien
authors_count#one	%1$d author	%1$d 位作者	%1$d 人の作者	%1$d auteur	%1$d autor	%1$d yazar	%1$d Autor
authors_count#many	%1$d authors	%1$d 位作者	%1$d 人の作者	%1$d auteurs	%1$d autores	%1$d yazar	%1$d Autoren
authors_count#other	%1$d authors	%1$d 位作者	%1$d 人の作者	%1$d auteurs	%1$d autores	%1$d yazar	%1$d Autoren
favourites_count#one	%1$d favourite	%1$d 个收藏	お気に入り %1$d 件	%1$d favori	%1$d favorito	%1$d favori	%1$d Favorit
favourites_count#many	%1$d favourites	%1$d 个收藏	お気に入り %1$d 件	%1$d favoris	%1$d favoritos	%1$d favori	%1$d Favoriten
favourites_count#other	%1$d favourites	%1$d 个收藏	お気に入り %1$d 件	%1$d favoris	%1$d favoritos	%1$d favori	%1$d Favoriten
groups_count#one	%1$d group	%1$d 个分组	%1$d グループ	%1$d groupe	%1$d grupo	%1$d grup	%1$d Gruppe
groups_count#many	%1$d groups	%1$d 个分组	%1$d グループ	%1$d groupes	%1$d grupos	%1$d grup	%1$d Gruppen
groups_count#other	%1$d groups	%1$d 个分组	%1$d グループ	%1$d groupes	%1$d grupos	%1$d grup	%1$d Gruppen
presets_search_hint#one	Search %1$d preset	搜索 %1$d 个预设	%1$d 件のプリセットを検索	Rechercher parmi %1$d préréglage	Buscar en %1$d preset	%1$d ön ayarda ara	%1$d Preset durchsuchen
presets_search_hint#many	Search %1$d presets	搜索 %1$d 个预设	%1$d 件のプリセットを検索	Rechercher parmi %1$d préréglages	Buscar en %1$d presets	%1$d ön ayarda ara	%1$d Presets durchsuchen
presets_search_hint#other	Search %1$d presets	搜索 %1$d 个预设	%1$d 件のプリセットを検索	Rechercher parmi %1$d préréglages	Buscar en %1$d presets	%1$d ön ayarda ara	%1$d Presets durchsuchen
source_local	Local	本地	端末内	Local	Local	Yerel	Lokal
source_collection	Collection	收藏集	コレクション	Collection	Colección	Koleksiyon	Sammlung
source_live	Live	直播	ライブ	Direct	En directo	Canlı	Live
state_on	On	开	オン	Activé	Activado	Açık	An
tidal_offer_title	TIDAL couldn’t play this	TIDAL 无法播放这首歌	TIDAL で再生できませんでした	TIDAL n’a pas pu lire ce titre	TIDAL no ha podido reproducir esto	TIDAL bunu çalamadı	TIDAL konnte das nicht abspielen
tidal_offer_body	“%1$s” by %2$s isn’t available from TIDAL right now. Qobuz has the same recording. Play it from Qobuz?	%2$s 的《%1$s》目前无法在 TIDAL 上播放。Qobuz 有相同的录音版本，要从 Qobuz 播放吗？	%2$s の「%1$s」は現在 TIDAL で再生できません。Qobuz に同じ音源があります。Qobuz で再生しますか？	« %1$s » de %2$s n’est pas disponible sur TIDAL pour le moment. Qobuz propose le même enregistrement. Le lire depuis Qobuz ?	“%1$s” de %2$s no está disponible en TIDAL ahora mismo. Qobuz tiene la misma grabación. ¿Reproducirla desde Qobuz?	%2$s – “%1$s” şu anda TIDAL’da yok. Qobuz’da aynı kayıt var. Qobuz’dan çalınsın mı?	„%1$s“ von %2$s ist bei TIDAL gerade nicht verfügbar. Qobuz hat dieselbe Aufnahme. Von Qobuz abspielen?
play_from_qobuz	Play from Qobuz	从 Qobuz 播放	Qobuz で再生	Lire depuis Qobuz	Reproducir desde Qobuz	Qobuz’dan çal	Von Qobuz abspielen
action_skip	Skip	跳过	スキップ	Passer	Omitir	Atla	Überspringen
donate_title	Enjoying Tryptify?	喜欢 Tryptify 吗？	Tryptify を楽しんでいますか？	Vous aimez Tryptify ?	¿Te gusta Tryptify?	Tryptify’ı beğendiniz mi?	Gefällt dir Tryptify?
donate_detail	A tip keeps it going	打赏一点，支持它继续下去	チップが開発の支えになります	Un pourboire aide à le faire vivre	Una propina ayuda a que siga adelante	Küçük bir bağış devam etmesini sağlar	Ein Trinkgeld hält es am Laufen
dismiss_for_good	Dismiss for good	不再显示	今後は表示しない	Fermer définitivement	Cerrar para siempre	Kalıcı olarak kapat	Dauerhaft ausblenden
dont_ask_again	Don’t ask again	不再询问	今後は確認しない	Ne plus demander	No volver a preguntar	Bir daha sorma	Nicht mehr fragen
dont_show_again	Don’t show again	不再显示	今後は表示しない	Ne plus afficher	No volver a mostrar	Bir daha gösterme	Nicht mehr anzeigen
spotify_import_title	Import from Spotify	从 Spotify 导入	Spotify から読み込む	Importer depuis Spotify	Importar desde Spotify	Spotify’dan içe aktar	Aus Spotify importieren
spotify_strict_detail	Album name must match Spotify metadata	专辑名称必须与 Spotify 元数据一致	アルバム名が Spotify のメタデータと一致する必要があります	Le nom de l’album doit correspondre aux métadonnées Spotify	El nombre del álbum debe coincidir con los metadatos de Spotify	Albüm adı Spotify meta verileriyle eşleşmelidir	Der Albumname muss mit den Spotify-Metadaten übereinstimmen
spotify_liked_songs	Liked Songs	已点赞的歌曲	お気に入りの曲	Titres likés	Canciones que te gustan	Beğenilen Şarkılar	Lieblingssongs
spotify_liked_songs_detail	Your saved Spotify tracks	你在 Spotify 上收藏的歌曲	Spotify で保存した曲	Vos titres enregistrés sur Spotify	Tus canciones guardadas en Spotify	Spotify’da kaydettiğiniz parçalar	Deine gespeicherten Spotify-Titel
profile	Profile	个人资料	プロフィール	Profil	Perfil	Profil	Profil
update_available	Version %1$s is available	版本 %1$s 已推出	バージョン %1$s が利用可能です	La version %1$s est disponible	La versión %1$s está disponible	%1$s sürümü kullanıma sunuldu	Version %1$s ist verfügbar
update_available_detail	Tap to see the release on GitHub	点按在 GitHub 上查看此版本	タップして GitHub でリリースを表示	Touchez pour voir la version sur GitHub	Toca para ver la versión en GitHub	Sürümü GitHub’da görmek için dokunun	Tippe, um das Release auf GitHub zu sehen
updated_to	Updated to %1$s	已更新到 %1$s	%1$s にアップデートしました	Mis à jour vers %1$s	Actualizado a %1$s	%1$s sürümüne güncellendi	Auf %1$s aktualisiert
see_whats_new	See what’s new	查看新功能	新機能を見る	Voir les nouveautés	Ver las novedades	Yenilikleri gör	Neuerungen ansehen
search_empty_prompt	Search for your favorite music	搜索你喜爱的音乐	好きな音楽を検索	Recherchez votre musique préférée	Busca tu música favorita	Sevdiğiniz müziği arayın	Suche nach deiner Lieblingsmusik
recent_searches	Recent searches	最近搜索	最近の検索	Recherches récentes	Búsquedas recientes	Son aramalar	Letzte Suchanfragen
search_unreachable	Couldn’t reach search. Check your connection and try again.	无法连接搜索服务。请检查网络连接后重试。	検索に接続できませんでした。接続を確認して、もう一度お試しください。	Impossible d’accéder à la recherche. Vérifiez votre connexion et réessayez.	No se ha podido acceder a la búsqueda. Comprueba tu conexión y vuelve a intentarlo.	Aramaya ulaşılamadı. Bağlantınızı kontrol edip tekrar deneyin.	Die Suche ist nicht erreichbar. Prüfe deine Verbindung und versuche es erneut.
no_results	No results found	未找到结果	結果が見つかりません	Aucun résultat	No se han encontrado resultados	Sonuç bulunamadı	Keine Ergebnisse gefunden
search_hint	Search tracks, albums, artists, playlists…	搜索歌曲、专辑、艺人、歌单…	曲、アルバム、アーティスト、プレイリストを検索…	Rechercher des titres, albums, artistes, playlists…	Busca canciones, álbumes, artistas o playlists…	Parça, albüm, sanatçı, çalma listesi ara…	Titel, Alben, Künstler, Playlists suchen …
filter_all	All	全部	すべて	Tout	Todo	Tümü	Alle
filter_tracks	Tracks	歌曲	曲	Titres	Canciones	Parçalar	Titel
filter_albums	Albums	专辑	アルバム	Albums	Álbumes	Albümler	Alben
filter_artists	Artists	艺人	アーティスト	Artistes	Artistas	Sanatçılar	Künstler
filter_playlists	Playlists	歌单	プレイリスト	Playlists	Playlists	Çalma listeleri	Playlists
add_n_tracks_to_playlist#one	Add %1$d track to playlist	将 %1$d 首歌曲添加到歌单	%1$d 曲をプレイリストに追加	Ajouter %1$d titre à une playlist	Añadir %1$d canción a una playlist	%1$d parçayı çalma listesine ekle	%1$d Titel zu Playlist hinzufügen
add_n_tracks_to_playlist#many	Add %1$d tracks to playlist	将 %1$d 首歌曲添加到歌单	%1$d 曲をプレイリストに追加	Ajouter %1$d titres à une playlist	Añadir %1$d canciones a una playlist	%1$d parçayı çalma listesine ekle	%1$d Titel zu Playlist hinzufügen
add_n_tracks_to_playlist#other	Add %1$d tracks to playlist	将 %1$d 首歌曲添加到歌单	%1$d 曲をプレイリストに追加	Ajouter %1$d titres à une playlist	Añadir %1$d canciones a una playlist	%1$d parçayı çalma listesine ekle	%1$d Titel zu Playlist hinzufügen
import_done_toast	Imported %1$s into “%2$s”	已将 %1$s 导入《%2$s》	%1$s を「%2$s」に読み込みました	%1$s importés dans « %2$s »	%1$s importadas en “%2$s”	%1$s “%2$s” listesine aktarıldı	%1$s in „%2$s“ importiert
import_failed_toast	Import failed: %1$s	导入失败：%1$s	読み込みに失敗しました：%1$s	Échec de l’importation : %1$s	Error al importar: %1$s	İçe aktarma başarısız: %1$s	Import fehlgeschlagen: %1$s
recently_played	Recently played	最近播放	最近再生した項目	Écoutés récemment	Escuchado recientemente	Son çalınanlar	Zuletzt gespielt
action_show_less	Show less	收起	表示を減らす	Afficher moins	Mostrar menos	Daha az göster	Weniger anzeigen
liked_songs	Liked songs	喜欢的歌曲	お気に入りの曲	Titres aimés	Canciones que te gustan	Beğenilen şarkılar	Lieblingssongs
library_empty	Start playing music to build your library.	开始播放音乐，建立你的音乐库。	音楽を再生してライブラリを作りましょう。	Écoutez de la musique pour constituer votre bibliothèque.	Empieza a escuchar música para crear tu biblioteca.	Kitaplığınızı oluşturmak için müzik çalmaya başlayın.	Spiel Musik ab, um deine Bibliothek aufzubauen.
playlists_empty	Create a playlist to organize your music.	创建歌单来整理你的音乐。	プレイリストを作成して音楽を整理しましょう。	Créez une playlist pour organiser votre musique.	Crea una playlist para organizar tu música.	Müziğinizi düzenlemek için bir çalma listesi oluşturun.	Erstelle eine Playlist, um deine Musik zu ordnen.
download_all	Download all	全部下载	すべてダウンロード	Tout télécharger	Descargar todo	Tümünü indir	Alle herunterladen
search_liked_songs	Search liked songs	搜索喜欢的歌曲	お気に入りの曲を検索	Rechercher dans les titres aimés	Buscar en canciones que te gustan	Beğenilen şarkılarda ara	Lieblingssongs durchsuchen
liked_albums	Liked albums	喜欢的专辑	お気に入りのアルバム	Albums aimés	Álbumes que te gustan	Beğenilen albümler	Lieblingsalben
liked_artists	Liked artists	喜欢的艺人	お気に入りのアーティスト	Artistes aimés	Artistas que te gustan	Beğenilen sanatçılar	Lieblingskünstler
favorites_empty	Like tracks, albums, and artists to see them here.	喜欢歌曲、专辑和艺人后，它们会显示在这里。	曲、アルバム、アーティストをお気に入りに追加すると、ここに表示されます。	Aimez des titres, des albums et des artistes pour les retrouver ici.	Marca canciones, álbumes y artistas con Me gusta para verlos aquí.	Burada görmek için parçaları, albümleri ve sanatçıları beğenin.	Markiere Titel, Alben und Künstler mit „Gefällt mir“, um sie hier zu sehen.
category_songs	Songs	歌曲	曲	Titres	Canciones	Şarkılar	Songs
category_album_artists	Album artists	专辑艺人	アルバムアーティスト	Artistes de l’album	Artistas del álbum	Albüm sanatçıları	Albuminterpreten
category_composers	Composers	作曲家	作曲者	Compositeurs	Compositores	Besteciler	Komponisten
category_genres	Genres	流派	ジャンル	Genres	Géneros	Türler	Genres
category_years	Years	年份	年	Années	Años	Yıllar	Jahre
category_folders	Folders	文件夹	フォルダ	Dossiers	Carpetas	Klasörler	Ordner
sort_name	Name	名称	名前	Nom	Nombre	Ad	Name
sort_date	Date	日期	日付	Date	Fecha	Tarih	Datum
sort_file_type	File type	文件类型	ファイルの種類	Type de fichier	Tipo de archivo	Dosya türü	Dateityp
sort_time	Time	时长	時間	Durée	Duración	Süre	Dauer
search_local_library	Search local library…	搜索本地音乐库…	端末内のライブラリを検索…	Rechercher dans la bibliothèque locale…	Buscar en la biblioteca local…	Yerel kitaplıkta ara…	Lokale Bibliothek durchsuchen …
back_to_library	Back to library	返回音乐库	ライブラリに戻る	Retour à la bibliothèque	Volver a la biblioteca	Kitaplığa dön	Zurück zur Bibliothek
shuffle_all	Shuffle all	全部随机播放	すべてシャッフル	Tout lire en aléatoire	Aleatorio de todo	Tümünü karıştır	Alle zufällig wiedergeben
add_folder	Add folder	添加文件夹	フォルダを追加	Ajouter un dossier	Añadir carpeta	Klasör ekle	Ordner hinzufügen
action_scan	Scan	扫描	スキャン	Analyser	Escanear	Tara	Scannen
local_empty	No local music found	未找到本地音乐	端末内に音楽が見つかりません	Aucune musique locale trouvée	No se ha encontrado música local	Yerel müzik bulunamadı	Keine lokale Musik gefunden
local_empty_detail	Tap the refresh button to scan your device	点按刷新按钮扫描你的设备	更新ボタンをタップして端末をスキャンしてください	Touchez le bouton d’actualisation pour analyser votre appareil	Toca el botón de actualizar para escanear el dispositivo	Cihazınızı taramak için yenile düğmesine dokunun	Tippe auf „Aktualisieren“, um dein Gerät zu scannen
audio_permission_title	Audio permission required	需要音频权限	オーディオへのアクセス許可が必要です	Autorisation audio requise	Se necesita permiso de audio	Ses izni gerekli	Audioberechtigung erforderlich
audio_permission_denied	Tryptify needs access to your audio files to scan and play local music. Please grant the permission.	Tryptify 需要访问你的音频文件，才能扫描和播放本地音乐。请授予权限。	端末内の音楽をスキャンして再生するには、Tryptify にオーディオファイルへのアクセスを許可する必要があります。許可してください。	Tryptify doit accéder à vos fichiers audio pour analyser et lire la musique locale. Veuillez accorder l’autorisation.	Tryptify necesita acceder a tus archivos de audio para escanear y reproducir música local. Concede el permiso.	Tryptify’ın yerel müziği tarayıp çalabilmesi için ses dosyalarınıza erişmesi gerekir. Lütfen izin verin.	Tryptify braucht Zugriff auf deine Audiodateien, um lokale Musik zu scannen und abzuspielen. Bitte erteile die Berechtigung.
audio_permission_rationale	Grant access to your audio files so Tryptify can scan and play your local music library.	授予音频文件访问权限，以便 Tryptify 扫描并播放你的本地音乐库。	オーディオファイルへのアクセスを許可すると、Tryptify が端末内の音楽ライブラリをスキャンして再生できます。	Autorisez l’accès à vos fichiers audio pour que Tryptify puisse analyser et lire votre bibliothèque locale.	Permite el acceso a tus archivos de audio para que Tryptify pueda escanear y reproducir tu biblioteca local.	Tryptify’ın yerel müzik kitaplığınızı tarayıp çalabilmesi için ses dosyalarınıza erişim izni verin.	Erlaube den Zugriff auf deine Audiodateien, damit Tryptify deine lokale Musikbibliothek scannen und abspielen kann.
grant_permission	Grant permission	授予权限	許可する	Accorder l’autorisation	Conceder permiso	İzin ver	Berechtigung erteilen
scanning_file	Scanning: %1$s	正在扫描：%1$s	スキャン中：%1$s	Analyse : %1$s	Escaneando: %1$s	Taranıyor: %1$s	Wird gescannt: %1$s
scan_complete	Scan complete: %1$s, %2$s	扫描完成：%1$s，%2$s	スキャン完了：%1$s、%2$s	Analyse terminée : %1$s, %2$s	Escaneo completado: %1$s, %2$s	Tarama tamamlandı: %1$s, %2$s	Scan abgeschlossen: %1$s, %2$s
scan_error	Scan error: %1$s	扫描出错：%1$s	スキャンエラー：%1$s	Erreur d’analyse : %1$s	Error al escanear: %1$s	Tarama hatası: %1$s	Scanfehler: %1$s
count_pair	%1$s, %2$s	%1$s，%2$s	%1$s、%2$s	%1$s, %2$s	%1$s, %2$s	%1$s, %2$s	%1$s, %2$s
tracks_of_total#one	%1$d/%2$d track	%1$d/%2$d 首歌曲	%1$d/%2$d 曲	%1$d/%2$d titre	%1$d/%2$d canción	%1$d/%2$d parça	%1$d/%2$d Titel
tracks_of_total#many	%1$d/%2$d tracks	%1$d/%2$d 首歌曲	%1$d/%2$d 曲	%1$d/%2$d titres	%1$d/%2$d canciones	%1$d/%2$d parça	%1$d/%2$d Titel
tracks_of_total#other	%1$d/%2$d tracks	%1$d/%2$d 首歌曲	%1$d/%2$d 曲	%1$d/%2$d titres	%1$d/%2$d canciones	%1$d/%2$d parça	%1$d/%2$d Titel
scanning_files#one	Scanning %1$d file…	正在扫描 %1$d 个文件…	%1$d 件のファイルをスキャン中…	Analyse de %1$d fichier…	Escaneando %1$d archivo…	%1$d dosya taranıyor…	%1$d Datei wird gescannt …
scanning_files#many	Scanning %1$d files…	正在扫描 %1$d 个文件…	%1$d 件のファイルをスキャン中…	Analyse de %1$d fichiers…	Escaneando %1$d archivos…	%1$d dosya taranıyor…	%1$d Dateien werden gescannt …
scanning_files#other	Scanning %1$d files…	正在扫描 %1$d 个文件…	%1$d 件のファイルをスキャン中…	Analyse de %1$d fichiers…	Escaneando %1$d archivos…	%1$d dosya taranıyor…	%1$d Dateien werden gescannt …
files_count#one	%1$d file	%1$d 个文件	%1$d 件のファイル	%1$d fichier	%1$d archivo	%1$d dosya	%1$d Datei
files_count#many	%1$d files	%1$d 个文件	%1$d 件のファイル	%1$d fichiers	%1$d archivos	%1$d dosya	%1$d Dateien
files_count#other	%1$d files	%1$d 个文件	%1$d 件のファイル	%1$d fichiers	%1$d archivos	%1$d dosya	%1$d Dateien
new_count#one	%1$d new	%1$d 个新文件	新規 %1$d 件	%1$d nouveau	%1$d nuevo	%1$d yeni	%1$d neu
new_count#many	%1$d new	%1$d 个新文件	新規 %1$d 件	%1$d nouveaux	%1$d nuevos	%1$d yeni	%1$d neu
new_count#other	%1$d new	%1$d 个新文件	新規 %1$d 件	%1$d nouveaux	%1$d nuevos	%1$d yeni	%1$d neu
albums_count#one	%1$d album	%1$d 张专辑	%1$d 枚のアルバム	%1$d album	%1$d álbum	%1$d albüm	%1$d Album
albums_count#many	%1$d albums	%1$d 张专辑	%1$d 枚のアルバム	%1$d albums	%1$d álbumes	%1$d albüm	%1$d Alben
albums_count#other	%1$d albums	%1$d 张专辑	%1$d 枚のアルバム	%1$d albums	%1$d álbumes	%1$d albüm	%1$d Alben
delete_playlist_title	Delete playlist?	要删除歌单吗？	プレイリストを削除しますか？	Supprimer la playlist ?	¿Eliminar la playlist?	Çalma listesi silinsin mi?	Playlist löschen?
edit_playlist	Edit playlist	编辑歌单	プレイリストを編集	Modifier la playlist	Editar playlist	Çalma listesini düzenle	Playlist bearbeiten
action_save	Save	保存	保存	Enregistrer	Guardar	Kaydet	Speichern
make_private	Make private	设为私密	非公開にする	Rendre privée	Hacer privada	Gizli yap	Privat machen
make_public	Make public	设为公开	公開する	Rendre publique	Hacer pública	Herkese açık yap	Öffentlich machen
delete_playlist	Delete playlist	删除歌单	プレイリストを削除	Supprimer la playlist	Eliminar playlist	Çalma listesini sil	Playlist löschen
search_this_playlist	Search this playlist	在此歌单中搜索	このプレイリストを検索	Rechercher dans cette playlist	Buscar en esta playlist	Bu çalma listesinde ara	Diese Playlist durchsuchen
loading	Loading…	正在加载…	読み込み中…	Chargement…	Cargando…	Yükleniyor…	Wird geladen …
playlist_empty	This playlist is empty.	这个歌单是空的。	このプレイリストは空です。	Cette playlist est vide.	Esta playlist está vacía.	Bu çalma listesi boş.	Diese Playlist ist leer.
no_tracks_match	No tracks match “%1$s”.	没有与“%1$s”匹配的歌曲。	「%1$s」に一致する曲はありません。	Aucun titre ne correspond à « %1$s ».	Ninguna canción coincide con “%1$s”.	“%1$s” ile eşleşen parça yok.	Keine Titel passen zu „%1$s“.
import_failed	Import failed	导入失败	読み込みに失敗しました	Échec de l’importation	Error al importar	İçe aktarma başarısız	Import fehlgeschlagen
unknown_error	Unknown error	未知错误	不明なエラー	Erreur inconnue	Error desconocido	Bilinmeyen hata	Unbekannter Fehler
downloads_empty	No downloaded tracks found.	没有已下载的歌曲。	ダウンロードした曲はありません。	Aucun titre téléchargé.	No hay canciones descargadas.	İndirilmiş parça yok.	Keine heruntergeladenen Titel gefunden.
delete_downloads	Delete downloads	删除下载内容	ダウンロードを削除	Supprimer les téléchargements	Eliminar descargas	İndirilenleri sil	Downloads löschen
singles	Singles	单曲	シングル	Singles	Sencillos	Single’lar	Singles
action_play_all	Play all	全部播放	すべて再生	Tout lire	Reproducir todo	Tümünü çal	Alle abspielen
search_this_folder	Search this folder	在此文件夹中搜索	このフォルダを検索	Rechercher dans ce dossier	Buscar en esta carpeta	Bu klasörde ara	Diesen Ordner durchsuchen
folder_empty	No music here	这里没有音乐	ここには音楽がありません	Aucune musique ici	No hay música aquí	Burada müzik yok	Hier ist keine Musik
folder_empty_detail	Nothing under this folder has been added to your library. If you have put music here since the last scan, scan again.	此文件夹中的内容尚未添加到音乐库。如果你在上次扫描后放入了音乐，请重新扫描。	このフォルダ内のものはまだライブラリに追加されていません。前回のスキャン後に音楽を入れた場合は、もう一度スキャンしてください。	Rien dans ce dossier n’a été ajouté à votre bibliothèque. Si vous y avez placé de la musique depuis la dernière analyse, relancez-la.	No se ha añadido nada de esta carpeta a tu biblioteca. Si has puesto música aquí desde el último escaneo, vuelve a escanear.	Bu klasördeki hiçbir şey kitaplığınıza eklenmedi. Son taramadan sonra buraya müzik koyduysanız yeniden tarayın.	Aus diesem Ordner wurde nichts zu deiner Bibliothek hinzugefügt. Falls du seit dem letzten Scan Musik hineingelegt hast, scanne erneut.
scan_again	Scan again	重新扫描	再スキャン	Relancer l’analyse	Volver a escanear	Yeniden tara	Erneut scannen
remove_folder_title	Remove %1$s?	要移除 %1$s 吗？	%1$s を削除しますか？	Retirer %1$s ?	¿Quitar %1$s?	%1$s kaldırılsın mı?	%1$s entfernen?
exclude_folder_unknown	This folder and its music leave your library, and scans will skip it from now on.	此文件夹及其中的音乐将从音乐库中移除，之后的扫描也会跳过它。	このフォルダとその中の音楽がライブラリから外れ、今後のスキャンでも対象外になります。	Ce dossier et sa musique quittent votre bibliothèque, et les analyses l’ignoreront désormais.	Esta carpeta y su música salen de tu biblioteca, y los escaneos la omitirán a partir de ahora.	Bu klasör ve içindeki müzik kitaplığınızdan çıkarılır; taramalar bundan sonra onu atlar.	Dieser Ordner und seine Musik verlassen deine Bibliothek, und Scans überspringen ihn ab jetzt.
exclude_folder_files_stay	Nothing is deleted from your phone — the files stay in %1$s.	不会从手机中删除任何内容——文件仍保留在 %1$s 中。	スマートフォンからは何も削除されません。ファイルは %1$s に残ります。	Rien n’est supprimé de votre téléphone : les fichiers restent dans %1$s.	No se elimina nada del teléfono: los archivos se quedan en %1$s.	Telefonunuzdan hiçbir şey silinmez; dosyalar %1$s içinde kalır.	Auf deinem Handy wird nichts gelöscht – die Dateien bleiben in %1$s.
action_remove	Remove	移除	削除	Retirer	Quitar	Kaldır	Entfernen
playlist_file_unreadable	That file could not be read as a playlist export.	无法将该文件读取为歌单导出文件。	このファイルはプレイリストの書き出しファイルとして読み込めませんでした。	Ce fichier n’a pas pu être lu comme un export de playlist.	No se ha podido leer ese archivo como una exportación de playlist.	Bu dosya bir çalma listesi dışa aktarımı olarak okunamadı.	Diese Datei konnte nicht als Playlist-Export gelesen werden.
delete_downloads_title#one	Delete %1$d download?	要删除 %1$d 个下载项吗？	%1$d 件のダウンロードを削除しますか？	Supprimer %1$d téléchargement ?	¿Eliminar %1$d descarga?	%1$d indirme silinsin mi?	%1$d Download löschen?
delete_downloads_title#many	Delete %1$d downloads?	要删除 %1$d 个下载项吗？	%1$d 件のダウンロードを削除しますか？	Supprimer %1$d téléchargements ?	¿Eliminar %1$d descargas?	%1$d indirme silinsin mi?	%1$d Downloads löschen?
delete_downloads_title#other	Delete %1$d downloads?	要删除 %1$d 个下载项吗？	%1$d 件のダウンロードを削除しますか？	Supprimer %1$d téléchargements ?	¿Eliminar %1$d descargas?	%1$d indirme silinsin mi?	%1$d Downloads löschen?
delete_downloads_body#one	The audio file will be permanently removed from this device.	音频文件将从此设备中永久删除。	オーディオファイルはこの端末から完全に削除されます。	Le fichier audio sera définitivement supprimé de cet appareil.	El archivo de audio se eliminará de forma permanente de este dispositivo.	Ses dosyaları bu cihazdan kalıcı olarak silinecek.	Die Audiodatei wird endgültig von diesem Gerät entfernt.
delete_downloads_body#many	The audio files will be permanently removed from this device.	音频文件将从此设备中永久删除。	オーディオファイルはこの端末から完全に削除されます。	Les fichiers audio seront définitivement supprimés de cet appareil.	Los archivos de audio se eliminarán de forma permanente de este dispositivo.	Ses dosyaları bu cihazdan kalıcı olarak silinecek.	Die Audiodateien werden endgültig von diesem Gerät entfernt.
delete_downloads_body#other	The audio files will be permanently removed from this device.	音频文件将从此设备中永久删除。	オーディオファイルはこの端末から完全に削除されます。	Les fichiers audio seront définitivement supprimés de cet appareil.	Los archivos de audio se eliminarán de forma permanente de este dispositivo.	Ses dosyaları bu cihazdan kalıcı olarak silinecek.	Die Audiodateien werden endgültig von diesem Gerät entfernt.
delete_failed_count#one	Couldn’t delete %1$d file	无法删除 %1$d 个文件	%1$d 件のファイルを削除できませんでした	Impossible de supprimer %1$d fichier	No se ha podido eliminar %1$d archivo	%1$d dosya silinemedi	%1$d Datei konnte nicht gelöscht werden
delete_failed_count#many	Couldn’t delete %1$d files	无法删除 %1$d 个文件	%1$d 件のファイルを削除できませんでした	Impossible de supprimer %1$d fichiers	No se han podido eliminar %1$d archivos	%1$d dosya silinemedi	%1$d Dateien konnten nicht gelöscht werden
delete_failed_count#other	Couldn’t delete %1$d files	无法删除 %1$d 个文件	%1$d 件のファイルを削除できませんでした	Impossible de supprimer %1$d fichiers	No se han podido eliminar %1$d archivos	%1$d dosya silinemedi	%1$d Dateien konnten nicht gelöscht werden
exclude_folder_tracks#one	%1$d track leaves your library, and scans will skip it from now on.	%1$d 首歌曲将从音乐库中移除，之后的扫描也会跳过此文件夹。	%1$d 曲がライブラリから外れ、今後のスキャンでもこのフォルダは対象外になります。	%1$d titre quitte votre bibliothèque, et les analyses ignoreront ce dossier désormais.	%1$d canción sale de tu biblioteca, y los escaneos omitirán esta carpeta a partir de ahora.	%1$d parça kitaplığınızdan çıkarılır; taramalar bundan sonra bu klasörü atlar.	%1$d Titel verlässt deine Bibliothek, und Scans überspringen den Ordner ab jetzt.
exclude_folder_tracks#many	%1$d tracks leave your library, and scans will skip it from now on.	%1$d 首歌曲将从音乐库中移除，之后的扫描也会跳过此文件夹。	%1$d 曲がライブラリから外れ、今後のスキャンでもこのフォルダは対象外になります。	%1$d titres quittent votre bibliothèque, et les analyses ignoreront ce dossier désormais.	%1$d canciones salen de tu biblioteca, y los escaneos omitirán esta carpeta a partir de ahora.	%1$d parça kitaplığınızdan çıkarılır; taramalar bundan sonra bu klasörü atlar.	%1$d Titel verlassen deine Bibliothek, und Scans überspringen den Ordner ab jetzt.
exclude_folder_tracks#other	%1$d tracks leave your library, and scans will skip it from now on.	%1$d 首歌曲将从音乐库中移除，之后的扫描也会跳过此文件夹。	%1$d 曲がライブラリから外れ、今後のスキャンでもこのフォルダは対象外になります。	%1$d titres quittent votre bibliothèque, et les analyses ignoreront ce dossier désormais.	%1$d canciones salen de tu biblioteca, y los escaneos omitirán esta carpeta a partir de ahora.	%1$d parça kitaplığınızdan çıkarılır; taramalar bundan sonra bu klasörü atlar.	%1$d Titel verlassen deine Bibliothek, und Scans überspringen den Ordner ab jetzt.
search_this_album	Search this album	在此专辑中搜索	このアルバムを検索	Rechercher dans cet album	Buscar en este álbum	Bu albümde ara	Dieses Album durchsuchen
download_album	Download album	下载专辑	アルバムをダウンロード	Télécharger l’album	Descargar álbum	Albümü indir	Album herunterladen
album_type_album	Album	专辑	アルバム	Album	Álbum	Albüm	Album
album_type_single	Single	单曲	シングル	Single	Sencillo	Single	Single
album_type_compilation	Compilation	合辑	コンピレーション	Compilation	Recopilatorio	Derleme	Compilation
download_all_releases_title	Download all releases?	要下载全部作品吗？	すべての作品をダウンロードしますか？	Télécharger toutes les sorties ?	¿Descargar todos los lanzamientos?	Tüm yayınlar indirilsin mi?	Alle Veröffentlichungen herunterladen?
download_all_releases_body	This will download every track from %1$s by %2$s. Large discographies can use significant storage and data.	这将下载 %2$s 的%1$s中的所有歌曲。作品较多时会占用大量存储空间和流量。	%2$s の%1$sに含まれるすべての曲をダウンロードします。作品数が多いと、ストレージとデータ通信量を大きく消費します。	Tous les titres de %1$s de %2$s seront téléchargés. Une grande discographie peut occuper beaucoup d’espace et de données.	Se descargarán todas las canciones de %1$s de %2$s. Una discografía grande puede ocupar mucho espacio y datos.	%2$s sanatçısının %1$s içindeki tüm parçalar indirilecek. Geniş diskografiler çok fazla depolama alanı ve veri kullanabilir.	Damit werden alle Titel aus %1$s von %2$s heruntergeladen. Große Diskografien können viel Speicher und Daten belegen.
download_all_releases_body_unknown	This will download every track from %1$s by this artist. Large discographies can use significant storage and data.	这将下载该艺人%1$s中的所有歌曲。作品较多时会占用大量存储空间和流量。	このアーティストの%1$sに含まれるすべての曲をダウンロードします。作品数が多いと、ストレージとデータ通信量を大きく消費します。	Tous les titres de %1$s de cet artiste seront téléchargés. Une grande discographie peut occuper beaucoup d’espace et de données.	Se descargarán todas las canciones de %1$s de este artista. Una discografía grande puede ocupar mucho espacio y datos.	Bu sanatçının %1$s içindeki tüm parçalar indirilecek. Geniş diskografiler çok fazla depolama alanı ve veri kullanabilir.	Damit werden alle Titel aus %1$s dieses Künstlers heruntergeladen. Große Diskografien können viel Speicher und Daten belegen.
download_all_releases	Download all releases	下载全部作品	すべての作品をダウンロード	Télécharger toutes les sorties	Descargar todos los lanzamientos	Tüm yayınları indir	Alle Veröffentlichungen herunterladen
search_this_artist	Search this artist	在此艺人中搜索	このアーティストを検索	Rechercher chez cet artiste	Buscar en este artista	Bu sanatçıda ara	Diesen Künstler durchsuchen
top_tracks	Top tracks	热门歌曲	人気曲	Titres populaires	Canciones más populares	Popüler parçalar	Top-Titel
singles_and_eps	Singles & EPs	单曲和 EP	シングルと EP	Singles et EP	Sencillos y EP	Single’lar ve EP’ler	Singles & EPs
unreleased_artistgrid	Unreleased (ArtistGrid)	未发行（ArtistGrid）	未発表（ArtistGrid）	Inédits (ArtistGrid)	Inéditos (ArtistGrid)	Yayımlanmamış (ArtistGrid)	Unveröffentlicht (ArtistGrid)
similar_artists	Similar artists	相似艺人	似ているアーティスト	Artistes similaires	Artistas similares	Benzer sanatçılar	Ähnliche Künstler
all_tracks	All tracks	所有歌曲	すべての曲	Tous les titres	Todas las canciones	Tüm parçalar	Alle Titel
separator_dot	%1$s · %2$s	%1$s · %2$s	%1$s・%2$s	%1$s · %2$s	%1$s · %2$s	%1$s · %2$s	%1$s · %2$s
error_load_album	Failed to load album	无法加载专辑	アルバムを読み込めませんでした	Impossible de charger l’album	No se ha podido cargar el álbum	Albüm yüklenemedi	Album konnte nicht geladen werden
error_load_artist	Failed to load artist	无法加载艺人	アーティストを読み込めませんでした	Impossible de charger l’artiste	No se ha podido cargar el artista	Sanatçı yüklenemedi	Künstler konnte nicht geladen werden
error_album_not_found	Album not found	未找到专辑	アルバムが見つかりません	Album introuvable	No se ha encontrado el álbum	Albüm bulunamadı	Album nicht gefunden
error_artist_not_found	Artist not found	未找到艺人	アーティストが見つかりません	Artiste introuvable	No se ha encontrado el artista	Sanatçı bulunamadı	Künstler nicht gefunden
error_artist_not_in_catalogues	Couldn’t find “%1$s” in your catalogues.	在你的曲库中找不到“%1$s”。	カタログに「%1$s」が見つかりませんでした。	Impossible de trouver « %1$s » dans vos catalogues.	No se ha encontrado “%1$s” en tus catálogos.	Kataloglarınızda “%1$s” bulunamadı.	„%1$s“ wurde in deinen Katalogen nicht gefunden.
error_fetch_releases	Couldn’t fetch releases. Check your connection.	无法获取作品。请检查网络连接。	作品を取得できませんでした。接続を確認してください。	Impossible de récupérer les sorties. Vérifiez votre connexion.	No se han podido obtener los lanzamientos. Comprueba tu conexión.	Yayınlar alınamadı. Bağlantınızı kontrol edin.	Veröffentlichungen konnten nicht geladen werden. Prüfe deine Verbindung.
downloading_with_failures	%1$s (couldn’t fetch %2$s)	%1$s（无法获取 %2$s）	%1$s（%2$sを取得できませんでした）	%1$s (impossible de récupérer %2$s)	%1$s (no se han podido obtener %2$s)	%1$s (%2$s alınamadı)	%1$s (%2$s konnten nicht geladen werden)
search_genre	Search this genre	在此流派中搜索	このジャンルを検索	Rechercher dans ce genre	Buscar en este género	Bu türde ara	Dieses Genre durchsuchen
search_album_artist	Search this album artist	在此专辑艺人中搜索	このアルバムアーティストを検索	Rechercher chez cet artiste d’album	Buscar en este artista del álbum	Bu albüm sanatçısında ara	Diesen Albuminterpreten durchsuchen
search_composer	Search this composer	在此作曲家中搜索	この作曲者を検索	Rechercher chez ce compositeur	Buscar en este compositor	Bu bestecide ara	Diesen Komponisten durchsuchen
search_year	Search this year	在此年份中搜索	この年を検索	Rechercher dans cette année	Buscar en este año	Bu yılda ara	Dieses Jahr durchsuchen
unknown_genre	Unknown genre	未知流派	不明なジャンル	Genre inconnu	Género desconocido	Bilinmeyen tür	Unbekanntes Genre
unknown_album_artist	Unknown album artist	未知专辑艺人	不明なアルバムアーティスト	Artiste d’album inconnu	Artista del álbum desconocido	Bilinmeyen albüm sanatçısı	Unbekannter Albuminterpret
unknown_composer	Unknown composer	未知作曲家	不明な作曲者	Compositeur inconnu	Compositor desconocido	Bilinmeyen besteci	Unbekannter Komponist
unknown_year	Unknown year	未知年份	不明な年	Année inconnue	Año desconocido	Bilinmeyen yıl	Unbekanntes Jahr
releases_count#one	%1$d release	%1$d 个作品	%1$d 作品	%1$d sortie	%1$d lanzamiento	%1$d yayın	%1$d Veröffentlichung
releases_count#many	%1$d releases	%1$d 个作品	%1$d 作品	%1$d sorties	%1$d lanzamientos	%1$d yayın	%1$d Veröffentlichungen
releases_count#other	%1$d releases	%1$d 个作品	%1$d 作品	%1$d sorties	%1$d lanzamientos	%1$d yayın	%1$d Veröffentlichungen
downloading_tracks#one	Downloading %1$d track	正在下载 %1$d 首歌曲	%1$d 曲をダウンロード中	Téléchargement de %1$d titre	Descargando %1$d canción	%1$d parça indiriliyor	%1$d Titel wird heruntergeladen
downloading_tracks#many	Downloading %1$d tracks	正在下载 %1$d 首歌曲	%1$d 曲をダウンロード中	Téléchargement de %1$d titres	Descargando %1$d canciones	%1$d parça indiriliyor	%1$d Titel werden heruntergeladen
downloading_tracks#other	Downloading %1$d tracks	正在下载 %1$d 首歌曲	%1$d 曲をダウンロード中	Téléchargement de %1$d titres	Descargando %1$d canciones	%1$d parça indiriliyor	%1$d Titel werden heruntergeladen
show_all_tracks#one	Show all %1$d track	显示全部 %1$d 首歌曲	%1$d 曲すべてを表示	Afficher %1$d titre	Mostrar %1$d canción	%1$d parçanın tümünü göster	%1$d Titel anzeigen
show_all_tracks#many	Show all %1$d tracks	显示全部 %1$d 首歌曲	%1$d 曲すべてを表示	Afficher les %1$d titres	Mostrar las %1$d canciones	%1$d parçanın tümünü göster	Alle %1$d Titel anzeigen
show_all_tracks#other	Show all %1$d tracks	显示全部 %1$d 首歌曲	%1$d 曲すべてを表示	Afficher les %1$d titres	Mostrar las %1$d canciones	%1$d parçanın tümünü göster	Alle %1$d Titel anzeigen
l10n_lowercase_names_in_sentences	true	false	false	true	true	true	false
shelf_for_mood	For %1$s	氛围：%1$s	ムード：%1$s	Ambiance : %1$s	Ambiente: %1$s	Ruh hali: %1$s	Stimmung: %1$s
shelf_step_out_from	A step out from %1$s	%1$s的延伸	%1$sから一歩外へ	Un pas de côté : %1$s	Un paso más allá: %1$s	Bir adım öte: %1$s	Einen Schritt weiter: %1$s
shelf_genre_itself	The genre itself	该流派本身	ジャンルそのもの	Le genre lui-même	El género en sí	Türün kendisi	Das Genre selbst
shelf_next_on_map	Next to it on the map	地图上的近邻	マップ上の近接ジャンル	Voisin sur la carte	Vecino en el mapa	Haritadaki komşusu	Nachbar auf der Karte
shelf_popular_in	Popular in %1$s	%1$s 热门	%1$sで人気	Populaire en %1$s	Popular en %1$s	%1$s türünde popüler	Beliebt im Genre %1$s
shelf_by_way_of	by way of %1$s	经由 %1$s	%1$s経由	en passant par %1$s	a través de %1$s	%1$s üzerinden	über %1$s
shelf_ranked_by_plays_and_artists	ranked by plays and its most-played artists	按播放量和最常播放的艺人排序	再生数とよく再生されるアーティストで順位付け	classés par écoutes et par ses artistes les plus écoutés	ordenado por reproducciones y sus artistas más escuchados	dinlenme sayısına ve en çok dinlenen sanatçılarına göre sıralı	nach Wiedergaben und meistgespielten Künstlern sortiert
shelf_ranked_by_plays	ranked by plays	按播放量排序	再生数順	classés par écoutes	ordenado por reproducciones	dinlenme sayısına göre sıralı	nach Wiedergaben sortiert
shelf_most_played_artists	its most-played artists	最常播放的艺人	よく再生されるアーティスト	ses artistes les plus écoutés	sus artistas más escuchados	en çok dinlenen sanatçıları	die meistgespielten Künstler
shelf_matched_by_name	matched by name	按名称匹配	名前で一致	correspondance par le nom	coincidencia por nombre	ada göre eşleşti	nach Namen zugeordnet
shelf_tempo	%1$d–%2$d BPM	%1$d–%2$d BPM	%1$d–%2$d BPM	%1$d–%2$d BPM	%1$d–%2$d BPM	%1$d–%2$d BPM	%1$d–%2$d BPM
shelf_tracks_for	Tracks for %1$s	歌曲：%1$s	曲：%1$s	Titres : %1$s	Canciones: %1$s	Parçalar: %1$s	Titel: %1$s
shelf_releases_that_fit	Releases that fit %1$s	契合「%1$s」的作品	%1$sに合う作品	Sorties dans l’ambiance : %1$s	Lanzamientos con ambiente: %1$s	Uyan yayınlar: %1$s	Passende Veröffentlichungen: %1$s
shelf_artists_to_start_from	Artists to start from	从这些艺人开始	まず聴きたいアーティスト	Des artistes pour commencer	Artistas para empezar	Başlamak için sanatçılar	Künstler für den Einstieg
shelf_latest_release	Their latest release (%1$s) — you play %2$s	最新作品（%1$s）— 你常听 %2$s	最新リリース（%1$s）— %2$s をよく再生しています	Leur dernière sortie (%1$s) — vous écoutez %2$s	Su último lanzamiento (%1$s): escuchas a %2$s	En son yayınları (%1$s) — %2$s dinliyorsunuz	Neueste Veröffentlichung (%1$s) – du hörst %2$s
shelf_because_you_play	Because you play %1$s	因为你常听 %1$s	%1$s をよく聴くあなたに	Parce que vous écoutez %1$s	Porque escuchas a %1$s	%1$s dinlediğiniz için	Weil du %1$s hörst
shelf_artists_placed_next_to	Artists Qobuz places next to %1$s	Qobuz 认为与 %1$s 相近的艺人	Qobuz が %1$s の近くに位置づけるアーティスト	Artistes que Qobuz rapproche de %1$s	Artistas que Qobuz relaciona con %1$s	Qobuz’un %1$s ile ilişkilendirdiği sanatçılar	Künstler, die Qobuz neben %1$s stellt
shelf_tracks_you_hearted	Tracks you hearted	你点了心的歌曲	ハートを付けた曲	Les titres que vous avez aimés	Canciones que marcaste con un corazón	Kalp bıraktığınız parçalar	Titel mit deinem Herz
shelf_mood_albums	%1$s albums	专辑：%1$s	アルバム：%1$s	Albums : %1$s	Álbumes: %1$s	Albümler: %1$s	Alben: %1$s
shelf_mood_artists	%1$s artists	艺人：%1$s	アーティスト：%1$s	Artistes : %1$s	Artistas: %1$s	Sanatçılar: %1$s	Künstler: %1$s
shelf_new_from	New from %1$s	%1$s 的新作	%1$s の新作	Nouveautés de %1$s	Novedades de %1$s	Yeni: %1$s	Neu von %1$s
shelf_from_your_favorites	From your favorites	来自你的收藏	お気に入りから	De vos favoris	De tus favoritos	Favorilerinizden	Aus deinen Favoriten
shelf_separator	 · 	 · 	・	 · 	 · 	 · 	 · 
mood_focus	Focus	专注	集中	Concentration	Concentración	Odaklanma	Fokus
mood_late_night	Late night	深夜	深夜	Tard dans la nuit	De madrugada	Gece yarısı	Spätabends
mood_workout	Workout	健身	ワークアウト	Entraînement	Entrenamiento	Antrenman	Workout
mood_party	Party	派对	パーティー	Fête	Fiesta	Parti	Party
mood_chill	Chill	放松	チル	Détente	Relax	Sakin	Chillen
mood_commute	Commute	通勤	通勤	Trajet	Trayecto	Yolda	Pendeln
mood_wind_down	Wind down	舒缓	ひと息	Décompresser	Desconectar	Gevşeme	Runterkommen
mood_uplifting	Uplifting	振奋	高揚感	Exaltant	Optimista	Coşkulu	Erhebend
mood_sleep	Sleep	睡眠	睡眠	Sommeil	Dormir	Uyku	Schlafen
mood_rage	Rage	狂怒	怒り	Rage	Furia	Öfke	Wut
mood_unhinged	Unhinged	失控	狂乱	Déchaîné	Desquiciado	Çılgın	Entfesselt
mood_menacing	Menacing	阴森	不穏	Menaçant	Amenazante	Tehditkâr	Bedrohlich
mood_dread	Dread	恐惧	戦慄	Angoisse	Pavor	Dehşet	Grauen
mood_hypnotic	Hypnotic	催眠	催眠的	Hypnotique	Hipnótico	Hipnotik	Hypnotisch
mood_euphoric	Euphoric	狂喜	多幸感	Euphorique	Eufórico	Öforik	Euphorisch
mood_feral	Feral	野性	野性	Sauvage	Salvaje	Vahşi	Wild
mood_melancholy	Melancholy	忧郁	哀愁	Mélancolie	Melancolía	Melankoli	Melancholie
mood_swagger	Swagger	张扬	強気	Aplomb	Actitud	Havalı	Lässig
mood_doom	Doom	末日	破滅	Fatalité	Fatalidad	Kıyamet	Untergang
mood_dysphoric	Dysphoric	烦躁	不快	Dysphorique	Disfórico	Disforik	Dysphorisch
mood_blissed_out	Blissed out	极乐	至福	Béat	Extasiado	Kendinden geçmiş	Selig
mood_deep_cuts	Deep cuts	冷门佳作	隠れた名曲	Pépites cachées	Joyas ocultas	Gizli cevherler	Geheimtipps
discover_beta	Discover (Beta)	发现（测试版）	見つける（ベータ）	Découvrir (bêta)	Descubrir (beta)	Keşfet (Beta)	Entdecken (Beta)
close_genre_search	Close genre search	关闭流派搜索	ジャンル検索を閉じる	Fermer la recherche de genres	Cerrar la búsqueda de géneros	Tür aramasını kapat	Genresuche schließen
search_genres	Search genres	搜索流派	ジャンルを検索	Rechercher des genres	Buscar géneros	Tür ara	Genres suchen
show_something_else	Show me something else	换一批	別のものを見せて	Me montrer autre chose	Muéstrame otra cosa	Başka bir şey göster	Zeig mir etwas anderes
search_genres_hint	Search 771 genres — try dnb, liquid, phonk	搜索 771 种流派——试试 dnb、liquid、phonk	771 のジャンルを検索 — dnb、liquid、phonk など	Rechercher parmi 771 genres — essayez dnb, liquid, phonk	Busca entre 771 géneros: prueba dnb, liquid o phonk	771 türde ara — dnb, liquid, phonk deneyin	771 Genres durchsuchen – probier dnb, liquid, phonk
feed_end	That’s everything for this one.	这一类就这么多了。	ここにあるのはこれで全部です。	C’est tout pour celui-ci.	Eso es todo por aquí.	Bunun için hepsi bu kadar.	Mehr gibt es hier nicht.
discover_empty_feed	Nothing to show yet. Play a few tracks — Discover builds itself from what you listen to.	暂时没有内容。先播放几首歌——“发现”会根据你的收听记录生成。	まだ表示するものがありません。何曲か再生してください。「見つける」はあなたが聴いた音楽から作られます。	Rien à afficher pour l’instant. Écoutez quelques titres : Découvrir se construit à partir de ce que vous écoutez.	Aún no hay nada que mostrar. Escucha algunas canciones: Descubrir se construye a partir de lo que escuchas.	Henüz gösterilecek bir şey yok. Birkaç parça çalın; Keşfet, dinlediklerinizden oluşur.	Noch nichts zu zeigen. Spiel ein paar Titel ab – Entdecken baut sich aus dem auf, was du hörst.
discover_empty_chip	Nothing came back for that one. Try another mood, or check the Qobuz instance in Settings › Connections.	这一项没有返回结果。换一个氛围试试，或在“设置 › 连接”中检查 Qobuz 实例。	この項目では何も見つかりませんでした。別のムードを試すか、「設定 › 接続」で Qobuz インスタンスを確認してください。	Rien n’est revenu pour celui-ci. Essayez une autre ambiance, ou vérifiez l’instance Qobuz dans Paramètres › Connexions.	No ha llegado nada para esta. Prueba otro ambiente o revisa la instancia de Qobuz en Ajustes › Conexiones.	Bunun için bir şey gelmedi. Başka bir ruh hali deneyin ya da Ayarlar › Bağlantılar’dan Qobuz örneğini kontrol edin.	Dafür kam nichts zurück. Probier eine andere Stimmung oder prüfe die Qobuz-Instanz unter Einstellungen › Verbindungen.
not_interested	Not interested	不感兴趣	興味なし	Pas intéressé	No me interesa	İlgilenmiyorum	Kein Interesse
building_label	Building %1$s…	正在生成 %1$s…	%1$s を作成中…	Préparation de %1$s…	Preparando %1$s…	%1$s hazırlanıyor…	%1$s wird erstellt …
building_feed	Building your feed…	正在生成你的推荐…	おすすめを作成中…	Préparation de votre fil…	Preparando tu feed…	Akışınız hazırlanıyor…	Dein Feed wird erstellt …
no_genre_match	No genre matches that	没有匹配的流派	一致するジャンルはありません	Aucun genre ne correspond	Ningún género coincide	Eşleşen tür yok	Kein Genre passt dazu
browse_the_map	Browse the map	浏览地图	マップを見る	Parcourir la carte	Explorar el mapa	Haritaya göz at	Karte durchstöbern
pick_genres_on_map	Pick genres on the map	在地图上选择流派	マップでジャンルを選ぶ	Choisir des genres sur la carte	Elige géneros en el mapa	Haritadan tür seç	Genres auf der Karte wählen
hearted	Hearted	已点心	ハート済み	Aimé	Con corazón	Kalp bırakıldı	Mit Herz markiert
for_you	For you	为你推荐	あなたへのおすすめ	Pour vous	Para ti	Sizin için	Für dich
sort_most_popular	Most popular	最受欢迎	人気順	Les plus populaires	Más populares	En popüler	Am beliebtesten
sort_newest	Newest	最新	新しい順	Les plus récents	Más recientes	En yeni	Neueste
mix_empty	Nothing left in this mix	这个组合里已经没有内容了	このミックスには何も残っていません	Plus rien dans ce mix	No queda nada en esta mezcla	Bu karışımda bir şey kalmadı	In diesem Mix ist nichts mehr
remove_named	Remove %1$s	移除 %1$s	%1$s を削除	Retirer %1$s	Quitar %1$s	%1$s öğesini kaldır	%1$s entfernen
cities_on_air	Cities on air	正在播出的城市	放送中の都市	Villes à l’antenne	Ciudades en directo	Yayındaki şehirler	Städte auf Sendung
genre_map	Genre map	流派地图	ジャンルマップ	Carte des genres	Mapa de géneros	Tür haritası	Genre-Karte
every_genre	Every genre	所有流派	すべてのジャンル	Tous les genres	Todos los géneros	Tüm türler	Alle Genres
queue_all_of	Queue all of %1$s	将“%1$s”全部加入播放队列	「%1$s」をすべてキューに追加	Tout ajouter à la file d’attente : %1$s	Añadir todo a la cola: %1$s	Tümünü sıraya ekle: %1$s	Alles aus %1$s zur Warteschlange
hide_named	Hide %1$s	隐藏“%1$s”	「%1$s」を非表示	Masquer %1$s	Ocultar %1$s	Gizle: %1$s	%1$s ausblenden
discover	Discover	发现	見つける	Découvrir	Descubrir	Keşfet	Entdecken
shelf_gone	That shelf isn’t in the current feed any more.	当前推荐中已经没有这一栏了。	この棚は現在のおすすめにはもうありません。	Cette étagère n’est plus dans le fil actuel.	Esa fila ya no está en el feed actual.	Bu raf artık güncel akışta yok.	Diese Reihe ist nicht mehr im aktuellen Feed.
action_refresh	Refresh	刷新	更新	Actualiser	Actualizar	Yenile	Aktualisieren
play_the_chart	Play the chart	播放榜单	チャートを再生	Lire le classement	Reproducir la lista	Listeyi çal	Charts abspielen
chart_window_7d	7 days	7 天	7日間	7 jours	7 días	7 gün	7 Tage
chart_window_30d	30 days	30 天	30日間	30 jours	30 días	30 gün	30 Tage
chart_window_6m	6 months	6 个月	6か月	6 mois	6 meses	6 ay	6 Monate
chart_window_1y	1 year	1 年	1年	1 an	1 año	1 yıl	1 Jahr
chart_window_all	All time	全部时间	全期間	Depuis toujours	Todo el tiempo	Tüm zamanlar	Gesamt
chart_last_7d	the last 7 days	最近 7 天	過去7日間	les 7 derniers jours	los últimos 7 días	son 7 gün	den letzten 7 Tagen
chart_last_30d	the last 30 days	最近 30 天	過去30日間	les 30 derniers jours	los últimos 30 días	son 30 gün	den letzten 30 Tagen
chart_last_6m	the last 6 months	最近 6 个月	過去6か月	les 6 derniers mois	los últimos 6 meses	son 6 ay	den letzten 6 Monaten
chart_last_1y	the last year	最近一年	過去1年	la dernière année	el último año	son bir yıl	dem letzten Jahr
chart_fell_back	Not enough listening data for %1$s in %2$s — showing all time instead	%2$s内 %1$s 的收听数据不足——改为显示全部时间	%2$sの %1$s の再生データが不足しているため、全期間を表示しています	Pas assez de données d’écoute pour %1$s sur %2$s — affichage de tout l’historique	No hay suficientes datos de escucha de %1$s en %2$s: se muestra todo el historial	%2$s içinde %1$s için yeterli dinleme verisi yok — tüm zamanlar gösteriliyor	Nicht genug Hördaten für %1$s in %2$s – stattdessen alle Zeiten
chart_ranked_scrobbles	Ranked by global scrobbles, all time	按全球 scrobble 次数排名，全部时间	全世界の Scrobble 数で順位付け（全期間）	Classé par scrobbles mondiaux, depuis toujours	Ordenado por scrobbles globales, de todo el tiempo	Küresel scrobble sayısına göre sıralı, tüm zamanlar	Nach weltweiten Scrobbles sortiert, gesamt
chart_ranked_listens	Ranked by listens	按收听次数排名	再生数で順位付け	Classé par écoutes	Ordenado por escuchas	Dinlenmeye göre sıralı	Nach Wiedergaben sortiert
chart_with_range	%1$s, %2$s	%1$s，%2$s	%1$s、%2$s	%1$s, %2$s	%1$s, %2$s	%1$s, %2$s	%1$s, %2$s
chart_cross_checked	cross-checked with MusicBrainz	已与 MusicBrainz 交叉核对	MusicBrainz と照合済み	vérifié avec MusicBrainz	contrastado con MusicBrainz	MusicBrainz ile doğrulandı	mit MusicBrainz abgeglichen
chart_none	No chart for this window	此时间段没有榜单	この期間のチャートはありません	Aucun classement pour cette période	No hay lista para este periodo	Bu dönem için liste yok	Für diesen Zeitraum gibt es keine Charts
chart_none_detail	Windowed charts are drawn from global listening data, which thins out for smaller genres. Try a longer window, or All time.	按时间段的榜单来自全球收听数据，较小的流派数据会很少。试试更长的时间段，或“全部时间”。	期間別チャートは世界中の再生データから作られるため、小さなジャンルではデータが少なくなります。より長い期間か「全期間」をお試しください。	Les classements par période reposent sur les écoutes mondiales, qui se raréfient pour les petits genres. Essayez une période plus longue, ou Depuis toujours.	Las listas por periodo salen de datos de escucha globales, que escasean en los géneros pequeños. Prueba un periodo más largo o Todo el tiempo.	Dönemlik listeler küresel dinleme verilerinden çıkarılır ve küçük türlerde bu veri azalır. Daha uzun bir dönem ya da Tüm zamanlar’ı deneyin.	Charts für Zeiträume stammen aus weltweiten Hördaten, die bei kleineren Genres dünn werden. Probier einen längeren Zeitraum oder „Gesamt“.
chart_none_in_catalogue	None of this chart is in the catalogue	这个榜单中的歌曲都不在曲库中	このチャートの曲はカタログにありません	Aucun titre de ce classement n’est au catalogue	Nada de esta lista está en el catálogo	Bu listedeki hiçbir parça katalogda yok	Nichts aus diesen Charts ist im Katalog
chart_partial	Playing %1$d of %2$d — the rest aren’t in the catalogue	正在播放 %2$d 首中的 %1$d 首——其余不在曲库中	%2$d 曲中 %1$d 曲を再生中 — 残りはカタログにありません	Lecture de %1$d sur %2$d — les autres ne sont pas au catalogue	Reproduciendo %1$d de %2$d: el resto no está en el catálogo	%2$d parçanın %1$d tanesi çalınıyor — diğerleri katalogda yok	%1$d von %2$d werden gespielt – der Rest ist nicht im Katalog
world_radio	World radio	全球电台	世界のラジオ	Radios du monde	Radio mundial	Dünya radyoları	Weltradio
search_stations	Search stations	搜索电台	局を検索	Rechercher des stations	Buscar emisoras	İstasyon ara	Sender suchen
outline_glow	Outline glow	轮廓发光	輪郭の光	Halo des contours	Brillo del contorno	Kontur parlaması	Konturleuchten
recentre	Recentre	重新居中	中央に戻す	Recentrer	Volver a centrar	Ortala	Zentrieren
globe_caption	Dots are cities on air · sized by how many stations	圆点是正在播出的城市 · 大小表示电台数量	点は放送中の都市 · 大きさは局の数	Les points sont des villes à l’antenne · leur taille suit le nombre de stations	Los puntos son ciudades en directo · su tamaño indica cuántas emisoras hay	Noktalar yayındaki şehirlerdir · boyutları istasyon sayısını gösterir	Punkte sind Städte auf Sendung · ihre Größe zeigt die Zahl der Sender
globe_failed	The globe didn’t load.	地球没有加载出来。	地球儀を読み込めませんでした。	Le globe ne s’est pas chargé.	El globo no se ha cargado.	Küre yüklenmedi.	Der Globus wurde nicht geladen.
globe	Globe	地球	地球儀	Globe	Globo	Küre	Globus
globe_detail	Fills the continents and lights their edges in the app’s accent colour.	用应用的强调色填充大陆并点亮其边缘。	アプリのアクセントカラーで大陸を塗り、輪郭を光らせます。	Remplit les continents et éclaire leurs contours de la couleur d’accent de l’app.	Rellena los continentes e ilumina sus bordes con el color de acento de la app.	Kıtaları doldurur ve kenarlarını uygulamanın vurgu rengiyle aydınlatır.	Füllt die Kontinente und lässt ihre Ränder in der Akzentfarbe der App leuchten.
globe_land	Land	陆地	陸地	Terres	Tierra	Kara	Land
globe_land_detail	How solidly the continents fill against the ocean.	大陆相对海洋的填充程度。	海に対して大陸をどれだけ塗りつぶすか。	Opacité des continents face à l’océan.	Cuánto se rellenan los continentes frente al océano.	Kıtaların okyanusa karşı ne kadar dolu görüneceği.	Wie kräftig die Kontinente gegen den Ozean gefüllt sind.
globe_illumination	Illumination	照明	照明	Éclairage	Iluminación	Aydınlatma	Beleuchtung
globe_illumination_detail	How far the outlines shift from the map’s ink toward the accent.	轮廓从地图墨色向强调色偏移的程度。	輪郭が地図の線の色からアクセントカラーへどれだけ寄るか。	À quel point les contours passent de l’encre de la carte à la couleur d’accent.	Cuánto pasan los contornos de la tinta del mapa al color de acento.	Konturların harita renginden vurgu rengine ne kadar kayacağı.	Wie weit die Umrisse von der Kartenfarbe zur Akzentfarbe wandern.
globe_glow	Glow	发光	グロー	Halo	Brillo	Parlama	Leuchten
globe_glow_detail	Strength of the halo laid under each line.	每条线下方光晕的强度。	各線の下に敷く光の強さ。	Intensité du halo sous chaque ligne.	Intensidad del halo bajo cada línea.	Her çizginin altındaki halenin gücü.	Stärke des Lichtscheins unter jeder Linie.
globe_glow_width	Glow width	发光宽度	グローの幅	Largeur du halo	Ancho del brillo	Parlama genişliği	Leuchtbreite
globe_glow_width_detail	How far the halo spreads either side of the line.	光晕向线两侧扩散的范围。	光が線の両側にどれだけ広がるか。	Étendue du halo de part et d’autre de la ligne.	Cuánto se extiende el halo a cada lado de la línea.	Halenin çizginin iki yanına ne kadar yayılacağı.	Wie weit sich der Lichtschein zu beiden Seiten der Linie ausbreitet.
station_search_hint	Station, city or country	电台、城市或国家	局、都市、国	Station, ville ou pays	Emisora, ciudad o país	İstasyon, şehir veya ülke	Sender, Stadt oder Land
searching	Searching…	正在搜索…	検索中…	Recherche…	Buscando…	Aranıyor…	Wird gesucht …
station_directory_unreachable	Couldn’t reach the station directory.	无法连接电台目录。	局のディレクトリに接続できませんでした。	Impossible d’accéder à l’annuaire des stations.	No se ha podido acceder al directorio de emisoras.	İstasyon dizinine ulaşılamadı.	Das Senderverzeichnis ist nicht erreichbar.
nothing_by_that_name	Nothing by that name.	没有这个名字的内容。	その名前のものはありません。	Rien sous ce nom.	No hay nada con ese nombre.	Bu adla bir şey yok.	Nichts mit diesem Namen.
action_close	Close	关闭	閉じる	Fermer	Cerrar	Kapat	Schließen
tuning_in	Tuning in…	正在调频…	チューニング中…	Syntonisation…	Sintonizando…	Ayarlanıyor…	Wird eingestellt …
station_directory_unreachable_detail	Couldn’t reach the station directory. It’s the listing that’s missing, not the radio — try again in a moment.	无法连接电台目录。缺的是目录，不是电台——请稍后再试。	局のディレクトリに接続できませんでした。届かないのは一覧で、ラジオそのものではありません。しばらくしてからお試しください。	Impossible d’accéder à l’annuaire des stations. C’est la liste qui manque, pas la radio — réessayez dans un instant.	No se ha podido acceder al directorio de emisoras. Lo que falta es la lista, no la radio: vuelve a intentarlo en un momento.	İstasyon dizinine ulaşılamadı. Eksik olan radyo değil, liste — birazdan tekrar deneyin.	Das Senderverzeichnis ist nicht erreichbar. Es fehlt die Liste, nicht das Radio – versuch es gleich noch einmal.
nearby_on_air	Nearby on air	附近正在播出	近くで放送中	À proximité, à l’antenne	Cerca, en directo	Yakında yayında	In der Nähe auf Sendung
play_named	Play %1$s	播放 %1$s	%1$s を再生	Lire %1$s	Reproducir %1$s	%1$s istasyonunu çal	%1$s abspielen
open_station_website	Open %1$s’s website	打开 %1$s 的网站	%1$s のウェブサイトを開く	Ouvrir le site de %1$s	Abrir el sitio web de %1$s	%1$s web sitesini aç	Website von %1$s öffnen
station_unkeep	Remove from your stations	从你的电台中移除	マイ局から削除	Retirer de vos stations	Quitar de tus emisoras	İstasyonlarınızdan kaldırın	Aus deinen Sendern entfernen
station_keep	Keep this station	保留此电台	この局を残す	Garder cette station	Guardar esta emisora	Bu istasyonu sakla	Diesen Sender behalten
drawing_on_genres#one	Drawing on %1$d genre — tap to remove	取自 %1$d 种流派——点按可移除	%1$d ジャンルから選曲 — タップで削除	Basé sur %1$d genre — touchez pour retirer	Basado en %1$d género: toca para quitar	%1$d türden derleniyor — kaldırmak için dokunun	Aus %1$d Genre – zum Entfernen tippen
drawing_on_genres#many	Drawing on %1$d genres — tap to remove	取自 %1$d 种流派——点按可移除	%1$d ジャンルから選曲 — タップで削除	Basé sur %1$d genres — touchez pour retirer	Basado en %1$d géneros: toca para quitar	%1$d türden derleniyor — kaldırmak için dokunun	Aus %1$d Genres – zum Entfernen tippen
drawing_on_genres#other	Drawing on %1$d genres — tap to remove	取自 %1$d 种流派——点按可移除	%1$d ジャンルから選曲 — タップで削除	Basé sur %1$d genres — touchez pour retirer	Basado en %1$d géneros: toca para quitar	%1$d türden derleniyor — kaldırmak için dokunun	Aus %1$d Genres – zum Entfernen tippen
add_n_to_playlist#one	Add %1$d to playlist	将 %1$d 首添加到歌单	%1$d 曲をプレイリストに追加	Ajouter %1$d titre à une playlist	Añadir %1$d a una playlist	%1$d parçayı çalma listesine ekle	%1$d zur Playlist hinzufügen
add_n_to_playlist#many	Add %1$d to playlist	将 %1$d 首添加到歌单	%1$d 曲をプレイリストに追加	Ajouter %1$d titres à une playlist	Añadir %1$d a una playlist	%1$d parçayı çalma listesine ekle	%1$d zur Playlist hinzufügen
add_n_to_playlist#other	Add %1$d to playlist	将 %1$d 首添加到歌单	%1$d 曲をプレイリストに追加	Ajouter %1$d titres à une playlist	Añadir %1$d a una playlist	%1$d parçayı çalma listesine ekle	%1$d zur Playlist hinzufügen
cities_count#one	%1$d city	%1$d 个城市	%1$d 都市	%1$d ville	%1$d ciudad	%1$d şehir	%1$d Stadt
cities_count#many	%1$d cities	%1$d 个城市	%1$d 都市	%1$d villes	%1$d ciudades	%1$d şehir	%1$d Städte
cities_count#other	%1$d cities	%1$d 个城市	%1$d 都市	%1$d villes	%1$d ciudades	%1$d şehir	%1$d Städte
stations_count#one	%1$d station	%1$d 个电台	%1$d 局	%1$d station	%1$d emisora	%1$d istasyon	%1$d Sender
stations_count#many	%1$d stations	%1$d 个电台	%1$d 局	%1$d stations	%1$d emisoras	%1$d istasyon	%1$d Sender
stations_count#other	%1$d stations	%1$d 个电台	%1$d 局	%1$d stations	%1$d emisoras	%1$d istasyon	%1$d Sender
station_dropped#one	Nothing is on air here right now. %1$d station was listed when this map was built; the directory has since dropped it.	这里目前没有在播的电台。制作地图时列有 %1$d 个电台，目录现已将其移除。	ここでは現在放送中の局はありません。マップ作成時には %1$d 局が登録されていましたが、その後ディレクトリから削除されました。	Rien n’est à l’antenne ici pour le moment. %1$d station figurait sur la carte à sa création ; l’annuaire l’a retirée depuis.	Ahora mismo no hay nada en directo aquí. Al crear este mapa figuraba %1$d emisora; el directorio la ha retirado desde entonces.	Şu anda burada yayında olan bir şey yok. Bu harita oluşturulurken %1$d istasyon listelenmişti; dizin onları o zamandan beri kaldırdı.	Hier ist gerade nichts auf Sendung. Beim Erstellen der Karte war %1$d Sender gelistet; das Verzeichnis hat ihn inzwischen entfernt.
station_dropped#many	Nothing is on air here right now. %1$d stations were listed when this map was built; the directory has since dropped them.	这里目前没有在播的电台。制作地图时列有 %1$d 个电台，目录现已将其移除。	ここでは現在放送中の局はありません。マップ作成時には %1$d 局が登録されていましたが、その後ディレクトリから削除されました。	Rien n’est à l’antenne ici pour le moment. %1$d stations figuraient sur la carte à sa création ; l’annuaire les a retirées depuis.	Ahora mismo no hay nada en directo aquí. Al crear este mapa figuraban %1$d emisoras; el directorio las ha retirado desde entonces.	Şu anda burada yayında olan bir şey yok. Bu harita oluşturulurken %1$d istasyon listelenmişti; dizin onları o zamandan beri kaldırdı.	Hier ist gerade nichts auf Sendung. Beim Erstellen der Karte waren %1$d Sender gelistet; das Verzeichnis hat sie inzwischen entfernt.
station_dropped#other	Nothing is on air here right now. %1$d stations were listed when this map was built; the directory has since dropped them.	这里目前没有在播的电台。制作地图时列有 %1$d 个电台，目录现已将其移除。	ここでは現在放送中の局はありません。マップ作成時には %1$d 局が登録されていましたが、その後ディレクトリから削除されました。	Rien n’est à l’antenne ici pour le moment. %1$d stations figuraient sur la carte à sa création ; l’annuaire les a retirées depuis.	Ahora mismo no hay nada en directo aquí. Al crear este mapa figuraban %1$d emisoras; el directorio las ha retirado desde entonces.	Şu anda burada yayında olan bir şey yok. Bu harita oluşturulurken %1$d istasyon listelenmişti; dizin onları o zamandan beri kaldırdı.	Hier ist gerade nichts auf Sendung. Beim Erstellen der Karte waren %1$d Sender gelistet; das Verzeichnis hat sie inzwischen entfernt.
chip_electronic	Electronic	电子	エレクトロニック	Électronique	Electrónica	Elektronik	Elektronik
chip_classical	Classical	古典	クラシック	Classique	Clásica	Klasik	Klassik
chip_pop_hits	Pop hits	流行金曲	ポップヒット	Tubes pop	Éxitos pop	Pop hitleri	Pop-Hits
not_in_catalogue	“%1$s” isn’t in the catalogue	“%1$s”不在曲库中	「%1$s」はカタログにありません	« %1$s » n’est pas au catalogue	“%1$s” no está en el catálogo	“%1$s” katalogda yok	„%1$s“ ist nicht im Katalog
genres	Genres	流派	ジャンル	Genres	Géneros	Türler	Genres
collapse_everything	Collapse everything	全部收起	すべて折りたたむ	Tout réduire	Contraer todo	Tümünü daralt	Alles einklappen
expand_everything	Expand everything	全部展开	すべて展開	Tout développer	Expandir todo	Tümünü genişlet	Alles ausklappen
back_to_constellation	Back to the constellation map	返回星图	星座マップに戻る	Retour à la carte des constellations	Volver al mapa de constelaciones	Takımyıldız haritasına dön	Zurück zur Sternbildkarte
arrange_by_year	Arrange by year	按年份排列	年代順に並べる	Classer par année	Ordenar por año	Yıla göre diz	Nach Jahr anordnen
change_size_meaning	Change what size means	更改大小代表的含义	大きさの意味を変更	Changer ce que représente la taille	Cambiar qué indica el tamaño	Boyutun anlamını değiştir	Ändern, wofür die Größe steht
hide_constellations	Hide constellations	隐藏星座	星座を非表示	Masquer les constellations	Ocultar constelaciones	Takımyıldızları gizle	Sternbilder ausblenden
show_constellations	Show constellations	显示星座	星座を表示	Afficher les constellations	Mostrar constelaciones	Takımyıldızları göster	Sternbilder einblenden
timeline_caption	Oldest left, newest right — each subgenre branches under its parent	左旧右新——每个子流派都从其上级流派下分出	左が古く右が新しい — サブジャンルは親ジャンルの下に枝分かれします	Les plus anciens à gauche, les plus récents à droite — chaque sous-genre part de son parent	Los más antiguos a la izquierda, los más nuevos a la derecha: cada subgénero sale de su género padre	En eskisi solda, en yenisi sağda — her alt tür kendi üst türünün altından dallanır	Älteste links, neueste rechts – jedes Subgenre zweigt unter seinem Elterngenre ab
map_weight_popularity	Sized by listeners on Last.fm	大小表示 Last.fm 上的听众数	大きさは Last.fm のリスナー数	Taille selon les auditeurs sur Last.fm	Tamaño según los oyentes en Last.fm	Boyut, Last.fm dinleyici sayısına göre	Größe nach Hörern auf Last.fm
map_weight_era	Sized by how recent the genre is	大小表示流派的新旧程度	大きさはジャンルの新しさ	Taille selon l’ancienneté du genre	Tamaño según lo reciente que es el género	Boyut, türün ne kadar yeni olduğuna göre	Größe danach, wie jung das Genre ist
map_weight_depth	Sized by depth in the genre tree	大小表示在流派树中的层级	大きさはジャンルツリーでの深さ	Taille selon la profondeur dans l’arbre des genres	Tamaño según la profundidad en el árbol de géneros	Boyut, tür ağacındaki derinliğe göre	Größe nach Tiefe im Genre-Baum
genre_map_failed	The genre map didn’t load.	流派地图没有加载出来。	ジャンルマップを読み込めませんでした。	La carte des genres ne s’est pas chargée.	El mapa de géneros no se ha cargado.	Tür haritası yüklenmedi.	Die Genre-Karte wurde nicht geladen.
hide_history	Hide the history	隐藏历史	歴史を閉じる	Masquer l’histoire	Ocultar la historia	Tarihçeyi gizle	Geschichte ausblenden
read_history_of	Read the history of %1$s	阅读 %1$s 的历史	%1$s の歴史を読む	Lire l’histoire de %1$s	Leer la historia de %1$s	%1$s türünün tarihçesini oku	Geschichte von %1$s lesen
genre_unkeep	Remove from your genres	从你的流派中移除	マイジャンルから削除	Retirer de vos genres	Quitar de tus géneros	Türlerinizden kaldırın	Aus deinen Genres entfernen
genre_keep	Keep in your genres	保留在你的流派中	マイジャンルに残す	Garder dans vos genres	Guardar en tus géneros	Türlerinizde tutun	In deinen Genres behalten
also_called	also called %1$s	又称 %1$s	別名：%1$s	aussi appelé %1$s	también llamado %1$s	diğer adı: %1$s	auch genannt %1$s
list_separator	, 	、	、	, 	, 	, 	, 
subgenres	Subgenres	子流派	サブジャンル	Sous-genres	Subgéneros	Alt türler	Subgenres
closest_to_it	Closest to it	最接近的流派	最も近いジャンル	Les plus proches	Los más cercanos	En yakınları	Am nächsten dran
play_top	Play top	播放热门	トップを再生	Lire le top	Reproducir lo mejor	En iyileri çal	Top abspielen
top_100	Top 100	前 100	トップ100	Top 100	Top 100	İlk 100	Top 100
explore_in_discover	Explore in Discover	在“发现”中探索	「見つける」で探す	Explorer dans Découvrir	Explorar en Descubrir	Keşfet’te incele	In Entdecken erkunden
counting_them_up	Counting them up…	正在统计…	集計中…	Décompte en cours…	Contando…	Sayılıyor…	Wird gezählt …
chart_sources_unreachable	Couldn’t reach the chart sources. It’s the listing that’s missing, not the music — try again in a moment.	无法连接榜单来源。缺的是列表，不是音乐——请稍后再试。	チャートの取得元に接続できませんでした。届かないのは一覧で、音楽そのものではありません。しばらくしてからお試しください。	Impossible d’accéder aux sources du classement. C’est la liste qui manque, pas la musique — réessayez dans un instant.	No se ha podido acceder a las fuentes de la lista. Lo que falta es el listado, no la música: vuelve a intentarlo en un momento.	Liste kaynaklarına ulaşılamadı. Eksik olan müzik değil, liste — birazdan tekrar deneyin.	Die Chart-Quellen sind nicht erreichbar. Es fehlt die Liste, nicht die Musik – versuch es gleich noch einmal.
no_chart_for_genre	No chart is published for this genre.	这个流派没有发布榜单。	このジャンルのチャートは公開されていません。	Aucun classement n’est publié pour ce genre.	No hay ninguna lista publicada para este género.	Bu tür için yayımlanmış bir liste yok.	Für dieses Genre gibt es keine Charts.
looking_it_up	Looking it up…	正在查找…	調べています…	Recherche…	Buscando…	Aranıyor…	Wird nachgeschlagen …
no_verified_history	No history we could verify is written for %1$s yet. It’s on the map from the curated dataset — its lineage, tempo and era — and nothing here is invented to fill the gap.	%1$s 还没有可核实的历史介绍。它在地图上的位置来自整理过的数据集——谱系、速度和年代——这里没有为填补空白而编造任何内容。	%1$s については、確認できる歴史はまだ書かれていません。マップ上の位置は精査済みのデータセット（系譜、テンポ、年代）によるもので、空白を埋めるために作られたものはありません。	Aucune histoire vérifiable n’est encore écrite pour %1$s. Le genre figure sur la carte d’après le jeu de données de référence — sa filiation, son tempo et son époque — et rien n’a été inventé pour combler le vide.	Aún no hay ninguna historia verificable escrita sobre %1$s. Está en el mapa por el conjunto de datos curado (su linaje, tempo y época) y aquí no se inventa nada para rellenar el hueco.	%1$s için doğrulanabilir bir tarihçe henüz yazılmadı. Haritadaki yeri, derlenmiş veri kümesinden geliyor — soyu, temposu ve dönemi — ve boşluğu doldurmak için hiçbir şey uydurulmadı.	Für %1$s ist noch keine überprüfbare Geschichte geschrieben. Es steht auf der Karte aufgrund des kuratierten Datensatzes – Abstammung, Tempo und Ära – und nichts hier ist erfunden, um die Lücke zu füllen.
history_origins	Origins	起源	起源	Origines	Orígenes	Kökenler	Ursprünge
history_grew_out_of	Grew out of	源自	派生元	Issu de	Surgió de	Doğduğu türler	Hervorgegangen aus
history_led_to	Led to	衍生出	派生先	A donné naissance à	Dio lugar a	Yol açtığı türler	Führte zu
wikipedia_attribution	From “%1$s” on Wikipedia, CC BY-SA 4.0	摘自英文维基百科“%1$s”，CC BY-SA 4.0	英語版ウィキペディア「%1$s」より、CC BY-SA 4.0	D’après « %1$s » sur Wikipédia en anglais, CC BY-SA 4.0	De “%1$s” en la Wikipedia en inglés, CC BY-SA 4.0	İngilizce Vikipedi’deki “%1$s” maddesinden, CC BY-SA 4.0	Aus „%1$s“ in der englischen Wikipedia, CC BY-SA 4.0
wikipedia_attribution_section	From the “%1$s” section of “%2$s” on Wikipedia, CC BY-SA 4.0	摘自英文维基百科“%2$s”的“%1$s”部分，CC BY-SA 4.0	英語版ウィキペディア「%2$s」の「%1$s」節より、CC BY-SA 4.0	D’après la section « %1$s » de « %2$s » sur Wikipédia en anglais, CC BY-SA 4.0	De la sección “%1$s” de “%2$s” en la Wikipedia en inglés, CC BY-SA 4.0	İngilizce Vikipedi’deki “%2$s” maddesinin “%1$s” bölümünden, CC BY-SA 4.0	Aus dem Abschnitt „%1$s“ von „%2$s“ in der englischen Wikipedia, CC BY-SA 4.0
tour_sound_title	Tune your sound	调校你的声音	サウンドを調整	Réglez votre son	Ajusta tu sonido	Sesinizi ayarlayın	Stimm deinen Sound ab
tour_sound_text	Parametric EQ with AutoEQ profiles for hundreds of headphones.	参数均衡器，内置数百款耳机的 AutoEQ 配置。	数百種類のヘッドホンに対応した AutoEQ プロファイル付きパラメトリック EQ。	Égaliseur paramétrique avec des profils AutoEQ pour des centaines de casques.	Ecualizador paramétrico con perfiles AutoEQ para cientos de auriculares.	Yüzlerce kulaklık için AutoEQ profilleriyle parametrik EQ.	Parametrischer EQ mit AutoEQ-Profilen für Hunderte Kopfhörer.
tour_dsp_title	Studio-grade DSP	录音室级 DSP	スタジオ品質の DSP	DSP de qualité studio	DSP de calidad de estudio	Stüdyo kalitesinde DSP	DSP in Studioqualität
tour_dsp_text	Oxford-style Inflator and Compressor, right in the signal chain.	Oxford 风格的 Inflator 和压缩器，直接接入信号链。	Oxford スタイルの Inflator とコンプレッサーを信号経路に直接搭載。	Inflator et compresseur façon Oxford, directement dans la chaîne du signal.	Inflator y compresor al estilo Oxford, directamente en la cadena de señal.	Oxford tarzı Inflator ve kompresör, doğrudan sinyal zincirinde.	Inflator und Kompressor im Oxford-Stil, direkt in der Signalkette.
tour_hires_title	Gapless & hi-res	无缝播放与高解析度	ギャップレス & ハイレゾ	Sans blanc et haute résolution	Sin pausas y en alta resolución	Kesintisiz ve yüksek çözünürlüklü	Lückenlos & Hi-Res
tour_hires_text	Bit-perfect playback all the way up to your DAC’s limits.	比特级精确播放，直达你的 DAC 的极限。	DAC の限界までビットパーフェクトで再生。	Lecture bit-perfect jusqu’aux limites de votre DAC.	Reproducción bit-perfect hasta el límite de tu DAC.	DAC’ınızın sınırlarına kadar bit-perfect çalma.	Bit-perfekte Wiedergabe bis an die Grenzen deines DACs.
tour_radio_title	Radio that knows your library	懂你音乐库的电台	ライブラリを理解するラジオ	Une radio qui connaît votre bibliothèque	Una radio que conoce tu biblioteca	Kitaplığınızı tanıyan radyo	Radio, das deine Bibliothek kennt
tour_radio_text	Spotify recommendations, resolved to tracks you actually own.	Spotify 的推荐，匹配到你真正拥有的歌曲。	Spotify のおすすめを、実際に持っている曲に結び付けます。	Les recommandations Spotify, ramenées aux titres que vous possédez vraiment.	Recomendaciones de Spotify convertidas en canciones que de verdad tienes.	Spotify önerileri, gerçekten sahip olduğunuz parçalara eşlenir.	Spotify-Empfehlungen, aufgelöst zu Titeln, die du wirklich besitzt.
action_done	Done	完成	完了	Terminé	Listo	Bitti	Fertig
action_continue	Continue	继续	続ける	Continuer	Continuar	Devam	Weiter
folders_title	Where’s your music?	你的音乐在哪里？	音楽はどこにありますか？	Où est votre musique ?	¿Dónde está tu música?	Müziğiniz nerede?	Wo ist deine Musik?
folders_subtitle	Pick the folder(s) that hold your library. Only these are scanned.	选择存放音乐库的文件夹。只会扫描这些文件夹。	ライブラリがあるフォルダを選んでください。選んだフォルダだけがスキャンされます。	Choisissez le ou les dossiers qui contiennent votre bibliothèque. Seuls ceux-ci sont analysés.	Elige las carpetas que contienen tu biblioteca. Solo se escanean esas.	Kitaplığınızın bulunduğu klasörleri seçin. Yalnızca bunlar taranır.	Wähle die Ordner mit deiner Bibliothek. Nur diese werden gescannt.
add_music_folder	Add a music folder	添加音乐文件夹	音楽フォルダを追加	Ajouter un dossier de musique	Añadir una carpeta de música	Müzik klasörü ekle	Musikordner hinzufügen
add_another_folder	Add another folder	再添加一个文件夹	別のフォルダを追加	Ajouter un autre dossier	Añadir otra carpeta	Başka klasör ekle	Weiteren Ordner hinzufügen
counting_tracks	Counting tracks…	正在统计歌曲…	曲数を数えています…	Décompte des titres…	Contando canciones…	Parçalar sayılıyor…	Titel werden gezählt …
folder_no_tracks	No tracks found here yet — pick another folder or continue anyway.	这里还没找到歌曲——换个文件夹，或直接继续。	ここには曲が見つかりません。別のフォルダを選ぶか、このまま続けてください。	Aucun titre trouvé ici pour l’instant — choisissez un autre dossier ou continuez quand même.	Aún no hay canciones aquí: elige otra carpeta o continúa de todos modos.	Burada henüz parça bulunamadı — başka bir klasör seçin ya da yine de devam edin.	Hier wurden noch keine Titel gefunden – wähle einen anderen Ordner oder mach trotzdem weiter.
remove_folder	Remove folder	移除文件夹	フォルダを削除	Retirer le dossier	Quitar carpeta	Klasörü kaldır	Ordner entfernen
folder_unscannable	That folder can’t be scanned — pick a folder on device storage.	无法扫描该文件夹——请选择设备存储中的文件夹。	そのフォルダはスキャンできません。端末のストレージにあるフォルダを選んでください。	Ce dossier ne peut pas être analysé — choisissez un dossier sur le stockage de l’appareil.	Esa carpeta no se puede escanear: elige una carpeta del almacenamiento del dispositivo.	Bu klasör taranamıyor — cihaz depolamasından bir klasör seçin.	Dieser Ordner kann nicht gescannt werden – wähle einen Ordner im Gerätespeicher.
permissions_title	Your music, found	找到你的音乐	あなたの音楽を見つけます	Votre musique, retrouvée	Tu música, encontrada	Müziğiniz bulundu	Deine Musik, gefunden
permissions_subtitle	Tryptify needs access to your audio files to build your library.	Tryptify 需要访问你的音频文件来建立音乐库。	ライブラリを作るには、Tryptify にオーディオファイルへのアクセスが必要です。	Tryptify a besoin d’accéder à vos fichiers audio pour créer votre bibliothèque.	Tryptify necesita acceder a tus archivos de audio para crear tu biblioteca.	Tryptify’ın kitaplığınızı oluşturması için ses dosyalarınıza erişmesi gerekir.	Tryptify braucht Zugriff auf deine Audiodateien, um deine Bibliothek aufzubauen.
open_app_settings	Open app settings	打开应用设置	アプリの設定を開く	Ouvrir les paramètres de l’app	Abrir ajustes de la app	Uygulama ayarlarını aç	App-Einstellungen öffnen
allow_access	Allow access	允许访问	アクセスを許可	Autoriser l’accès	Permitir acceso	Erişime izin ver	Zugriff erlauben
permission_granted	Access granted. Your files stay on your device — nothing is uploaded.	已授予访问权限。你的文件保留在设备上——不会上传任何内容。	アクセスが許可されました。ファイルは端末内に残り、何もアップロードされません。	Accès accordé. Vos fichiers restent sur votre appareil — rien n’est envoyé.	Acceso concedido. Tus archivos se quedan en tu dispositivo: no se sube nada.	Erişim verildi. Dosyalarınız cihazınızda kalır — hiçbir şey yüklenmez.	Zugriff erteilt. Deine Dateien bleiben auf deinem Gerät – nichts wird hochgeladen.
permission_denied	Access was denied. Enable the music & audio permission in app settings to continue.	访问被拒绝。请在应用设置中开启“音乐和音频”权限后继续。	アクセスが拒否されました。続けるには、アプリの設定で「音楽とオーディオ」の権限を有効にしてください。	L’accès a été refusé. Activez l’autorisation « Musique et audio » dans les paramètres de l’app pour continuer.	Se ha denegado el acceso. Activa el permiso de música y audio en los ajustes de la app para continuar.	Erişim reddedildi. Devam etmek için uygulama ayarlarında müzik ve ses iznini etkinleştirin.	Der Zugriff wurde verweigert. Aktiviere die Berechtigung „Musik und Audio“ in den App-Einstellungen, um fortzufahren.
permission_rationale_short	Without this permission Tryptify can’t see any of your music. It’s only used to read audio files and cover art.	没有此权限，Tryptify 就看不到你的任何音乐。它只用于读取音频文件和封面。	この権限がないと、Tryptify はあなたの音楽を見つけられません。オーディオファイルとアートワークの読み取りにのみ使います。	Sans cette autorisation, Tryptify ne voit aucune de vos musiques. Elle sert uniquement à lire les fichiers audio et les pochettes.	Sin este permiso, Tryptify no puede ver tu música. Solo se usa para leer archivos de audio y portadas.	Bu izin olmadan Tryptify müziğinizi göremez. Yalnızca ses dosyalarını ve kapak resimlerini okumak için kullanılır.	Ohne diese Berechtigung sieht Tryptify keine deiner Musik. Sie wird nur zum Lesen von Audiodateien und Covern verwendet.
permission_files_stay	Your files stay on your device — the permission is only used to read audio files and cover art.	你的文件保留在设备上——此权限只用于读取音频文件和封面。	ファイルは端末内に残ります。この権限はオーディオファイルとアートワークの読み取りにのみ使います。	Vos fichiers restent sur votre appareil — l’autorisation sert uniquement à lire les fichiers audio et les pochettes.	Tus archivos se quedan en tu dispositivo: el permiso solo se usa para leer archivos de audio y portadas.	Dosyalarınız cihazınızda kalır — izin yalnızca ses dosyalarını ve kapak resimlerini okumak için kullanılır.	Deine Dateien bleiben auf deinem Gerät – die Berechtigung dient nur zum Lesen von Audiodateien und Covern.
bitperfect_title	Bit-perfect out	比特级精确输出	ビットパーフェクト出力	Sortie bit-perfect	Salida bit-perfect	Bit-perfect çıkış	Bit-perfekte Ausgabe
bitperfect_subtitle	Send audio to a USB DAC untouched — no resampling, no system mixer.	将音频原样发送到 USB DAC——不重采样，不经过系统混音器。	オーディオを USB DAC へそのまま送ります。リサンプリングもシステムミキサーもありません。	Envoyez l’audio intact à un DAC USB — sans rééchantillonnage ni mixeur système.	Envía el audio intacto a un DAC USB: sin remuestreo ni mezclador del sistema.	Sesi bir USB DAC’a olduğu gibi gönderin — yeniden örnekleme yok, sistem mikseri yok.	Schick Audio unverändert an einen USB-DAC – ohne Resampling, ohne System-Mixer.
maybe_later	Maybe later	以后再说	あとで	Plus tard	Quizá más tarde	Belki sonra	Vielleicht später
dac_detected	Detected: %1$s	已检测到：%1$s	検出：%1$s	Détecté : %1$s	Detectado: %1$s	Algılandı: %1$s	Erkannt: %1$s
enable_bitperfect_question	Enable bit-perfect output?	启用比特级精确输出吗？	ビットパーフェクト出力を有効にしますか？	Activer la sortie bit-perfect ?	¿Activar la salida bit-perfect?	Bit-perfect çıkış etkinleştirilsin mi?	Bit-perfekte Ausgabe aktivieren?
no_dac	No DAC connected	未连接 DAC	DAC が接続されていません	Aucun DAC connecté	No hay ningún DAC conectado	Bağlı DAC yok	Kein DAC verbunden
no_dac_detail	Plug one in any time — Tryptify picks it up automatically, and bit-perfect mode lives in Settings → Audio.	随时都可以插入——Tryptify 会自动识别，比特级精确模式在“设置 → 音频”中。	いつでも接続できます。Tryptify が自動で認識し、ビットパーフェクトモードは「設定 → オーディオ」にあります。	Branchez-en un quand vous voulez — Tryptify le détecte automatiquement, et le mode bit-perfect se trouve dans Paramètres → Audio.	Conecta uno cuando quieras: Tryptify lo detecta solo, y el modo bit-perfect está en Ajustes → Audio.	İstediğiniz zaman takın — Tryptify otomatik olarak algılar; bit-perfect modu Ayarlar → Ses’te.	Steck jederzeit einen an – Tryptify erkennt ihn automatisch, und der bit-perfekte Modus liegt unter Einstellungen → Audio.
streaming	Streaming	流媒体	ストリーミング	Streaming	Streaming	Akış	Streaming
streaming_subtitle	Optional — connect services now or any time in Settings.	可选——现在或之后随时在“设置”中连接服务。	任意です。今すぐ、またはいつでも「設定」でサービスに接続できます。	Facultatif — connectez des services maintenant ou plus tard dans les Paramètres.	Opcional: conecta servicios ahora o cuando quieras en Ajustes.	İsteğe bağlı — hizmetleri şimdi ya da istediğiniz zaman Ayarlar’dan bağlayın.	Optional – verbinde Dienste jetzt oder jederzeit in den Einstellungen.
skip_for_now	Skip for now	暂时跳过	今はスキップ	Passer pour l’instant	Omitir por ahora	Şimdilik atla	Vorerst überspringen
tidal_service_detail	Hi-res & lossless catalog through your TrypT HiFi instance — the default source, ready once your instance is connected.	通过你的 TrypT HiFi 实例提供高解析度与无损曲库——默认来源，连接实例后即可使用。	TrypT HiFi インスタンス経由のハイレゾ・ロスレスカタログ。既定のソースで、インスタンスを接続すればすぐ使えます。	Catalogue hi-res et sans perte via votre instance TrypT HiFi — la source par défaut, prête dès que votre instance est connectée.	Catálogo hi-res y sin pérdidas a través de tu instancia de TrypT HiFi: la fuente predeterminada, lista en cuanto conectes tu instancia.	TrypT HiFi örneğiniz üzerinden yüksek çözünürlüklü ve kayıpsız katalog — varsayılan kaynak; örneğiniz bağlanınca hazır.	Hi-Res- und Lossless-Katalog über deine TrypT-HiFi-Instanz – die Standardquelle, bereit, sobald deine Instanz verbunden ist.
set_up_in_settings	Set up in Settings	在“设置”中设置	「設定」で設定	Configurer dans les Paramètres	Configurar en Ajustes	Ayarlar’da kur	In den Einstellungen einrichten
qobuz_service_detail	Lossless & hi-res streaming through your TrypT HiFi instance. Add it under Settings → Connections → APIs — this finishes onboarding and takes you there.	通过你的 TrypT HiFi 实例提供无损与高解析度流媒体。请在“设置 → 连接 → API”中添加——这会结束引导并带你前往该页面。	TrypT HiFi インスタンス経由のロスレス・ハイレゾストリーミング。「設定 → 接続 → API」で追加します。セットアップを終えてその画面に移動します。	Streaming sans perte et hi-res via votre instance TrypT HiFi. Ajoutez-la dans Paramètres → Connexions → API — cela termine la configuration et vous y emmène.	Streaming sin pérdidas y hi-res a través de tu instancia de TrypT HiFi. Añádela en Ajustes → Conexiones → API: esto termina la configuración y te lleva allí.	TrypT HiFi örneğiniz üzerinden kayıpsız ve yüksek çözünürlüklü akış. Ayarlar → Bağlantılar → API’ler altından ekleyin — bu, kurulumu bitirip sizi oraya götürür.	Lossless- und Hi-Res-Streaming über deine TrypT-HiFi-Instanz. Füge sie unter Einstellungen → Verbindungen → APIs hinzu – damit endet die Einrichtung und du landest dort.
spotify_connected_as	Connected as %1$s — radio & recommendations, resolved to tracks you own.	已以 %1$s 身份连接——电台与推荐会匹配到你拥有的歌曲。	%1$s として接続済み — ラジオとおすすめを、持っている曲に結び付けます。	Connecté en tant que %1$s — radio et recommandations ramenées à vos titres.	Conectado como %1$s: radio y recomendaciones con canciones que tienes.	%1$s olarak bağlandı — radyo ve öneriler sahip olduğunuz parçalara eşlenir.	Verbunden als %1$s – Radio und Empfehlungen, aufgelöst zu deinen Titeln.
spotify_connected_plain	Connected — radio & recommendations, resolved to tracks you own.	已连接——电台与推荐会匹配到你拥有的歌曲。	接続済み — ラジオとおすすめを、持っている曲に結び付けます。	Connecté — radio et recommandations ramenées à vos titres.	Conectado: radio y recomendaciones con canciones que tienes.	Bağlandı — radyo ve öneriler sahip olduğunuz parçalara eşlenir.	Verbunden – Radio und Empfehlungen, aufgelöst zu deinen Titeln.
waiting_for_spotify	Waiting for Spotify…	正在等待 Spotify…	Spotify を待っています…	En attente de Spotify…	Esperando a Spotify…	Spotify bekleniyor…	Warte auf Spotify …
spotify_service_detail	Radio & recommendations, resolved to your local and Qobuz tracks.	电台与推荐，匹配到你的本地和 Qobuz 歌曲。	ラジオとおすすめを、端末内と Qobuz の曲に結び付けます。	Radio et recommandations, ramenées à vos titres locaux et Qobuz.	Radio y recomendaciones con tus canciones locales y de Qobuz.	Radyo ve öneriler, yerel ve Qobuz parçalarınıza eşlenir.	Radio und Empfehlungen, aufgelöst zu deinen lokalen und Qobuz-Titeln.
connect_spotify	Connect Spotify	连接 Spotify	Spotify に接続	Connecter Spotify	Conectar Spotify	Spotify’ı bağla	Spotify verbinden
connected	Connected	已连接	接続済み	Connecté	Conectado	Bağlandı	Verbunden
welcome_tagline	Bit-perfect, high-res playback — your library, your way.	比特级精确的高解析度播放——你的音乐库，由你做主。	ビットパーフェクトのハイレゾ再生 — あなたのライブラリを、あなたらしく。	Une lecture bit-perfect et haute résolution — votre bibliothèque, à votre façon.	Reproducción bit-perfect y en alta resolución: tu biblioteca, a tu manera.	Bit-perfect, yüksek çözünürlüklü çalma — kitaplığınız, sizin tarzınız.	Bit-perfekte Hi-Res-Wiedergabe – deine Bibliothek, wie du willst.
get_started	Get started	开始使用	はじめる	Commencer	Empezar	Başlayın	Los geht’s
skip_setup	Skip setup	跳过设置	セットアップをスキップ	Ignorer la configuration	Omitir la configuración	Kurulumu atla	Einrichtung überspringen
all_set	You’re all set	一切就绪	準備完了です	Tout est prêt	Todo listo	Her şey hazır	Alles bereit
all_set_subtitle	Tryptify will scan your library in the background.	Tryptify 会在后台扫描你的音乐库。	Tryptify はバックグラウンドでライブラリをスキャンします。	Tryptify analysera votre bibliothèque en arrière-plan.	Tryptify escaneará tu biblioteca en segundo plano.	Tryptify kitaplığınızı arka planda tarayacak.	Tryptify scannt deine Bibliothek im Hintergrund.
start_listening	Start listening	开始收听	聴き始める	Commencer l’écoute	Empezar a escuchar	Dinlemeye başlayın	Hören starten
no_folders_picked	No library folders picked yet	尚未选择音乐库文件夹	ライブラリのフォルダはまだ選ばれていません	Aucun dossier de bibliothèque choisi pour l’instant	Aún no has elegido carpetas para la biblioteca	Henüz kitaplık klasörü seçilmedi	Noch keine Bibliotheksordner gewählt
downloads_to_app_storage	Downloads → app storage	下载 → 应用存储空间	ダウンロード → アプリのストレージ	Téléchargements → stockage de l’app	Descargas → almacenamiento de la app	İndirilenler → uygulama depolaması	Downloads → App-Speicher
downloads_to_custom_folder	Downloads → custom folder	下载 → 自定义文件夹	ダウンロード → カスタムフォルダ	Téléchargements → dossier personnalisé	Descargas → carpeta personalizada	İndirilenler → özel klasör	Downloads → eigener Ordner
spotify_connected	Spotify connected	已连接 Spotify	Spotify に接続済み	Spotify connecté	Spotify conectado	Spotify bağlandı	Spotify verbunden
usb_bitperfect_enabled	USB bit-perfect output enabled	已启用 USB 比特级精确输出	USB ビットパーフェクト出力が有効	Sortie USB bit-perfect activée	Salida USB bit-perfect activada	USB bit-perfect çıkış etkin	Bit-perfekte USB-Ausgabe aktiviert
found_tracks_in_folder#one	Found %1$s track in this folder	在此文件夹中找到 %1$s 首歌曲	このフォルダで %1$s 曲見つかりました	%1$s titre trouvé dans ce dossier	%1$s canción encontrada en esta carpeta	Bu klasörde %1$s parça bulundu	%1$s Titel in diesem Ordner gefunden
found_tracks_in_folder#many	Found %1$s tracks in this folder	在此文件夹中找到 %1$s 首歌曲	このフォルダで %1$s 曲見つかりました	%1$s titres trouvés dans ce dossier	%1$s canciones encontradas en esta carpeta	Bu klasörde %1$s parça bulundu	%1$s Titel in diesem Ordner gefunden
found_tracks_in_folder#other	Found %1$s tracks in this folder	在此文件夹中找到 %1$s 首歌曲	このフォルダで %1$s 曲見つかりました	%1$s titres trouvés dans ce dossier	%1$s canciones encontradas en esta carpeta	Bu klasörde %1$s parça bulundu	%1$s Titel in diesem Ordner gefunden
folders_count#one	%1$d folder	%1$d 个文件夹	%1$d 個のフォルダ	%1$d dossier	%1$d carpeta	%1$d klasör	%1$d Ordner
folders_count#many	%1$d folders	%1$d 个文件夹	%1$d 個のフォルダ	%1$d dossiers	%1$d carpetas	%1$d klasör	%1$d Ordner
folders_count#other	%1$d folders	%1$d 个文件夹	%1$d 個のフォルダ	%1$d dossiers	%1$d carpetas	%1$d klasör	%1$d Ordner
folders_picked#one	%1$d folder picked	已选择 %1$d 个文件夹	%1$d 個のフォルダを選択	%1$d dossier choisi	%1$d carpeta elegida	%1$d klasör seçildi	%1$d Ordner gewählt
folders_picked#many	%1$d folders picked	已选择 %1$d 个文件夹	%1$d 個のフォルダを選択	%1$d dossiers choisis	%1$d carpetas elegidas	%1$d klasör seçildi	%1$d Ordner gewählt
folders_picked#other	%1$d folders picked	已选择 %1$d 个文件夹	%1$d 個のフォルダを選択	%1$d dossiers choisis	%1$d carpetas elegidas	%1$d klasör seçildi	%1$d Ordner gewählt
tracks_found#one	%1$s track found	找到 %1$s 首歌曲	%1$s 曲見つかりました	%1$s titre trouvé	%1$s canción encontrada	%1$s parça bulundu	%1$s Titel gefunden
tracks_found#many	%1$s tracks found	找到 %1$s 首歌曲	%1$s 曲見つかりました	%1$s titres trouvés	%1$s canciones encontradas	%1$s parça bulundu	%1$s Titel gefunden
tracks_found#other	%1$s tracks found	找到 %1$s 首歌曲	%1$s 曲見つかりました	%1$s titres trouvés	%1$s canciones encontradas	%1$s parça bulundu	%1$s Titel gefunden
account	Account	账户	アカウント	Compte	Cuenta	Hesap	Konto
signing_in	Signing in…	正在登录…	サインイン中…	Connexion…	Iniciando sesión…	Oturum açılıyor…	Anmeldung läuft …
user	User	用户	ユーザー	Utilisateur	Usuario	Kullanıcı	Nutzer
syncing	Syncing…	正在同步…	同期中…	Synchronisation…	Sincronizando…	Eşitleniyor…	Wird synchronisiert …
sync_now	Sync now	立即同步	今すぐ同期	Synchroniser	Sincronizar ahora	Şimdi eşitle	Jetzt synchronisieren
listening_stats	Listening stats	收听统计	再生の統計	Statistiques d’écoute	Estadísticas de escucha	Dinleme istatistikleri	Hörstatistik
sign_out	Sign out	退出登录	サインアウト	Se déconnecter	Cerrar sesión	Oturumu kapat	Abmelden
sign_in_to_tryptify	Sign in to Tryptify	登录 Tryptify	Tryptify にサインイン	Se connecter à Tryptify	Inicia sesión en Tryptify	Tryptify’da oturum açın	Bei Tryptify anmelden
sign_in_benefit	Sync your favorites and playlists across devices	在多台设备间同步你的收藏和歌单	お気に入りとプレイリストをデバイス間で同期	Synchronisez vos favoris et playlists sur tous vos appareils	Sincroniza tus favoritos y playlists entre dispositivos	Favorilerinizi ve çalma listelerinizi cihazlar arasında eşitleyin	Synchronisiere Favoriten und Playlists auf all deinen Geräten
continue_with_google	Continue with Google	使用 Google 继续	Google で続ける	Continuer avec Google	Continuar con Google	Google ile devam et	Mit Google fortfahren
email	Email	电子邮件	メールアドレス	E-mail	Correo electrónico	E-posta	E-Mail
password	Password	密码	パスワード	Mot de passe	Contraseña	Şifre	Passwort
toggle_password	Show or hide password	显示或隐藏密码	パスワードの表示/非表示	Afficher ou masquer le mot de passe	Mostrar u ocultar contraseña	Şifreyi göster veya gizle	Passwort ein- oder ausblenden
create_account	Create account	创建账户	アカウントを作成	Créer un compte	Crear cuenta	Hesap oluştur	Konto erstellen
sign_in_with_email	Sign in with email	使用电子邮件登录	メールでサインイン	Se connecter par e-mail	Iniciar sesión con correo	E-postayla oturum aç	Mit E-Mail anmelden
have_account_sign_in	Already have an account? Sign in	已有账户？登录	アカウントをお持ちの方はサインイン	Vous avez déjà un compte ? Connectez-vous	¿Ya tienes cuenta? Inicia sesión	Hesabınız var mı? Oturum açın	Schon ein Konto? Anmelden
no_account_sign_up	Don’t have an account? Sign up	没有账户？注册	アカウントをお持ちでない方は登録	Pas de compte ? Inscrivez-vous	¿No tienes cuenta? Regístrate	Hesabınız yok mu? Kaydolun	Noch kein Konto? Registrieren
sync_complete	Sync complete	同步完成	同期が完了しました	Synchronisation terminée	Sincronización completada	Eşitleme tamamlandı	Synchronisierung abgeschlossen
sync_with_issues	Sync finished with issues: %1$s	同步完成，但存在问题：%1$s	同期は完了しましたが、問題がありました：%1$s	Synchronisation terminée avec des problèmes : %1$s	Sincronización completada con problemas: %1$s	Eşitleme sorunlarla tamamlandı: %1$s	Synchronisierung mit Problemen beendet: %1$s
sync_failed	Sync failed: %1$s	同步失败：%1$s	同期に失敗しました：%1$s	Échec de la synchronisation : %1$s	Error de sincronización: %1$s	Eşitleme başarısız: %1$s	Synchronisierung fehlgeschlagen: %1$s
stats_range_7d	7d	7天	7日	7 j	7 d	7 g	7 T
stats_range_30d	30d	30天	30日	30 j	30 d	30 g	30 T
stats_range_90d	90d	90天	90日	90 j	90 d	90 g	90 T
stats_range_1y	1y	1年	1年	1 an	1 año	1 yıl	1 J
stats_range_all	All	全部	すべて	Tout	Todo	Tümü	Alle
stats_sign_in_to_sync	Sign in to sync stats across devices	登录以在多台设备间同步统计	サインインすると統計をデバイス間で同期できます	Connectez-vous pour synchroniser les statistiques sur vos appareils	Inicia sesión para sincronizar las estadísticas entre dispositivos	İstatistikleri cihazlar arasında eşitlemek için oturum açın	Melde dich an, um die Statistik geräteübergreifend zu synchronisieren
plays_over_time	Plays over time	播放趋势	再生回数の推移	Écoutes dans le temps	Reproducciones a lo largo del tiempo	Zaman içinde dinlenmeler	Wiedergaben im Zeitverlauf
time_of_day	Time of day	一天中的时段	時間帯	Moment de la journée	Hora del día	Günün saati	Tageszeit
day_of_week	Day of week	星期	曜日	Jour de la semaine	Día de la semana	Haftanın günü	Wochentag
top_artists	Top artists	热门艺人	トップアーティスト	Artistes les plus écoutés	Artistas más escuchados	En çok dinlenen sanatçılar	Top-Künstler
top_albums	Top albums	热门专辑	トップアルバム	Albums les plus écoutés	Álbumes más escuchados	En çok dinlenen albümler	Top-Alben
audio_quality	Audio quality	音质	音質	Qualité audio	Calidad de audio	Ses kalitesi	Audioqualität
source	Source	来源	ソース	Source	Origen	Kaynak	Quelle
peak_hour	Peak hour	高峰时段	ピーク時間	Heure de pointe	Hora punta	En yoğun saat	Spitzenstunde
peak_day	Peak day	高峰日	ピーク曜日	Jour de pointe	Día punta	En yoğun gün	Spitzentag
longest_streak	Longest streak	最长连续天数	最長連続記録	Plus longue série	Racha más larga	En uzun seri	Längste Serie
no_plays_for_range	No plays yet for this range.	这个时间段还没有播放记录。	この期間の再生はまだありません。	Aucune écoute sur cette période pour l’instant.	Aún no hay reproducciones en este periodo.	Bu aralıkta henüz dinleme yok.	In diesem Zeitraum gibt es noch keine Wiedergaben.
range_last_7d	Last 7 days	最近 7 天	過去7日間	7 derniers jours	Últimos 7 días	Son 7 gün	Letzte 7 Tage
range_last_30d	Last 30 days	最近 30 天	過去30日間	30 derniers jours	Últimos 30 días	Son 30 gün	Letzte 30 Tage
range_last_90d	Last 90 days	最近 90 天	過去90日間	90 derniers jours	Últimos 90 días	Son 90 gün	Letzte 90 Tage
range_last_12m	Last 12 months	最近 12 个月	過去12か月	12 derniers mois	Últimos 12 meses	Son 12 ay	Letzte 12 Monate
synced_when	Synced %1$s	%1$s已同步	%1$sに同期	Synchronisé %1$s	Sincronizado %1$s	%1$s eşitlendi	Synchronisiert %1$s
total_plays	Total plays	总播放次数	総再生回数	Écoutes au total	Reproducciones totales	Toplam dinlenme	Wiedergaben insgesamt
music_enthusiast	You’re a music enthusiast!	你是个音乐爱好者！	あなたは音楽好きですね！	Vous êtes un vrai passionné de musique !	¡Eres un amante de la música!	Tam bir müzik tutkunusunuz!	Du bist ein echter Musikfan!
eq_settings	EQ settings	均衡器设置	EQ 設定	Réglages de l’égaliseur	Ajustes del ecualizador	EQ ayarları	EQ-Einstellungen
number_of_bands	Number of bands	频段数	バンド数	Nombre de bandes	Número de bandas	Bant sayısı	Anzahl der Bänder
frequency_range_note	Frequency range: 20 Hz – 20,000 Hz	频率范围：20 Hz – 20,000 Hz	周波数範囲：20 Hz～20,000 Hz	Plage de fréquences : 20 Hz – 20 000 Hz	Rango de frecuencias: 20 Hz – 20.000 Hz	Frekans aralığı: 20 Hz – 20.000 Hz	Frequenzbereich: 20 Hz – 20.000 Hz
band_count_note	Higher band count = more precise EQ control	频段越多，均衡调节越精细	バンド数が多いほど細かく EQ を調整できます	Plus de bandes = un réglage plus précis	Más bandas = un control de EQ más preciso	Daha fazla bant = daha hassas EQ kontrolü	Mehr Bänder = präzisere EQ-Steuerung
close_car_mode	Close car mode	关闭车载模式	カーモードを閉じる	Fermer le mode voiture	Cerrar el modo coche	Araç modunu kapat	Automodus schließen
not_playing	Not playing	未在播放	再生していません	Aucune lecture	Sin reproducción	Çalmıyor	Keine Wiedergabe
downloading	Downloading	正在下载	ダウンロード中	Téléchargement	Descargando	İndiriliyor	Wird heruntergeladen
hide_downloads	Hide downloads	隐藏下载	ダウンロードを非表示	Masquer les téléchargements	Ocultar descargas	İndirilenleri gizle	Downloads ausblenden
cancel_all	Cancel all	全部取消	すべてキャンセル	Tout annuler	Cancelar todo	Tümünü iptal et	Alle abbrechen
no_active_downloads	No active downloads.	没有正在进行的下载。	実行中のダウンロードはありません。	Aucun téléchargement en cours.	No hay descargas activas.	Etkin indirme yok.	Keine aktiven Downloads.
failed_tap_retry	Failed — tap retry	失败——点按重试	失敗しました — タップで再試行	Échec — touchez pour réessayer	Error: toca para reintentar	Başarısız — tekrar denemek için dokunun	Fehlgeschlagen – zum Wiederholen tippen
speaker_simulation	Speaker simulation	扬声器模拟	スピーカーシミュレーション	Simulation d’enceintes	Simulación de altavoces	Hoparlör simülasyonu	Lautsprechersimulation
crossfeed_explainer	Feeds a small amount of each channel into the opposite ear, slightly delayed and low-pass filtered, so headphones sound more like a pair of speakers.	把每个声道的少量信号经轻微延迟和低通滤波后送入另一侧耳朵，让耳机听起来更像一对音箱。	各チャンネルの音を少しだけ反対側の耳へ、わずかに遅らせてローパスをかけて送ることで、ヘッドホンをスピーカーのように鳴らします。	Envoie un peu de chaque canal vers l’oreille opposée, légèrement retardé et filtré passe-bas, pour que le casque sonne davantage comme une paire d’enceintes.	Envía un poco de cada canal al oído contrario, con un ligero retardo y filtro paso bajo, para que los auriculares suenen más como un par de altavoces.	Her kanalın küçük bir kısmını hafif gecikmeli ve alçak geçiren filtreden geçirilmiş olarak karşı kulağa verir; böylece kulaklık bir çift hoparlör gibi duyulur.	Leitet einen kleinen Teil jedes Kanals leicht verzögert und tiefpassgefiltert ans andere Ohr, damit Kopfhörer eher wie ein Lautsprecherpaar klingen.
algorithm	Algorithm	算法	アルゴリズム	Algorithme	Algoritmo	Algoritma	Algorithmus
speaker_angle	Speaker angle	扬声器角度	スピーカーの角度	Angle des enceintes	Ángulo de los altavoces	Hoparlör açısı	Lautsprecherwinkel
speaker_angle_note	Narrow angles give the strongest crossfeed. At 180° the speakers sit at your ears and no crossfeed is applied.	角度越窄，交叉馈送越强。为 180° 时扬声器位于双耳处，不施加交叉馈送。	角度が狭いほどクロスフィードは強くなります。180° ではスピーカーが耳の位置にあり、クロスフィードはかかりません。	Plus l’angle est étroit, plus le crossfeed est fort. À 180°, les enceintes sont à vos oreilles et aucun crossfeed n’est appliqué.	Cuanto más estrecho el ángulo, más fuerte el crossfeed. A 180°, los altavoces están en tus oídos y no se aplica crossfeed.	Dar açılar en güçlü crossfeed’i verir. 180°’de hoparlörler kulaklarınızın yanındadır ve crossfeed uygulanmaz.	Enge Winkel ergeben das stärkste Crossfeed. Bei 180° sitzen die Lautsprecher an deinen Ohren und es wird kein Crossfeed angewendet.
plays_count#one	%1$s play	%1$s 次播放	%1$s 回再生	%1$s écoute	%1$s reproducción	%1$s dinlenme	%1$s Wiedergabe
plays_count#many	%1$s plays	%1$s 次播放	%1$s 回再生	%1$s écoutes	%1$s reproducciones	%1$s dinlenme	%1$s Wiedergaben
plays_count#other	%1$s plays	%1$s 次播放	%1$s 回再生	%1$s écoutes	%1$s reproducciones	%1$s dinlenme	%1$s Wiedergaben
sessions_count#one	%1$s session	%1$s 次会话	%1$s セッション	%1$s session	%1$s sesión	%1$s oturum	%1$s Sitzung
sessions_count#many	%1$s sessions	%1$s 次会话	%1$s セッション	%1$s sessions	%1$s sesiones	%1$s oturum	%1$s Sitzungen
sessions_count#other	%1$s sessions	%1$s 次会话	%1$s セッション	%1$s sessions	%1$s sesiones	%1$s oturum	%1$s Sitzungen
day_streak#one	%1$d-day streak	连续 %1$d 天	%1$d日連続	Série de %1$d jour	Racha de %1$d día	%1$d günlük seri	%1$d Tag in Folge
day_streak#many	%1$d-day streak	连续 %1$d 天	%1$d日連続	Série de %1$d jours	Racha de %1$d días	%1$d günlük seri	%1$d Tage in Folge
day_streak#other	%1$d-day streak	连续 %1$d 天	%1$d日連続	Série de %1$d jours	Racha de %1$d días	%1$d günlük seri	%1$d Tage in Folge
days_count#one	%1$d day	%1$d 天	%1$d日	%1$d jour	%1$d día	%1$d gün	%1$d Tag
days_count#many	%1$d days	%1$d 天	%1$d日	%1$d jours	%1$d días	%1$d gün	%1$d Tage
days_count#other	%1$d days	%1$d 天	%1$d日	%1$d jours	%1$d días	%1$d gün	%1$d Tage
eq_bands#one	EQ (%1$d band)	均衡器（%1$d 段）	EQ（%1$d バンド）	Égaliseur (%1$d bande)	EQ (%1$d banda)	EQ (%1$d bant)	EQ (%1$d Band)
eq_bands#many	EQ (%1$d bands)	均衡器（%1$d 段）	EQ（%1$d バンド）	Égaliseur (%1$d bandes)	EQ (%1$d bandas)	EQ (%1$d bant)	EQ (%1$d Bänder)
eq_bands#other	EQ (%1$d bands)	均衡器（%1$d 段）	EQ（%1$d バンド）	Égaliseur (%1$d bandes)	EQ (%1$d bandas)	EQ (%1$d bant)	EQ (%1$d Bänder)
downloads_left#one	Downloading · %1$d left	正在下载 · 剩余 %1$d 个	ダウンロード中 · 残り %1$d 件	Téléchargement · %1$d restant	Descargando · queda %1$d	İndiriliyor · %1$d kaldı	Wird heruntergeladen · noch %1$d
downloads_left#many	Downloading · %1$d left	正在下载 · 剩余 %1$d 个	ダウンロード中 · 残り %1$d 件	Téléchargement · %1$d restants	Descargando · quedan %1$d	İndiriliyor · %1$d kaldı	Wird heruntergeladen · noch %1$d
downloads_left#other	Downloading · %1$d left	正在下载 · 剩余 %1$d 个	ダウンロード中 · 残り %1$d 件	Téléchargement · %1$d restants	Descargando · quedan %1$d	İndiriliyor · %1$d kaldı	Wird heruntergeladen · noch %1$d
settings_back	Back	返回	戻る	Retour	Atrás	Geri	Zurück
settings_find_a_setting	Find a setting	查找设置	設定を検索	Rechercher un paramètre	Buscar un ajuste	Ayar bul	Einstellung suchen
settings_no_setting_by_that_name	No setting by that name.	没有这个名称的设置。	その名前の設定はありません。	Aucun paramètre de ce nom.	No hay ningún ajuste con ese nombre.	Bu adla bir ayar yok.	Keine Einstellung mit diesem Namen.
settings_enable_autoeq_equalizer	Enable AutoEQ/Equalizer	启用 AutoEQ/均衡器	AutoEQ/イコライザを有効にする	Activer AutoEQ/l’égaliseur	Activar AutoEQ/ecualizador	AutoEQ/Ekolayzer’ı etkinleştir	AutoEQ/Equalizer aktivieren
settings_apply_eq_processing_to_playback	Apply EQ processing to playback	对播放应用均衡处理	再生に EQ 処理を適用	Appliquer l’égalisation à la lecture	Aplicar el ecualizador a la reproducción	EQ işlemesini çalmaya uygula	EQ-Verarbeitung auf die Wiedergabe anwenden
settings_system_wide_autoeq	System-wide AutoEQ	全局 AutoEQ	システム全体の AutoEQ	AutoEQ à l’échelle du système	AutoEQ en todo el sistema	Sistem genelinde AutoEQ	Systemweites AutoEQ
settings_apply_your_autoeq_tone_to_all_device_audio	Apply your AutoEQ + tone to all device audio (device-permitting)	将你的 AutoEQ 和音调应用到设备上的所有音频（视设备支持情况）	AutoEQ とトーンを端末のすべての音声に適用（端末が対応している場合）	Appliquer votre AutoEQ et votre tonalité à tout le son de l’appareil (si l’appareil le permet)	Aplicar tu AutoEQ y tono a todo el audio del dispositivo (si el dispositivo lo permite)	AutoEQ ve ton ayarınızı cihazdaki tüm seslere uygulayın (cihaz izin veriyorsa)	AutoEQ und Klang auf den gesamten Gerätesound anwenden (sofern das Gerät es erlaubt)
settings_beta	Beta	测试版	ベータ	Bêta	Beta	Beta	Beta
settings_swaps_the_app_s_exact_correction_for_a_coarser	Swaps the app's exact correction for a coarser global one, and some devices ignore it entirely. Turn it on to correct other apps.	会把应用内的精确校正换成较粗略的全局校正，而且有些设备会完全忽略它。开启后可校正其他应用的声音。	アプリ内の精密な補正を大まかなシステム全体の補正に切り替えます。端末によっては完全に無視されます。他のアプリの音を補正したいときにオンにしてください。	Remplace la correction précise de l’app par une correction globale plus approximative, et certains appareils l’ignorent complètement. Activez-la pour corriger les autres apps.	Cambia la corrección exacta de la app por una global menos precisa, y algunos dispositivos la ignoran por completo. Actívala para corregir otras apps.	Uygulamanın hassas düzeltmesini daha kaba, genel bir düzeltmeyle değiştirir; bazı cihazlar bunu tamamen yok sayar. Diğer uygulamaları düzeltmek için açın.	Ersetzt die exakte Korrektur der App durch eine gröbere globale, und manche Geräte ignorieren sie ganz. Schalte sie ein, um andere Apps zu korrigieren.
settings_target_curve	Target Curve	目标曲线	ターゲットカーブ	Courbe cible	Curva objetivo	Hedef eğri	Zielkurve
settings_headphone	Headphone	耳机	ヘッドホン	Casque	Auriculares	Kulaklık	Kopfhörer
settings_active	Active	当前	使用中	Actif	Activo	Etkin	Aktiv
settings_delete_preset	Delete preset	删除预设	プリセットを削除	Supprimer le préréglage	Eliminar preset	Ön ayarı sil	Preset löschen
settings_player_visuals_studio	Player Visuals Studio	播放器视觉工作室	プレーヤービジュアル スタジオ	Studio visuel du lecteur	Estudio visual del reproductor	Oynatıcı Görsel Stüdyosu	Player-Visuals-Studio
settings_color_theme	Color Theme	颜色主题	カラーテーマ	Thème de couleurs	Tema de color	Renk teması	Farbschema
settings_custom_colors	Custom colors	自定义颜色	カスタムカラー	Couleurs personnalisées	Colores personalizados	Özel renkler	Eigene Farben
settings_pick_your_own_accent_and_background_overrides	Pick your own accent and background. Overrides the theme above	选择你自己的强调色和背景色，将覆盖上方的主题	アクセントカラーと背景色を自分で選びます。上のテーマより優先されます	Choisissez votre couleur d’accent et votre arrière-plan. Remplace le thème ci-dessus	Elige tu propio color de acento y fondo. Sustituye al tema de arriba	Kendi vurgu ve arka plan renginizi seçin. Yukarıdaki temanın yerine geçer	Wähle eigene Akzent- und Hintergrundfarben. Ersetzt das Farbschema oben
settings_accent	Accent	强调色	アクセント	Accent	Acento	Vurgu	Akzent
settings_background	Background	背景	背景	Arrière-plan	Fondo	Arka plan	Hintergrund
settings_accent_color	Accent color	强调色	アクセントカラー	Couleur d’accent	Color de acento	Vurgu rengi	Akzentfarbe
settings_background_color	Background color	背景色	背景色	Couleur d’arrière-plan	Color de fondo	Arka plan rengi	Hintergrundfarbe
settings_dynamic_colors	Dynamic Colors	动态颜色	ダイナミックカラー	Couleurs dynamiques	Colores dinámicos	Dinamik renkler	Dynamische Farben
settings_tint_the_player_mini_player_and_lyrics_from	Tint the player, mini player and lyrics from album art. The menus keep the theme color. Off, everything uses the theme color	根据专辑封面为播放器、迷你播放器和歌词着色，菜单保持主题颜色。关闭后全部使用主题颜色	プレーヤー、ミニプレーヤー、歌詞をアルバムアートの色で染めます。メニューはテーマの色のままです。オフにするとすべてテーマの色になります	Teinte le lecteur, le mini-lecteur et les paroles d’après la pochette. Les menus gardent la couleur du thème. Désactivé, tout utilise la couleur du thème	Tiñe el reproductor, el minirreproductor y la letra con la portada. Los menús mantienen el color del tema. Desactivado, todo usa el color del tema	Oynatıcıyı, mini oynatıcıyı ve şarkı sözlerini albüm kapağına göre renklendirir. Menüler tema rengini korur. Kapalıyken her şey tema rengini kullanır	Färbt Player, Mini-Player und Songtext nach dem Albumcover. Die Menüs behalten die Farbe des Schemas. Aus: Alles nutzt die Farbe des Schemas
settings_tint_the_menus_too	Tint the menus too	菜单也一起着色	メニューも染める	Teinter aussi les menus	Teñir también los menús	Menüleri de renklendir	Auch die Menüs färben
settings_let_the_cover_set_the_app_s_accent_and	Let the cover set the app's accent and background everywhere, not just the player	让封面决定整个应用的强调色和背景，而不仅是播放器	プレーヤーだけでなく、アプリ全体のアクセントと背景をアートワークで決めます	Laisser la pochette définir l’accent et l’arrière-plan de toute l’app, pas seulement du lecteur	Deja que la portada defina el acento y el fondo de toda la app, no solo del reproductor	Kapak, yalnızca oynatıcının değil uygulamanın her yerinin vurgu ve arka plan rengini belirlesin	Das Cover bestimmt Akzent und Hintergrund in der ganzen App, nicht nur im Player
settings_keep_the_theme_background	Keep the theme background	保留主题背景	テーマの背景を維持	Garder l’arrière-plan du thème	Mantener el fondo del tema	Tema arka planını koru	Hintergrund des Schemas behalten
settings_accent_only_the_background_stays_the_color_your	Accent only. The background stays the color your theme chose	只改变强调色，背景保持主题所选的颜色	アクセントのみ。背景はテーマで選んだ色のままです	Accent seulement. L’arrière-plan garde la couleur de votre thème	Solo el acento. El fondo mantiene el color de tu tema	Yalnızca vurgu. Arka plan, temanızın seçtiği renkte kalır	Nur der Akzent. Der Hintergrund behält die Farbe deines Schemas
settings_glow_behind_album_art	Glow behind album art	专辑封面后的光晕	アートワークの後光	Halo derrière la pochette	Brillo detrás de la portada	Albüm kapağının arkasında parlama	Leuchten hinter dem Albumcover
settings_bloom_the_bass_reactive_glow_around_the_album	Bloom the bass-reactive glow around the album cover too, pumping with the kick.	让随低音变化的光晕也环绕专辑封面，随底鼓律动。	低音に反応する光をアルバムカバーの周りにも広げ、キックに合わせて脈打たせます。	Étend aussi autour de la pochette le halo qui réagit aux basses, en rythme avec la grosse caisse.	Extiende también alrededor de la portada el brillo que reacciona a los graves, latiendo con el bombo.	Bas tepkili parlamayı albüm kapağının çevresine de yayar; davul vuruşuyla atar.	Lässt das bassreaktive Leuchten auch um das Albumcover aufblühen, pumpend mit der Kick.
settings_how_far_the_halo_reaches_past_the_cover_s_edge	How far the halo reaches past the cover's edge	光晕超出封面边缘的范围	後光がカバーの縁からどれだけ広がるか	Jusqu’où le halo dépasse le bord de la pochette	Cuánto se extiende el halo más allá del borde de la portada	Halenin kapak kenarının ne kadar dışına taştığı	Wie weit der Lichtkranz über den Rand des Covers reicht
settings_peak_strength_of_the_halo_on_a_kick	Peak strength of the halo on a kick	底鼓时光晕的最大强度	キック時の後光の最大の強さ	Intensité maximale du halo sur un coup de grosse caisse	Intensidad máxima del halo en cada golpe de bombo	Davul vuruşunda halenin en yüksek gücü	Spitzenstärke des Lichtkranzes bei einer Kick
settings_use_system_font_size	Use system font size	使用系统字体大小	システムのフォントサイズを使用	Utiliser la taille de police du système	Usar el tamaño de fuente del sistema	Sistem yazı tipi boyutunu kullan	Systemschriftgröße verwenden
settings_follow_the_size_set_in_android_settings_display	Follow the size set in Android Settings › Display › Font size	跟随 Android 设置 › 显示 › 字体大小 中的设置	Android の「設定 › ディスプレイ › フォントサイズ」に合わせます	Suivre la taille définie dans Paramètres Android › Affichage › Taille de police	Seguir el tamaño de Ajustes de Android › Pantalla › Tamaño de fuente	Android Ayarlar › Ekran › Yazı tipi boyutu’ndaki boyutu kullan	Der Größe aus Android-Einstellungen › Display › Schriftgröße folgen
settings_the_default_neutral_ui_grotesque	The default. Neutral UI grotesque.	默认字体。中性的界面无衬线体。	既定のフォント。ニュートラルな UI 用ゴシック体です。	La police par défaut. Une linéale neutre pour l’interface.	La fuente predeterminada. Una sans serif neutra para la interfaz.	Varsayılan. Nötr bir arayüz grotesk yazı tipi.	Der Standard. Neutrale UI-Grotesk.
settings_show_explicit_badges	Show Explicit Badges	显示不雅内容标记	露骨な表現のバッジを表示	Afficher les badges Explicite	Mostrar etiquetas de contenido explícito	Müstehcen rozetlerini göster	Explizit-Hinweise anzeigen
settings_display_e_badge_on_explicit_tracks	Display 'E' badge on explicit tracks	在含不雅内容的歌曲上显示“E”标记	露骨な表現を含む曲に「E」バッジを表示	Afficher le badge « E » sur les titres explicites	Mostrar la etiqueta «E» en las canciones explícitas	Müstehcen parçalarda “E” rozetini göster	„E“-Hinweis bei expliziten Titeln anzeigen
settings_romaji_lyrics	Romaji Lyrics	罗马字歌词	ローマ字の歌詞	Paroles en rōmaji	Letras en romaji	Romaji şarkı sözleri	Romaji-Songtexte
settings_transliterate_japanese_lyrics_to_latin	Transliterate Japanese lyrics to Latin characters	将日语歌词转写为拉丁字母	日本語の歌詞をローマ字に変換	Translittérer les paroles japonaises en caractères latins	Transliterar las letras japonesas al alfabeto latino	Japonca şarkı sözlerini Latin harflerine çevir	Japanische Songtexte in lateinische Schrift umschreiben
settings_word_level_lyrics_provider	Word-level lyrics provider	逐字歌词来源	単語単位の歌詞の提供元	Source des paroles mot à mot	Proveedor de letras palabra a palabra	Kelime düzeyinde şarkı sözü sağlayıcısı	Anbieter für wortgenaue Songtexte
settings_karaoke_timing_source_when_your_instance_has_no	Karaoke-timing source when your instance has no synced lyrics. Both = each falls back to the other.	当你的实例没有同步歌词时使用的卡拉 OK 时间来源。“两者”= 互为后备。	インスタンスに同期歌詞がないときのカラオケタイミングの取得元。「両方」= 互いに代替します。	Source du minutage karaoké quand votre instance n’a pas de paroles synchronisées. Les deux = chacune sert de repli à l’autre.	Fuente de sincronización karaoke cuando tu instancia no tiene letras sincronizadas. Ambos = cada uno sirve de respaldo al otro.	Örneğinizde senkronize şarkı sözü yoksa karaoke zamanlamasının kaynağı. İkisi = her biri diğerinin yedeği olur.	Quelle für Karaoke-Timing, wenn deine Instanz keine synchronisierten Songtexte hat. Beide = jeder springt für den anderen ein.
settings_view_mode	View Mode	视图模式	表示モード	Mode d’affichage	Modo de vista	Görünüm modu	Ansicht
settings_dynamic_player_color	Dynamic Player Color	播放器动态颜色	プレーヤーのダイナミックカラー	Couleur dynamique du lecteur	Color dinámico del reproductor	Dinamik oynatıcı rengi	Dynamische Player-Farbe
settings_tint_the_player_from_album_art_needs_dynamic	Tint the player from album art (needs Dynamic Colors on); off keeps the player on the theme color	根据专辑封面为播放器着色（需开启动态颜色）；关闭后播放器使用主题颜色	アルバムアートでプレーヤーを染めます（ダイナミックカラーがオンの場合）。オフにするとテーマの色のままです	Teinte le lecteur d’après la pochette (nécessite Couleurs dynamiques) ; désactivé, le lecteur garde la couleur du thème	Tiñe el reproductor con la portada (requiere Colores dinámicos); desactivado, el reproductor mantiene el color del tema	Oynatıcıyı albüm kapağına göre renklendirir (Dinamik renkler açık olmalı); kapalıyken oynatıcı tema renginde kalır	Färbt den Player nach dem Albumcover (Dynamische Farben müssen an sein); aus: Player bleibt in der Farbe des Schemas
settings_blurred_album_background	Blurred Album Background	模糊专辑背景	ぼかしたアルバム背景	Arrière-plan flouté de la pochette	Fondo difuminado de la portada	Bulanık albüm arka planı	Verschwommener Albumhintergrund
settings_behind_the_player_and_the_mixer_the_album_art	Behind the player and the mixer: the album art stretched and heavily blurred	在播放器和混音器后面：拉伸并大幅模糊的专辑封面	プレーヤーとミキサーの背後に、引き伸ばして強くぼかしたアルバムアートを表示	Derrière le lecteur et le mixeur : la pochette étirée et fortement floutée	Detrás del reproductor y el mezclador: la portada estirada y muy difuminada	Oynatıcının ve mikserin arkasında: gerilmiş ve yoğun biçimde bulanıklaştırılmış albüm kapağı	Hinter Player und Mixer: das Albumcover, gestreckt und stark weichgezeichnet
settings_show_spectrum_analyzer	Show Spectrum Analyzer	显示频谱分析仪	スペクトラムアナライザを表示	Afficher l’analyseur de spectre	Mostrar el analizador de espectro	Spektrum analizörünü göster	Spektrumanalysator anzeigen
settings_display_live_audio_spectrum_on_the_player_and	Display live audio spectrum on the player and the parametric EQ screen	在播放器和参数均衡器界面上显示实时音频频谱	プレーヤーとパラメトリック EQ 画面にリアルタイムのスペクトラムを表示	Afficher le spectre audio en direct sur le lecteur et l’écran de l’égaliseur paramétrique	Mostrar el espectro de audio en directo en el reproductor y en la pantalla del ecualizador paramétrico	Oynatıcıda ve parametrik EQ ekranında canlı ses spektrumunu göster	Live-Audiospektrum im Player und im parametrischen EQ anzeigen
settings_show_on_now_playing	Show on Now Playing	在正在播放界面显示	再生画面に表示	Afficher sur l’écran de lecture	Mostrar en Reproduciendo	Şimdi çalıyor ekranında göster	Bei „Wird gespielt“ anzeigen
settings_overlay_the_spectrum_on_the_album_art_hero	Overlay the spectrum on the album-art hero	在专辑封面主视图上叠加频谱	アルバムアートの上にスペクトラムを重ねる	Superposer le spectre sur la grande pochette	Superponer el espectro sobre la portada grande	Spektrumu büyük albüm kapağının üzerine bindir	Das Spektrum über das große Albumcover legen
settings_fft_size	FFT Size	FFT 大小	FFT サイズ	Taille de la FFT	Tamaño de FFT	FFT boyutu	FFT-Größe
settings_use_projectm_visualizer	Use projectM Visualizer	使用 projectM 可视化	projectM ビジュアライザを使用	Utiliser le visualiseur projectM	Usar el visualizador projectM	projectM görselleştiricisini kullan	projectM-Visualizer verwenden
settings_use_the_native_opengl_renderer_when_the_bridge	Use the native OpenGL renderer when the bridge is available	桥接可用时使用原生 OpenGL 渲染器	ブリッジが使えるときはネイティブの OpenGL レンダラーを使用	Utiliser le moteur de rendu OpenGL natif quand le pont est disponible	Usar el renderizador OpenGL nativo cuando el puente esté disponible	Köprü kullanılabildiğinde yerel OpenGL oluşturucusunu kullan	Den nativen OpenGL-Renderer nutzen, wenn die Brücke verfügbar ist
settings_default_preset	Default Preset	默认预设	既定のプリセット	Préréglage par défaut	Preset predeterminado	Varsayılan ön ayar	Standard-Preset
settings_texture_size	Texture Size	纹理大小	テクスチャサイズ	Taille des textures	Tamaño de textura	Doku boyutu	Texturgröße
settings_holds_the_visualizer_back_to_match_what_you_hear	Holds the visualizer back to match what you hear. Raise it on Bluetooth, where the headphones add their own delay; leave it at zero on speaker or wired.	让可视化延后，与你听到的声音同步。使用蓝牙时请调高，因为耳机会增加自身的延迟；使用扬声器或有线耳机时保持为零。	聴こえる音に合わせてビジュアライザを遅らせます。ヘッドホンが独自の遅延を加える Bluetooth では上げ、スピーカーや有線ではゼロのままにしてください。	Retarde le visualiseur pour qu’il colle à ce que vous entendez. Augmentez-le en Bluetooth, où le casque ajoute son propre retard ; laissez-le à zéro sur haut-parleur ou en filaire.	Retrasa el visualizador para que coincida con lo que oyes. Súbelo con Bluetooth, donde los auriculares añaden su propio retardo; déjalo en cero con altavoz o con cable.	Görselleştiriciyi duyduğunuzla eşleşecek şekilde geciktirir. Kulaklığın kendi gecikmesini eklediği Bluetooth’ta artırın; hoparlörde veya kabloluda sıfırda bırakın.	Hält den Visualizer zurück, damit er zum Gehörten passt. Bei Bluetooth erhöhen, da Kopfhörer eigene Verzögerung hinzufügen; bei Lautsprecher oder Kabel auf null lassen.
settings_disable_vsync	Disable vsync	停用垂直同步	垂直同期を無効にする	Désactiver la synchro verticale	Desactivar la sincronización vertical	Dikey eşitlemeyi kapat	VSync deaktivieren
settings_let_the_visualizer_exceed_display_refresh_capped	Let the visualizer exceed display refresh (capped by Target FPS). Increases battery and heat. Adreno honours this; some GPUs ignore it.	允许可视化超过屏幕刷新率（以目标帧率为上限）。会增加耗电和发热。Adreno 遵从此设置，部分 GPU 会忽略。	ビジュアライザが画面のリフレッシュレートを超えられるようにします（目標 FPS が上限）。電池の消費と発熱が増えます。Adreno は従いますが、無視する GPU もあります。	Laisse le visualiseur dépasser la fréquence de l’écran (dans la limite du FPS cible). Consomme plus de batterie et chauffe davantage. Adreno le respecte ; certains GPU l’ignorent.	Permite que el visualizador supere la frecuencia de la pantalla (con el límite de los FPS objetivo). Aumenta el consumo y el calor. Adreno lo respeta; algunas GPU lo ignoran.	Görselleştiricinin ekran yenileme hızını aşmasına izin verir (Hedef FPS ile sınırlı). Pil tüketimini ve ısınmayı artırır. Adreno buna uyar; bazı GPU’lar yok sayar.	Lässt den Visualizer die Bildwiederholrate überschreiten (begrenzt durch die Ziel-FPS). Erhöht Akkuverbrauch und Wärme. Adreno hält sich daran, manche GPUs ignorieren es.
settings_show_fps	Show FPS	显示帧率	FPS を表示	Afficher les FPS	Mostrar FPS	FPS’yi göster	FPS anzeigen
settings_display_visualizer_framerate_counter	Display visualizer framerate counter	显示可视化帧率计数器	ビジュアライザのフレームレートを表示	Afficher le compteur d’images du visualiseur	Mostrar el contador de fotogramas del visualizador	Görselleştirici kare hızı sayacını göster	Bildratenzähler des Visualizers anzeigen
settings_fullscreen	Fullscreen	全屏	全画面表示	Plein écran	Pantalla completa	Tam ekran	Vollbild
settings_fill_screen_in_now_playing_visualizer_view	Fill screen in Now Playing visualizer view	在正在播放的可视化视图中铺满屏幕	再生中のビジュアライザ表示で画面いっぱいに表示	Remplir l’écran dans la vue visualiseur de la lecture	Llenar la pantalla en la vista de visualizador de Reproduciendo	Şimdi çalıyor görselleştirici görünümünde ekranı doldur	Im Visualizer von „Wird gespielt“ den Bildschirm füllen
settings_touch_waveform	Touch Waveform	触控波形	タッチ波形	Forme d’onde tactile	Forma de onda táctil	Dokunmatik dalga formu	Touch-Wellenform
settings_draw_audio_waveforms_between_touch_points_on_the	Draw audio waveforms between touch points on the visualizer	在可视化上的触摸点之间绘制音频波形	ビジュアライザのタッチ位置の間にオーディオ波形を描画	Dessiner des formes d’onde entre les points touchés sur le visualiseur	Dibujar formas de onda entre los puntos que tocas en el visualizador	Görselleştiricide dokunma noktaları arasına ses dalga formları çiz	Audiowellenformen zwischen Berührungspunkten auf dem Visualizer zeichnen
settings_engine_status	Engine Status	引擎状态	エンジンの状態	État du moteur	Estado del motor	Motor durumu	Engine-Status
settings_controls_intensity_high_epilepsy_warning	Controls intensity (High = Epilepsy Warning)	控制强度（高 = 光敏性癫痫警告）	強度を調整します（高 = 光過敏性てんかんの注意）	Règle l’intensité (Élevée = avertissement épilepsie)	Controla la intensidad (Alta = advertencia de epilepsia)	Yoğunluğu ayarlar (Yüksek = epilepsi uyarısı)	Steuert die Intensität (Hoch = Epilepsie-Warnung)
settings_your_api_key	Your API key	你的 API 密钥	あなたの API キー	Votre clé d’API	Tu clave de API	API anahtarınız	Dein API-Schlüssel
settings_gapless_playback	Gapless Playback	无缝播放	ギャップレス再生	Lecture sans blanc	Reproducción sin pausas	Kesintisiz çalma	Lückenlose Wiedergabe
settings_remove_silence_between_tracks	Remove silence between tracks	去除歌曲之间的静音	曲間の無音を除去	Supprimer les silences entre les titres	Eliminar el silencio entre canciones	Parçalar arasındaki sessizliği kaldır	Stille zwischen Titeln entfernen
settings_never_resample_between_tracks	Never Resample Between Tracks	切歌时绝不重采样	曲間でリサンプリングしない	Ne jamais rééchantillonner entre les titres	No remuestrear nunca entre canciones	Parçalar arasında asla yeniden örnekleme	Zwischen Titeln nie resamplen
settings_a_track_at_a_different_sample_rate_starts_after	A track at a different sample rate starts after a brief gap instead of being resampled to match, keeping output bit-perfect. Turn off to keep every transition seamless and let the system resample.	采样率不同的歌曲会在短暂停顿后开始播放，而不是被重采样，从而保持比特级精确输出。关闭后每次切歌都无缝衔接，由系统负责重采样。	サンプルレートの異なる曲は、合わせてリサンプリングされる代わりに短い間を置いてから始まり、出力はビットパーフェクトに保たれます。オフにすると、すべての曲間をシームレスにしてシステムにリサンプリングさせます。	Un titre à une fréquence d’échantillonnage différente démarre après un bref blanc au lieu d’être rééchantillonné, pour une sortie bit-perfect. Désactivez pour des transitions toujours sans blanc, rééchantillonnées par le système.	Una canción con otra frecuencia de muestreo empieza tras una breve pausa en vez de remuestrearse, y la salida sigue siendo bit-perfect. Desactívalo para que todas las transiciones sean continuas y el sistema remuestree.	Farklı örnekleme hızındaki bir parça, eşleşmesi için yeniden örneklenmek yerine kısa bir boşluktan sonra başlar; çıkış bit-perfect kalır. Her geçişin kesintisiz olması ve sistemin yeniden örneklemesi için kapatın.	Ein Titel mit anderer Abtastrate beginnt nach einer kurzen Lücke, statt angepasst zu werden – die Ausgabe bleibt bit-perfekt. Ausschalten, damit jeder Übergang nahtlos ist und das System resampelt.
settings_wi_fi_streaming	Wi-Fi Streaming	Wi-Fi 流媒体	Wi-Fi でのストリーミング	Streaming en Wi-Fi	Streaming por Wi-Fi	Wi-Fi’da akış	Streaming über WLAN
settings_cellular_streaming	Cellular Streaming	移动网络流媒体	モバイルデータでのストリーミング	Streaming en données mobiles	Streaming con datos móviles	Mobil veride akış	Streaming über Mobilfunk
settings_atmos_renderer_configuration	Atmos Renderer Configuration	Atmos 渲染器配置	Atmos レンダラーの設定	Configuration du moteur de rendu Atmos	Configuración del renderizador Atmos	Atmos oluşturucu yapılandırması	Atmos-Renderer-Konfiguration
settings_channel_map_coefficient_downmix_optional_sofa	Channel map, coefficient downmix & optional SOFA binaural render	声道映射、系数缩混以及可选的 SOFA 双耳渲染	チャンネルマップ、係数ダウンミックス、オプションの SOFA バイノーラルレンダリング	Mappage des canaux, downmix par coefficients et rendu binaural SOFA en option	Mapa de canales, downmix por coeficientes y renderizado binaural SOFA opcional	Kanal eşleme, katsayılı downmix ve isteğe bağlı SOFA binaural oluşturma	Kanalzuordnung, Koeffizienten-Downmix & optionaler binauraler SOFA-Render
settings_preserve_pitch	Preserve Pitch	保持音高	ピッチを維持	Conserver la hauteur	Conservar el tono	Perdeyi koru	Tonhöhe beibehalten
settings_keep_original_pitch_when_changing_speed	Keep original pitch when changing speed	改变速度时保持原始音高	速度を変えても元のピッチを保つ	Garder la hauteur d’origine quand la vitesse change	Mantener el tono original al cambiar la velocidad	Hız değişirken orijinal perdeyi koru	Originale Tonhöhe beim Ändern der Geschwindigkeit behalten
settings_dsp_block_size	DSP Block Size	DSP 块大小	DSP ブロックサイズ	Taille de bloc DSP	Tamaño de bloque DSP	DSP blok boyutu	DSP-Blockgröße
settings_smaller_lower_latency_more_cpu_default_1024	Smaller = lower latency, more CPU. Default 1024.	越小 = 延迟越低、CPU 占用越高。默认 1024。	小さいほど遅延が少なく CPU 負荷が増えます。既定値は 1024。	Plus petit = latence plus faible, plus de CPU. Par défaut : 1024.	Más pequeño = menos latencia, más CPU. Predeterminado: 1024.	Daha küçük = daha düşük gecikme, daha fazla CPU. Varsayılan 1024.	Kleiner = weniger Latenz, mehr CPU. Standard 1024.
settings_downmix_multichannel_to_stereo	Downmix multichannel to stereo	将多声道缩混为立体声	マルチチャンネルをステレオにダウンミックス	Downmixer le multicanal en stéréo	Hacer downmix del multicanal a estéreo	Çok kanallıyı stereoya indir	Mehrkanal auf Stereo heruntermischen
settings_channel_detector	Channel detector	声道检测	チャンネル検出	Détecteur de canaux	Detector de canales	Kanal algılayıcı	Kanalerkennung
settings_idle_play_a_track_to_detect_its_channel_layout	Idle. Play a track to detect its channel layout.	空闲。播放一首歌以检测其声道布局。	待機中です。曲を再生するとチャンネル構成を検出します。	En attente. Lancez un titre pour détecter sa disposition de canaux.	Inactivo. Reproduce una canción para detectar su disposición de canales.	Boşta. Kanal düzenini algılamak için bir parça çalın.	Leerlauf. Spiel einen Titel ab, um seine Kanalanordnung zu erkennen.
settings_usb_dac_bit_perfect_routing	USB DAC bit-perfect routing	USB DAC 比特级精确路由	USB DAC ビットパーフェクト出力	Routage bit-perfect vers le DAC USB	Enrutamiento bit-perfect al DAC USB	USB DAC bit-perfect yönlendirme	Bit-perfektes Routing zum USB-DAC
settings_hi_res_output_bluetooth_speaker	Hi-res output (Bluetooth & speaker)	高解析度输出（蓝牙和扬声器）	ハイレゾ出力（Bluetooth とスピーカー）	Sortie haute résolution (Bluetooth et haut-parleur)	Salida de alta resolución (Bluetooth y altavoz)	Yüksek çözünürlüklü çıkış (Bluetooth ve hoparlör)	Hi-Res-Ausgabe (Bluetooth & Lautsprecher)
settings_exclusive_usb_dac_bypass_android_audio	Exclusive USB DAC (bypass Android audio)	独占 USB DAC（绕过 Android 音频系统）	USB DAC の排他使用（Android のオーディオを経由しない）	DAC USB exclusif (contourne l’audio d’Android)	DAC USB exclusivo (sin pasar por el audio de Android)	Özel USB DAC (Android sesini atla)	Exklusiver USB-DAC (Android-Audio umgehen)
settings_active_stream	Active stream	当前音频流	アクティブなストリーム	Flux actif	Flujo activo	Etkin akış	Aktiver Stream
settings_bypass_failed	Bypass failed	绕过失败	バイパスに失敗しました	Échec du contournement	Error al omitir	Atlatma başarısız	Umgehung fehlgeschlagen
settings_supported_rates	Supported rates	支持的采样率	対応サンプルレート	Fréquences prises en charge	Frecuencias compatibles	Desteklenen hızlar	Unterstützte Raten
settings_auto_download_liked_songs	Auto-Download Liked Songs	自动下载喜欢的歌曲	お気に入りの曲を自動ダウンロード	Télécharger automatiquement les titres aimés	Descargar automáticamente las canciones que te gustan	Beğenilen şarkıları otomatik indir	Lieblingssongs automatisch herunterladen
settings_keep_a_copy_of_every_song_you_like_from_now_on	Keep a copy of every song you like from now on. Songs you liked earlier are left alone. Turning this on never starts a bulk download.	从现在起为你喜欢的每首歌保存一份副本。之前喜欢的歌曲不受影响。开启此项不会触发批量下载。	これからお気に入りにした曲をすべて保存します。以前お気に入りにした曲はそのままです。オンにしても一括ダウンロードは始まりません。	Garde une copie de chaque titre que vous aimez désormais. Les titres aimés auparavant ne sont pas touchés. L’activer ne lance jamais de téléchargement groupé.	Guarda una copia de cada canción que te guste a partir de ahora. Las que ya te gustaban no se tocan. Activarlo nunca inicia una descarga masiva.	Bundan sonra beğendiğiniz her şarkının bir kopyasını saklar. Daha önce beğendikleriniz olduğu gibi kalır. Bunu açmak asla toplu indirme başlatmaz.	Behält ab jetzt eine Kopie jedes Songs, der dir gefällt. Frühere Lieblingssongs bleiben unberührt. Das Einschalten startet nie einen Massen-Download.
settings_quality	Quality	音质	音質	Qualité	Calidad	Kalite	Qualität
settings_download_lyrics	Download Lyrics	下载歌词	歌詞をダウンロード	Télécharger les paroles	Descargar letras	Şarkı sözlerini indir	Songtexte herunterladen
settings_bundle_lrc_files_with_downloaded_tracks	Bundle .lrc files with downloaded tracks	随下载的歌曲附带 .lrc 文件	ダウンロードした曲に .lrc ファイルを同梱	Joindre les fichiers .lrc aux titres téléchargés	Incluir archivos .lrc con las canciones descargadas	İndirilen parçalarla .lrc dosyalarını da ekle	.lrc-Dateien zu heruntergeladenen Titeln legen
settings_save_location	Save location	保存位置	保存先	Emplacement	Ubicación	Kayıt konumu	Speicherort
settings_clear_token	Clear token	清除令牌	トークンを消去	Effacer le jeton	Borrar token	Belirteci temizle	Token löschen
settings_token	Token	令牌	トークン	Jeton	Token	Belirteç	Token
settings_show_what_i_m_playing	Show what I'm playing	显示我正在播放的内容	再生中の曲を表示	Montrer ce que j’écoute	Mostrar lo que estoy escuchando	Ne çaldığımı göster	Zeigen, was ich höre
settings_spectrum_over_the_artwork	Spectrum over the artwork	封面上的频谱	アートワーク上のスペクトラム	Spectre sur la pochette	Espectro sobre la portada	Kapak üzerinde spektrum	Spektrum über dem Cover
settings_animated_spectrum	Animated spectrum	动态频谱	アニメーションするスペクトラム	Spectre animé	Espectro animado	Hareketli spektrum	Animiertes Spektrum
settings_a_moving_spectrum_beside_the_artwork_matched_to	A moving spectrum beside the artwork, matched to the genre's rhythm and the cover's colour. Off leaves the card still.	封面旁会动的频谱，与流派的节奏和封面的颜色相匹配。关闭后卡片保持静止。	アートワークの横で動くスペクトラム。ジャンルのリズムとカバーの色に合わせます。オフにするとカードは静止します。	Un spectre animé à côté de la pochette, accordé au rythme du genre et à la couleur de la pochette. Désactivé, la carte reste immobile.	Un espectro en movimiento junto a la portada, acorde al ritmo del género y al color de la portada. Desactivado, la tarjeta queda quieta.	Kapağın yanında, türün ritmine ve kapağın rengine uyan hareketli bir spektrum. Kapalıyken kart sabit kalır.	Ein bewegtes Spektrum neben dem Cover, passend zum Rhythmus des Genres und zur Farbe des Covers. Aus: Die Karte bleibt still.
settings_signed_in_as	Signed in as	登录身份	サインイン中のアカウント	Connecté en tant que	Sesión iniciada como	Oturum açan	Angemeldet als
settings_cache_size	Cache Size	缓存大小	キャッシュサイズ	Taille du cache	Tamaño de caché	Önbellek boyutu	Cache-Größe
settings_restart_onboarding	Restart onboarding	重新开始引导	初期設定をやり直す	Relancer la configuration	Reiniciar la configuración inicial	Kurulumu yeniden başlat	Einrichtung neu starten
settings_run_the_first_time_setup_again_your_library_and	Run the first-time setup again. Your library and settings are kept.	再次运行首次设置。你的音乐库和设置都会保留。	初回セットアップをもう一度実行します。ライブラリと設定はそのまま残ります。	Relancer la configuration initiale. Votre bibliothèque et vos réglages sont conservés.	Vuelve a ejecutar la configuración inicial. Se conservan tu biblioteca y tus ajustes.	İlk kurulumu yeniden çalıştırın. Kitaplığınız ve ayarlarınız korunur.	Die Ersteinrichtung erneut durchlaufen. Bibliothek und Einstellungen bleiben erhalten.
settings_low_performance_mode	Low performance mode	低性能模式	低パフォーマンスモード	Mode basse performance	Modo de bajo rendimiento	Düşük performans modu	Leistungssparmodus
settings_turns_off_animations_the_liquid_glass_effect_and	Turns off animations, the liquid glass effect and the new player design in one go. Saves battery and helps on older or slower devices.	一键关闭动画、液态玻璃效果和新版播放器设计。省电，也能让较旧或较慢的设备更流畅。	アニメーション、リキッドグラス効果、新しいプレーヤーデザインをまとめてオフにします。電池を節約し、古い端末や遅い端末で役立ちます。	Désactive d’un coup les animations, l’effet verre liquide et le nouveau lecteur. Économise la batterie et aide sur les appareils anciens ou lents.	Desactiva de una vez las animaciones, el efecto de cristal líquido y el nuevo diseño del reproductor. Ahorra batería y ayuda en dispositivos antiguos o lentos.	Animasyonları, sıvı cam efektini ve yeni oynatıcı tasarımını tek seferde kapatır. Pil tasarrufu sağlar; eski veya yavaş cihazlarda yardımcı olur.	Schaltet Animationen, den Liquid-Glass-Effekt und das neue Player-Design auf einmal aus. Spart Akku und hilft auf älteren oder langsameren Geräten.
settings_disable_animations	Disable animations	停用动画	アニメーションを無効にする	Désactiver les animations	Desactivar animaciones	Animasyonları kapat	Animationen deaktivieren
settings_no_transitions_bounces_glass_motion_or_colour	No transitions, bounces, glass motion or colour blends anywhere in the app.	应用中不再有任何过渡、弹跳、玻璃动效或颜色渐变。	アプリ全体で、トランジション、バウンス、ガラスの動き、色のブレンドをなくします。	Aucune transition, aucun rebond, mouvement de verre ni fondu de couleur dans toute l’app.	Sin transiciones, rebotes, movimiento de cristal ni mezclas de color en toda la app.	Uygulamanın hiçbir yerinde geçiş, sekme, cam hareketi veya renk karışımı yok.	Keine Übergänge, Federeffekte, Glasbewegung oder Farbüberblendungen in der ganzen App.
settings_legacy_player	Legacy player	旧版播放器	従来のプレーヤー	Ancien lecteur	Reproductor clásico	Eski oynatıcı	Klassischer Player
settings_use_the_flat_player_design_from_before_liquid	Use the flat player design from before liquid glass.	使用液态玻璃之前的扁平播放器设计。	リキッドグラス以前のフラットなプレーヤーデザインを使います。	Utiliser le lecteur plat d’avant le verre liquide.	Usar el diseño plano del reproductor anterior al cristal líquido.	Sıvı camdan önceki düz oynatıcı tasarımını kullan.	Das flache Player-Design aus der Zeit vor Liquid Glass verwenden.
settings_remove_liquid_glass	Remove liquid glass	移除液态玻璃	リキッドグラスをオフ	Retirer le verre liquide	Quitar el cristal líquido	Sıvı camı kaldır	Liquid Glass entfernen
settings_flat_opaque_surfaces_instead_of_blurred	Flat, opaque surfaces instead of blurred, refractive glass throughout the app.	在整个应用中使用扁平、不透明的界面，而不是模糊、折射的玻璃效果。	アプリ全体で、ぼかしと屈折のあるガラスの代わりに不透明でフラットな面を使います。	Des surfaces plates et opaques à la place du verre flouté et réfractif dans toute l’app.	Superficies planas y opacas en lugar de cristal difuminado y refractivo en toda la app.	Uygulamanın her yerinde bulanık, kırılan cam yerine düz, opak yüzeyler.	Flache, deckende Flächen statt verschwommenem, brechendem Glas in der ganzen App.
settings_full_screen	Full screen	全屏	全画面	Plein écran	Pantalla completa	Tam ekran	Vollbild
settings_hides_the_notification_bar_and_the_bottom	Hides the notification bar and the bottom gesture bar everywhere in the app. Swipe in from an edge to bring them back for a moment.	在整个应用中隐藏通知栏和底部手势栏。从屏幕边缘向内滑动可暂时显示。	アプリ全体で通知バーと下部のジェスチャーバーを隠します。画面の端からスワイプすると一時的に表示されます。	Masque la barre de notifications et la barre de gestes en bas dans toute l’app. Balayez depuis un bord pour les faire réapparaître un instant.	Oculta la barra de notificaciones y la barra de gestos inferior en toda la app. Desliza desde un borde para mostrarlas un momento.	Bildirim çubuğunu ve alttaki hareket çubuğunu uygulamanın her yerinde gizler. Kısa süreliğine geri getirmek için kenardan içeri kaydırın.	Blendet Benachrichtigungsleiste und Gestenleiste in der ganzen App aus. Vom Rand hineinwischen, um sie kurz zurückzuholen.
settings_view_debug_log	View debug log	查看调试日志	デバッグログを表示	Afficher le journal de débogage	Ver registro de depuración	Hata ayıklama günlüğünü görüntüle	Debug-Log anzeigen
settings_live_logcat_stream_for_this_process_copy_or	Live logcat stream for this process. Copy or export as a file for bug reports	此进程的实时 logcat 日志。可复制或导出为文件用于错误报告	このプロセスのリアルタイム logcat。バグ報告用にコピーまたはファイルに書き出せます	Flux logcat en direct pour ce processus. Copiez-le ou exportez-le dans un fichier pour un rapport de bug	Flujo de logcat en directo de este proceso. Cópialo o expórtalo a un archivo para informar de errores	Bu işlemin canlı logcat akışı. Hata raporları için kopyalayın veya dosya olarak dışa aktarın	Live-Logcat dieses Prozesses. Für Fehlerberichte kopieren oder als Datei exportieren
settings_check_for_updates	Check for updates	检查更新	アップデートを確認	Rechercher des mises à jour	Buscar actualizaciones	Güncellemeleri denetle	Nach Updates suchen
settings_look_on_github_for_a_newer_release_now	Look on GitHub for a newer release now	立即在 GitHub 上查找新版本	GitHub で新しいリリースを今すぐ確認	Chercher maintenant une version plus récente sur GitHub	Buscar ahora una versión más reciente en GitHub	GitHub’da daha yeni bir sürüm olup olmadığına şimdi bak	Jetzt auf GitHub nach einer neueren Version suchen
settings_open_source_ad_free_music_streaming	Open-source, ad-free music streaming	开源、无广告的音乐流媒体	オープンソースで広告なしの音楽ストリーミング	Streaming musical libre et sans publicité	Streaming de música de código abierto y sin anuncios	Açık kaynaklı, reklamsız müzik akışı	Open-Source-Musikstreaming ohne Werbung
settings_trypt_avatar	trypt avatar	trypt 的头像	trypt のアバター	Avatar de trypt	Avatar de trypt	trypt avatarı	Avatar von trypt
settings_tryptify_is_built_and_maintained_by_trypt_if_it	Tryptify is built and maintained by trypt. If it's earned a place in your day, a tip keeps the lights on and the next features shipping.	Tryptify 由 trypt 开发和维护。如果它已成为你日常的一部分，打赏一点能让它持续运转，新功能也能继续推出。	Tryptify は trypt が開発・保守しています。毎日に欠かせないものになっていたら、チップが運営と次の機能の開発を支えます。	Tryptify est conçu et maintenu par trypt. S’il a trouvé sa place dans votre quotidien, un pourboire permet de garder la lumière allumée et les nouveautés à venir.	Tryptify lo crea y mantiene trypt. Si se ha ganado un hueco en tu día, una propina mantiene las luces encendidas y las próximas funciones en marcha.	Tryptify, trypt tarafından geliştirilip sürdürülüyor. Gününüzde bir yer edindiyse, küçük bir bağış ışıkları açık tutar ve yeni özelliklerin gelmesini sağlar.	Tryptify wird von trypt entwickelt und gepflegt. Wenn es sich einen Platz in deinem Alltag verdient hat, hält ein Trinkgeld das Licht an und die nächsten Funktionen am Laufen.
settings_what_s_new	What's New	新功能	新機能	Nouveautés	Novedades	Yenilikler	Neuigkeiten
settings_light_paper	Light paper	浅色纸张	ライトペーパー	Papier clair	Papel claro	Açık kâğıt	Helles Papier
settings_the_ground_every_light_theme_is_printed_on_crisp	The ground every light theme is printed on. Crisp is true white; warm is off-white, for less glare.	所有浅色主题的底色。“清爽”为纯白，“暖色”为米白，更不刺眼。	すべてのライトテーマの下地です。「クリスプ」は純白、「ウォーム」はオフホワイトで、まぶしさを抑えます。	Le fond sur lequel chaque thème clair est imprimé. Net est un blanc pur ; chaud est un blanc cassé, moins éblouissant.	La base sobre la que se imprime cada tema claro. Nítido es blanco puro; cálido es blanco roto, que deslumbra menos.	Her açık temanın üzerine basıldığı zemin. Net, saf beyazdır; sıcak ise daha az parlayan kırık beyazdır.	Der Untergrund jedes hellen Schemas. Klar ist reines Weiß, warm ist gebrochenes Weiß und blendet weniger.
settings_crisp	Crisp	清爽	クリスプ	Net	Nítido	Net	Klar
settings_warm	Warm	暖色	ウォーム	Chaud	Cálido	Sıcak	Warm
settings_color_transition	Color transition	颜色过渡	色の切り替え	Transition des couleurs	Transición de color	Renk geçişi	Farbübergang
settings_how_long_the_album_s_colours_take_to_cross_over	How long the album's colours take to cross over when the track changes. Longer means more of the screen repainting for longer.	切歌时专辑颜色过渡所需的时间。越长，屏幕重绘的范围越大、时间越久。	曲が変わったときにアルバムの色が切り替わるまでの時間です。長いほど、画面の書き換えが広く長く続きます。	Le temps que mettent les couleurs de l’album à se fondre au changement de titre. Plus c’est long, plus l’écran est redessiné longtemps.	Lo que tardan los colores del álbum en cambiar al pasar de canción. Cuanto más largo, más rato se repinta la pantalla.	Parça değiştiğinde albüm renklerinin geçişinin ne kadar süreceği. Uzadıkça ekranın daha büyük kısmı daha uzun süre yeniden çizilir.	Wie lange die Albumfarben beim Titelwechsel überblenden. Länger heißt: mehr vom Bildschirm wird länger neu gezeichnet.
settings_equalizer	Equalizer	均衡器	イコライザ	Égaliseur	Ecualizador	Ekolayzer	Equalizer
settings_open_precision_autoeq	Open Precision AutoEQ	打开精确 AutoEQ	高精度 AutoEQ を開く	Ouvrir AutoEQ de précision	Abrir AutoEQ de precisión	Hassas AutoEQ’yu aç	Präzisions-AutoEQ öffnen
settings_open_parametric_eq	Open Parametric EQ	打开参数均衡器	パラメトリック EQ を開く	Ouvrir l’égaliseur paramétrique	Abrir el ecualizador paramétrico	Parametrik EQ’yu aç	Parametrischen EQ öffnen
settings_saved_profiles	Saved Profiles	已保存的配置	保存したプロファイル	Profils enregistrés	Perfiles guardados	Kayıtlı profiller	Gespeicherte Profile
settings_delete_profile	Delete Profile	删除配置	プロファイルを削除	Supprimer le profil	Eliminar perfil	Profili sil	Profil löschen
settings_theme	Theme	主题	テーマ	Thème	Tema	Tema	Farbschema
settings_typography	Typography	字体排印	タイポグラフィ	Typographie	Tipografía	Tipografi	Typografie
settings_font_size	Font Size	字体大小	フォントサイズ	Taille de police	Tamaño de fuente	Yazı tipi boyutu	Schriftgröße
settings_preview_the_quick_brown_fox_jumps_over_the_lazy	Preview: The quick brown fox jumps over the lazy dog	预览：敏捷的棕色狐狸跳过了那只懒狗	プレビュー：いろはにほへと ちりぬるを	Aperçu : Portez ce vieux whisky au juge blond qui fume	Vista previa: El veloz murciélago hindú comía feliz cardillo y kiwi	Önizleme: Pijamalı hasta yağız şoföre çabucak güvendi	Vorschau: Franz jagt im komplett verwahrlosten Taxi quer durch Bayern
settings_font_library	Font Library	字体库	フォントライブラリ	Bibliothèque de polices	Biblioteca de fuentes	Yazı tipi kitaplığı	Schriftbibliothek
settings_included	Included	内置	内蔵	Incluses	Incluidas	Dahili	Enthalten
settings_imported	Imported	已导入	インポート済み	Importées	Importadas	İçe aktarılanlar	Importiert
settings_import_a_font_ttf_otf	Import a font (.ttf / .otf)	导入字体（.ttf / .otf）	フォントをインポート（.ttf / .otf）	Importer une police (.ttf / .otf)	Importar una fuente (.ttf / .otf)	Yazı tipi içe aktar (.ttf / .otf)	Schrift importieren (.ttf / .otf)
settings_display	Display	显示	表示	Affichage	Visualización	Görüntü	Anzeige
settings_now_playing	Now Playing	正在播放	再生中	En cours de lecture	Reproduciendo	Şimdi çalıyor	Wird gespielt
settings_spectrum_analyzer	Spectrum Analyzer	频谱分析仪	スペクトラムアナライザ	Analyseur de spectre	Analizador de espectro	Spektrum analizörü	Spektrumanalysator
settings_audio_visualizer	Audio Visualizer	音频可视化	オーディオビジュアライザ	Visualiseur audio	Visualizador de audio	Ses görselleştirici	Audio-Visualizer
settings_visualizer_graphics	Visualizer Graphics	可视化图形	ビジュアライザのグラフィック	Graphismes du visualiseur	Gráficos del visualizador	Görselleştirici grafikleri	Visualizer-Grafik
settings_preset_rotation	Preset rotation	预设轮换	プリセットの切り替え	Rotation des préréglages	Rotación de presets	Ön ayar döngüsü	Preset-Wechsel
settings_your_last_fm_api_key	Your Last.fm API key	你的 Last.fm API 密钥	あなたの Last.fm API キー	Votre clé d’API Last.fm	Tu clave de API de Last.fm	Last.fm API anahtarınız	Dein Last.fm-API-Schlüssel
settings_genre_charts_don_t_need_this_they_read_public	Genre charts don't need this. They read public data with a key built into the app. Entering one here makes charts use yours instead.	流派排行榜不需要它，排行榜使用应用内置的密钥读取公开数据。在此输入后，排行榜会改用你的密钥。	ジャンルチャートには不要です。チャートはアプリに組み込まれたキーで公開データを読み込みます。ここに入力すると、チャートは代わりにあなたのキーを使います。	Les classements par genre n’en ont pas besoin : ils lisent des données publiques avec une clé intégrée à l’app. En saisir une ici les fait utiliser la vôtre.	Las listas por género no la necesitan: leen datos públicos con una clave integrada en la app. Si introduces una aquí, las listas usarán la tuya.	Tür listelerinin buna ihtiyacı yok; herkese açık verileri uygulamaya gömülü bir anahtarla okurlar. Buraya bir anahtar girerseniz listeler sizinkini kullanır.	Genre-Charts brauchen das nicht. Sie lesen öffentliche Daten mit einem in die App eingebauten Schlüssel. Gibst du hier einen ein, nutzen die Charts stattdessen deinen.
settings_api_key	API key	API 密钥	API キー	Clé d’API	Clave de API	API anahtarı	API-Schlüssel
settings_shared_secret	Shared secret	共享密钥	共有シークレット	Secret partagé	Secreto compartido	Paylaşılan gizli anahtar	Gemeinsamer Schlüssel
settings_listenbrainz_token	ListenBrainz Token	ListenBrainz 令牌	ListenBrainz トークン	Jeton ListenBrainz	Token de ListenBrainz	ListenBrainz belirteci	ListenBrainz-Token
settings_user_token	User Token	用户令牌	ユーザートークン	Jeton utilisateur	Token de usuario	Kullanıcı belirteci	Benutzer-Token
settings_disconnect	Disconnect	断开连接	接続を解除	Déconnecter	Desconectar	Bağlantıyı kes	Trennen
settings_playback	Playback	播放	再生	Lecture	Reproducción	Çalma	Wiedergabe
settings_streaming_quality	Streaming Quality	流媒体音质	ストリーミングの音質	Qualité du streaming	Calidad de streaming	Akış kalitesi	Streaming-Qualität
settings_audio_processing	Audio Processing	音频处理	オーディオ処理	Traitement audio	Procesamiento de audio	Ses işleme	Audioverarbeitung
settings_output	Output	输出	出力	Sortie	Salida	Çıkış	Ausgabe
settings_playback_speed	Playback Speed	播放速度	再生速度	Vitesse de lecture	Velocidad de reproducción	Çalma hızı	Wiedergabegeschwindigkeit
settings_clear_downloads	Clear Downloads	清除下载	ダウンロードを消去	Effacer les téléchargements	Borrar descargas	İndirilenleri temizle	Downloads löschen
settings_delete_all	Delete All	全部删除	すべて削除	Tout supprimer	Eliminar todo	Tümünü sil	Alle löschen
settings_automatic_downloads	Automatic Downloads	自动下载	自動ダウンロード	Téléchargements automatiques	Descargas automáticas	Otomatik indirmeler	Automatische Downloads
settings_download_quality	Download Quality	下载音质	ダウンロードの音質	Qualité de téléchargement	Calidad de descarga	İndirme kalitesi	Download-Qualität
settings_download_folder	Download Folder	下载文件夹	ダウンロードフォルダ	Dossier de téléchargement	Carpeta de descargas	İndirme klasörü	Download-Ordner
settings_reset_to_default	Reset to default	恢复默认	既定に戻す	Rétablir la valeur par défaut	Restablecer valor predeterminado	Varsayılana sıfırla	Auf Standard zurücksetzen
settings_downloaded_files	Downloaded Files	已下载的文件	ダウンロードしたファイル	Fichiers téléchargés	Archivos descargados	İndirilen dosyalar	Heruntergeladene Dateien
settings_nothing_downloaded	Nothing downloaded.	尚未下载任何内容。	ダウンロードしたものはありません。	Rien n’a été téléchargé.	No hay nada descargado.	İndirilen bir şey yok.	Noch nichts heruntergeladen.
settings_clear_all_downloads	Clear All Downloads	清除所有下载	すべてのダウンロードを消去	Effacer tous les téléchargements	Borrar todas las descargas	Tüm indirilenleri temizle	Alle Downloads löschen
settings_with_a_channel_set_the_spectrum_is_drawn_across	With a channel set, the spectrum is drawn across the album art itself instead of in the small circle. That means an image per track, and Discord only shows images it can fetch, so each one is posted here as an attachment and the card points at it.	设置频道后，频谱会直接绘制在专辑封面上，而不是小圆圈里。这意味着每首歌都需要一张图片，而 Discord 只显示它能获取到的图片，所以每张图片都会作为附件发到这个频道，卡片再指向它。	チャンネルを設定すると、スペクトラムは小さな円の中ではなくアルバムアート全体に描かれます。そのため曲ごとに画像が必要になり、Discord は取得できる画像しか表示しないので、各画像をここに添付ファイルとして投稿し、カードからそれを参照します。	Avec un salon défini, le spectre est dessiné sur la pochette elle-même plutôt que dans le petit cercle. Il faut alors une image par titre, et Discord n’affiche que les images qu’il peut récupérer : chacune est donc publiée ici en pièce jointe et la carte pointe vers elle.	Con un canal configurado, el espectro se dibuja sobre la propia portada en lugar de en el círculo pequeño. Eso supone una imagen por canción, y Discord solo muestra imágenes que puede descargar, así que cada una se publica aquí como archivo adjunto y la tarjeta apunta a ella.	Bir kanal ayarlandığında spektrum küçük dairenin içine değil, doğrudan albüm kapağının üzerine çizilir. Bu, her parça için bir görsel demektir; Discord yalnızca alabildiği görselleri gösterdiği için her biri buraya ek olarak gönderilir ve kart ona işaret eder.	Mit einem festgelegten Kanal wird das Spektrum über das Albumcover selbst gezeichnet statt in den kleinen Kreis. Das bedeutet ein Bild pro Titel, und Discord zeigt nur Bilder, die es abrufen kann – deshalb wird jedes hier als Anhang gepostet und die Karte verweist darauf.
settings_use_a_channel_you_don_t_mind_filling_up_a	Use a channel you don't mind filling up. A private server of your own is the usual answer. Enable Developer Mode in Discord, then right-click the channel and Copy Channel ID. Leave it empty to keep the plain cover and the circle.	请使用一个不介意被填满的频道，通常是你自己的私人服务器。在 Discord 中启用“开发者模式”，然后右键点击该频道并选择“复制频道 ID”。留空则保持普通封面和圆圈。	埋まってもかまわないチャンネルを使ってください。通常は自分専用のプライベートサーバーです。Discord で「開発者モード」を有効にし、チャンネルを右クリックして「チャンネルIDをコピー」を選びます。空欄のままにすると、通常のカバーと円が維持されます。	Utilisez un salon que vous acceptez de voir se remplir ; un serveur privé à vous est la solution habituelle. Activez le « Mode développeur » dans Discord, puis faites un clic droit sur le salon et choisissez « Copier l’identifiant du salon ». Laissez vide pour garder la pochette simple et le cercle.	Usa un canal que no te importe llenar; lo habitual es un servidor privado tuyo. Activa el «Modo desarrollador» en Discord, haz clic derecho en el canal y elige «Copiar ID del canal». Déjalo vacío para mantener la portada normal y el círculo.	Dolmasına aldırmayacağınız bir kanal kullanın; genellikle kendinize ait özel bir sunucu en iyisidir. Discord’da “Geliştirici Modu”nu etkinleştirin, ardından kanala sağ tıklayıp “Kanal ID’sini Kopyala”yı seçin. Düz kapağı ve daireyi korumak için boş bırakın.	Nimm einen Kanal, bei dem es dich nicht stört, wenn er sich füllt – üblicherweise ein eigener privater Server. Aktiviere in Discord den „Entwicklermodus“, klicke dann mit der rechten Maustaste auf den Kanal und wähle „Kanal-ID kopieren“. Leer lassen, um das einfache Cover und den Kreis zu behalten.
settings_channel_id	Channel ID	频道 ID	チャンネル ID	Identifiant du salon	ID del canal	Kanal ID’si	Kanal-ID
settings_discord_token	Discord token	Discord 令牌	Discord トークン	Jeton Discord	Token de Discord	Discord belirteci	Discord-Token
settings_this_is_your_discord_account_token_not_a	This is your Discord account token, not a password and not an app password. Anything holding it can read your messages and act as you. Tryptify keeps it on this device only and never syncs it, but paste it only if that trade is one you want to make.	这是你的 Discord 账户令牌，不是密码，也不是应用专用密码。任何持有它的程序都能读取你的消息并以你的身份行事。Tryptify 只把它保存在这台设备上，从不同步，但请仅在你愿意承担这一代价时再粘贴。	これは Discord アカウントのトークンで、パスワードでもアプリパスワードでもありません。これを持つものは誰でもあなたのメッセージを読み、あなたとして行動できます。Tryptify はこの端末にのみ保存し同期しませんが、そのリスクを受け入れる場合にのみ貼り付けてください。	Il s’agit du jeton de votre compte Discord, ni un mot de passe ni un mot de passe d’application. Quiconque le détient peut lire vos messages et agir en votre nom. Tryptify le garde sur cet appareil uniquement et ne le synchronise jamais, mais ne le collez que si vous acceptez ce compromis.	Es el token de tu cuenta de Discord, no una contraseña ni una contraseña de aplicación. Cualquier cosa que lo tenga puede leer tus mensajes y actuar como tú. Tryptify lo guarda solo en este dispositivo y nunca lo sincroniza, pero pégalo únicamente si aceptas ese riesgo.	Bu, Discord hesap belirtecinizdir; ne bir şifre ne de bir uygulama şifresidir. Ona sahip olan her şey mesajlarınızı okuyabilir ve sizin adınıza hareket edebilir. Tryptify onu yalnızca bu cihazda tutar ve asla eşitlemez; ancak bu riski göze alıyorsanız yapıştırın.	Das ist das Token deines Discord-Kontos, kein Passwort und kein App-Passwort. Wer es hat, kann deine Nachrichten lesen und in deinem Namen handeln. Tryptify behält es nur auf diesem Gerät und synchronisiert es nie – füge es aber nur ein, wenn du dieses Risiko eingehen willst.
settings_discord_has_no_presence_api_for_phones_so_the	Discord has no presence API for phones, so the only way to do this is to connect as you. That is against Discord's terms, and while presence-only use has gone unpunished for years, the risk of losing the account is yours.	Discord 没有面向手机的状态 API，因此唯一的办法是以你的身份连接。这违反了 Discord 的条款；虽然仅用于显示状态的做法多年来未受处罚，但账户被封的风险由你承担。	Discord にはスマートフォン向けのプレゼンス API がないため、あなたとして接続するしか方法がありません。これは Discord の規約違反です。プレゼンス表示だけの利用は何年も処罰されていませんが、アカウントを失うリスクはあなたが負うことになります。	Discord n’a pas d’API de statut pour les téléphones : la seule solution est de se connecter en votre nom. C’est contraire aux conditions de Discord et, même si l’usage limité au statut n’a pas été sanctionné depuis des années, le risque de perdre le compte est le vôtre.	Discord no tiene una API de presencia para móviles, así que la única forma es conectarse como tú. Eso va en contra de los términos de Discord y, aunque el uso solo para la presencia lleva años sin sanciones, el riesgo de perder la cuenta es tuyo.	Discord’un telefonlar için bir durum API’si yok; bu yüzden tek yol sizin adınıza bağlanmaktır. Bu, Discord’un koşullarına aykırıdır ve yalnızca durum için kullanım yıllardır cezasız kalmış olsa da hesabı kaybetme riski size aittir.	Discord hat keine Präsenz-API für Smartphones, also geht das nur, indem die App sich als du verbindet. Das verstößt gegen Discords Nutzungsbedingungen, und auch wenn reine Präsenz-Nutzung seit Jahren unbestraft blieb, trägst du das Risiko, das Konto zu verlieren.
settings_application_id_optional	Application ID (optional)	应用 ID（可选）	アプリケーション ID（任意）	Identifiant d’application (facultatif)	ID de aplicación (opcional)	Uygulama ID’si (isteğe bağlı)	Anwendungs-ID (optional)
settings_album_art_needs_an_application_id_a_presence_set	Album art needs an application ID. A presence set this way can only show an image Discord itself hosts, and an application is what turns a cover URL into one. Without it you still get the track, artist, album and progress bar.	显示专辑封面需要应用 ID。以这种方式设置的状态只能显示 Discord 自己托管的图片，而应用正是把封面 URL 变成这种图片的途径。没有它，你仍会看到歌曲、艺人、专辑和进度条。	アルバムアートにはアプリケーション ID が必要です。この方法で設定したプレゼンスは Discord 自身がホストする画像しか表示できず、カバーの URL をそうした画像に変えるのがアプリケーションです。なくても曲、アーティスト、アルバム、プログレスバーは表示されます。	La pochette nécessite un identifiant d’application. Un statut défini ainsi ne peut afficher qu’une image hébergée par Discord, et c’est l’application qui transforme l’URL d’une pochette en une telle image. Sans lui, vous avez quand même le titre, l’artiste, l’album et la barre de progression.	La portada necesita un ID de aplicación. Una presencia configurada así solo puede mostrar imágenes alojadas por Discord, y la aplicación es lo que convierte la URL de una portada en una de ellas. Sin él, sigues teniendo la canción, el artista, el álbum y la barra de progreso.	Albüm kapağı için bir uygulama ID’si gerekir. Bu şekilde ayarlanan bir durum yalnızca Discord’un barındırdığı bir görseli gösterebilir; bir kapak URL’sini böyle bir görsele dönüştüren de uygulamadır. Onsuz da parça, sanatçı, albüm ve ilerleme çubuğu görünür.	Das Albumcover braucht eine Anwendungs-ID. Eine so gesetzte Präsenz kann nur Bilder zeigen, die Discord selbst hostet, und eine Anwendung macht aus einer Cover-URL ein solches Bild. Ohne sie siehst du trotzdem Titel, Künstler, Album und Fortschrittsbalken.
settings_forget_token	Forget token	移除令牌	トークンを削除	Oublier le jeton	Olvidar el token	Belirteci unut	Token vergessen
settings_disconnect_spotify	Disconnect Spotify	断开 Spotify	Spotify との接続を解除	Déconnecter Spotify	Desconectar Spotify	Spotify bağlantısını kes	Spotify trennen
settings_connect_your_spotify_account_to_import_playlists	Connect your Spotify account to import playlists from Library. Note: only Spotify accounts allowlisted for this app can connect while it is in Development mode.	连接你的 Spotify 账户，即可从音乐库导入歌单。注意：在开发模式下，只有被列入此应用许可名单的 Spotify 账户才能连接。	Spotify アカウントを接続すると、ライブラリからプレイリストをインポートできます。注意：このアプリが開発モードの間は、許可リストに登録された Spotify アカウントしか接続できません。	Connectez votre compte Spotify pour importer des playlists depuis la Bibliothèque. Remarque : tant que l’app est en mode développement, seuls les comptes Spotify autorisés pour elle peuvent se connecter.	Conecta tu cuenta de Spotify para importar playlists desde la Biblioteca. Nota: mientras la app esté en modo de desarrollo, solo pueden conectarse las cuentas de Spotify autorizadas para ella.	Kitaplık’tan çalma listesi içe aktarmak için Spotify hesabınızı bağlayın. Not: Bu uygulama geliştirme modundayken yalnızca izin listesindeki Spotify hesapları bağlanabilir.	Verbinde dein Spotify-Konto, um Playlists aus der Bibliothek zu importieren. Hinweis: Solange die App im Entwicklungsmodus ist, können sich nur dafür freigeschaltete Spotify-Konten verbinden.
settings_sign_out	Sign out?	要退出登录吗？	サインアウトしますか？	Se déconnecter ?	¿Cerrar sesión?	Oturum kapatılsın mı?	Abmelden?
settings_you_ll_stop_syncing_favorites_and_playlists	You'll stop syncing favorites and playlists across devices until you sign back in.	在你重新登录之前，收藏和歌单将不再在设备间同步。	再びサインインするまで、お気に入りとプレイリストはデバイス間で同期されません。	Vos favoris et playlists ne seront plus synchronisés entre vos appareils jusqu’à ce que vous vous reconnectiez.	Tus favoritos y playlists dejarán de sincronizarse entre dispositivos hasta que vuelvas a iniciar sesión.	Yeniden oturum açana kadar favorileriniz ve çalma listeleriniz cihazlar arasında eşitlenmez.	Favoriten und Playlists werden nicht mehr zwischen Geräten synchronisiert, bis du dich wieder anmeldest.
settings_sign_in_to_sync_favorites_and_playlists_across	Sign in to sync favorites and playlists across devices.	登录即可在设备间同步收藏和歌单。	サインインすると、お気に入りとプレイリストをデバイス間で同期できます。	Connectez-vous pour synchroniser vos favoris et playlists entre vos appareils.	Inicia sesión para sincronizar favoritos y playlists entre dispositivos.	Favorileri ve çalma listelerini cihazlar arasında eşitlemek için oturum açın.	Melde dich an, um Favoriten und Playlists zwischen Geräten zu synchronisieren.
settings_use_the_account_page_to_sign_in_with_google_or	Use the Account page to sign in with Google or email.	请在账户页面使用 Google 或电子邮件登录。	「アカウント」ページから Google またはメールでサインインしてください。	Utilisez la page Compte pour vous connecter avec Google ou par e-mail.	Usa la página Cuenta para iniciar sesión con Google o con tu correo.	Google veya e-postayla oturum açmak için Hesap sayfasını kullanın.	Melde dich auf der Seite „Konto“ mit Google oder per E-Mail an.
settings_reset_settings_cache	Reset Settings & Cache	重置设置和缓存	設定とキャッシュをリセット	Réinitialiser les paramètres et le cache	Restablecer ajustes y caché	Ayarları ve önbelleği sıfırla	Einstellungen & Cache zurücksetzen
settings_this_resets_all_app_settings_and_clears_cached	This resets all app settings and clears cached data. Your saved library, playlists, favorites, and downloads are kept.	这会重置所有应用设置并清除缓存数据。你保存的音乐库、歌单、收藏和下载内容都会保留。	アプリのすべての設定をリセットし、キャッシュデータを消去します。保存したライブラリ、プレイリスト、お気に入り、ダウンロードは残ります。	Cela réinitialise tous les paramètres de l’app et efface les données en cache. Votre bibliothèque, vos playlists, vos favoris et vos téléchargements sont conservés.	Esto restablece todos los ajustes de la app y borra los datos en caché. Se conservan tu biblioteca, playlists, favoritos y descargas.	Bu işlem tüm uygulama ayarlarını sıfırlar ve önbellekteki verileri temizler. Kayıtlı kitaplığınız, çalma listeleriniz, favorileriniz ve indirilenleriniz korunur.	Setzt alle App-Einstellungen zurück und löscht zwischengespeicherte Daten. Deine Bibliothek, Playlists, Favoriten und Downloads bleiben erhalten.
settings_storage	Storage	存储	ストレージ	Stockage	Almacenamiento	Depolama	Speicher
settings_clear_cache	Clear Cache	清除缓存	キャッシュを消去	Vider le cache	Borrar caché	Önbelleği temizle	Cache leeren
settings_data	Data	数据	データ	Données	Datos	Veriler	Daten
settings_backup_restore	Backup & Restore	备份和恢复	バックアップと復元	Sauvegarde et restauration	Copia de seguridad y restauración	Yedekleme ve geri yükleme	Sichern & Wiederherstellen
settings_export_or_import_your_library_and_history_as_a	Export or import your library and history as a JSON file	以 JSON 文件导出或导入你的音乐库和历史记录	ライブラリと履歴を JSON ファイルで書き出し・読み込み	Exporter ou importer votre bibliothèque et votre historique dans un fichier JSON	Exporta o importa tu biblioteca e historial como archivo JSON	Kitaplığınızı ve geçmişinizi JSON dosyası olarak dışa veya içe aktarın	Bibliothek und Verlauf als JSON-Datei exportieren oder importieren
settings_export_json	Export JSON	导出 JSON	JSON を書き出す	Exporter en JSON	Exportar JSON	JSON olarak dışa aktar	JSON exportieren
settings_import_json	Import JSON	导入 JSON	JSON を読み込む	Importer un JSON	Importar JSON	JSON içe aktar	JSON importieren
settings_performance	Performance	性能	パフォーマンス	Performances	Rendimiento	Performans	Leistung
settings_diagnostics	Diagnostics	诊断	診断	Diagnostic	Diagnóstico	Tanılama	Diagnose
settings_updates	Updates	更新	アップデート	Mises à jour	Actualizaciones	Güncellemeler	Updates
settings_about_tryptify	About Tryptify	关于 Tryptify	Tryptify について	À propos de Tryptify	Acerca de Tryptify	Tryptify hakkında	Über Tryptify
settings_support_the_app	Support the app	支持本应用	アプリを支援	Soutenir l’app	Apoya la app	Uygulamayı destekle	App unterstützen
settings_local_media_scanning	Local Media Scanning	本地媒体扫描	ローカルメディアのスキャン	Analyse des médias locaux	Escaneo de contenido local	Yerel medya taraması	Lokale Medien scannen
settings_tab_bar	Nav Bar	导航栏	ナビゲーションバー	Barre de navigation	Barra de navegación	Gezinme çubuğu	Navigationsleiste
settings_home_library_and_search_are_always_there_turn	Home, Library and Search are always there. Pick up to two pages for the middle.	首页、音乐库和搜索始终保留。最多可再选两个页面放在中间。	ホーム、ライブラリ、検索は常に表示されます。中央に置くページを最大 2 つ選べます。	Accueil, Bibliothèque et Rechercher sont toujours là. Choisissez jusqu’à deux pages pour le milieu.	Inicio, Biblioteca y Buscar siempre están. Elige hasta dos páginas para el centro.	Ana Sayfa, Kitaplık ve Ara her zaman görünür. Ortaya en fazla iki sayfa seçin.	Start, Bibliothek und Suche sind immer da. Wähle bis zu zwei Seiten für die Mitte.
settings_library_sections	Library Sections	音乐库分区	ライブラリのセクション	Sections de la bibliothèque	Secciones de la biblioteca	Kitaplık bölümleri	Bibliotheksbereiche
settings_the_order_of_the_switcher_at_the_top_of_library	The order of the switcher at the top of Library. Gray out the ones you don't use and they leave it.	音乐库顶部切换栏的顺序。将不用的分区置灰，它们就会从切换栏中移除。	ライブラリ上部の切り替えバーの並び順です。使わないものをグレーにすると、バーから外れます。	L’ordre du sélecteur en haut de la Bibliothèque. Grisez ceux que vous n’utilisez pas et ils en disparaissent.	El orden del selector en la parte superior de la Biblioteca. Atenúa las que no uses y desaparecerán de él.	Kitaplık’ın üstündeki geçiş çubuğunun sırası. Kullanmadıklarınızı grileştirin, çubuktan çıksınlar.	Die Reihenfolge der Umschaltleiste oben in der Bibliothek. Graue die aus, die du nicht nutzt, dann verschwinden sie daraus.
settings_playlist_import	Playlist Import	歌单导入	プレイリストのインポート	Import de playlists	Importación de playlists	Çalma listesi içe aktarma	Playlist-Import
settings_spotify_playlist_url	Spotify playlist URL	Spotify 歌单 URL	Spotify プレイリストの URL	URL de la playlist Spotify	URL de la playlist de Spotify	Spotify çalma listesi URL’si	Spotify-Playlist-URL
settings_connect_spotify_on_the_connections_tab_to_enable	Connect Spotify on the Connections tab to enable URL import	在“连接”标签页中连接 Spotify 以启用 URL 导入	「接続」タブで Spotify を接続すると、URL からインポートできます	Connectez Spotify dans l’onglet Connexions pour activer l’import par URL	Conecta Spotify en la pestaña Conexiones para activar la importación por URL	URL ile içe aktarmayı etkinleştirmek için Bağlantılar sekmesinden Spotify’ı bağlayın	Verbinde Spotify im Tab „Verbindungen“, um den URL-Import zu aktivieren
settings_import_playlist	Import Playlist	导入歌单	プレイリストをインポート	Importer la playlist	Importar playlist	Çalma listesini içe aktar	Playlist importieren
settings_browse_my_playlists	Browse My Playlists	浏览我的歌单	自分のプレイリストを見る	Parcourir mes playlists	Explorar mis playlists	Çalma listelerime göz at	Meine Playlists durchsuchen
settings_tab_appearance	Appearance	外观	外観	Apparence	Apariencia	Görünüm	Darstellung
settings_tab_visual_studio	Visual Studio	视觉工作室	ビジュアルスタジオ	Studio visuel	Estudio visual	Görsel Stüdyo	Visual Studio
settings_tab_audio	Audio	音频	オーディオ	Audio	Audio	Ses	Audio
settings_tab_equalizer	Equalizer	均衡器	イコライザ	Égaliseur	Ecualizador	Ekolayzer	Equalizer
settings_tab_library	Library	音乐库	ライブラリ	Bibliothèque	Biblioteca	Kitaplık	Bibliothek
settings_tab_downloads	Downloads	下载	ダウンロード	Téléchargements	Descargas	İndirilenler	Downloads
settings_tab_connections	Connections	连接	接続	Connexions	Conexiones	Bağlantılar	Verbindungen
settings_tab_radio	Radio	电台	ラジオ	Radio	Radio	Radyo	Radio
settings_tab_system	System	系统	システム	Système	Sistema	Sistem	System
settings_tab_about	About	关于	情報	À propos	Acerca de	Hakkında	Info
settings_glow_radius	Glow radius	光晕半径	後光の半径	Rayon du halo	Radio del halo	Hale yarıçapı	Radius des Lichtkranzes
settings_glow_brightness	Glow brightness	光晕亮度	後光の明るさ	Luminosité du halo	Brillo del halo	Hale parlaklığı	Helligkeit des Lichtkranzes
search_crossfade	Crossfade	淡入淡出	クロスフェード	Fondu enchaîné	Fundido cruzado	Geçişli karışım	Überblendung
search_hrtf_database	HRTF database	HRTF 数据库	HRTF データベース	Base de données HRTF	Base de datos HRTF	HRTF veritabanı	HRTF-Datenbank
search_parametric_eq	Parametric EQ	参数均衡器	パラメトリック EQ	Égaliseur paramétrique	Ecualizador paramétrico	Parametrik EQ	Parametrischer EQ
search_autoeq_headphone_profile	AutoEQ headphone profile	AutoEQ 耳机配置	AutoEQ ヘッドホンプロファイル	Profil de casque AutoEQ	Perfil de auriculares AutoEQ	AutoEQ kulaklık profili	AutoEQ-Kopfhörerprofil
settings_spectrum_waterfall	Spectrum waterfall	频谱瀑布图	スペクトラム ウォーターフォール	Cascade spectrale	Cascada espectral	Spektrum şelalesi	Spektrum-Wasserfall
search_download_centre	Download centre	下载中心	ダウンロードセンター	Centre de téléchargement	Centro de descargas	İndirme merkezi	Download-Center
search_lastfm_scrobbling	Last.fm scrobbling	Last.fm 收听记录同步	Last.fm へのスクロブル	Scrobbling Last.fm	Scrobbling de Last.fm	Last.fm scrobble	Last.fm-Scrobbling
search_apis	APIs	API	API	API	API	API’ler	APIs
search_ai_radio	AI radio	AI 电台	AI ラジオ	Radio IA	Radio con IA	Yapay zekâ radyosu	KI-Radio
search_radio_weights	Radio weights	电台权重	ラジオの重み付け	Pondérations de la radio	Ponderaciones de la radio	Radyo ağırlıkları	Radio-Gewichtung
search_version	Version	版本	バージョン	Version	Versión	Sürüm	Version
settings_close_search	Close search	关闭搜索	検索を閉じる	Fermer la recherche	Cerrar la búsqueda	Aramayı kapat	Suche schließen
settings_font_small	Small	小	小	Petite	Pequeña	Küçük	Klein
settings_font_default	Default	默认	標準	Par défaut	Predeterminada	Varsayılan	Standard
settings_font_large	Large	大	大	Grande	Grande	Büyük	Groß
settings_font_larger	Larger	较大	さらに大	Plus grande	Más grande	Daha büyük	Größer
settings_font_largest	Largest	最大	最大	Très grande	La más grande	En büyük	Am größten
settings_none_selected	None selected	未选择	未選択	Aucune sélection	Ninguno seleccionado	Seçilmedi	Nichts ausgewählt
settings_eq_preset_summary	%1$s · %2$s	%1$s · %2$s	%1$s · %2$s	%1$s · %2$s	%1$s · %2$s	%1$s · %2$s	%1$s · %2$s
settings_delete_named	Delete “%1$s”?	要删除“%1$s”吗？	「%1$s」を削除しますか？	Supprimer « %1$s » ?	¿Eliminar «%1$s»?	“%1$s” silinsin mi?	„%1$s“ löschen?
settings_glow_radius_value	Glow radius  +%1$d dp	光晕半径  +%1$d dp	後光の半径  +%1$d dp	Rayon du halo  +%1$d dp	Radio del halo  +%1$d dp	Hale yarıçapı  +%1$d dp	Radius des Lichtkranzes  +%1$d dp
settings_glow_brightness_value	Glow brightness  %1$d%%	光晕亮度  %1$d%%	後光の明るさ  %1$d%%	Luminosité du halo  %1$d %%	Brillo del halo  %1$d %%	Hale parlaklığı  %%%1$d	Helligkeit des Lichtkranzes  %1$d %%
settings_inter_default	Inter (default)	Inter（默认）	Inter（既定）	Inter (par défaut)	Inter (predeterminada)	Inter (varsayılan)	Inter (Standard)
settings_collapse_font_library	Collapse font library	收起字体库	フォントライブラリを閉じる	Réduire la bibliothèque de polices	Contraer la biblioteca de fuentes	Yazı tipi kitaplığını daralt	Schriftbibliothek einklappen
settings_expand_font_library	Expand font library	展开字体库	フォントライブラリを開く	Développer la bibliothèque de polices	Expandir la biblioteca de fuentes	Yazı tipi kitaplığını genişlet	Schriftbibliothek ausklappen
settings_delete_font	Delete %1$s	删除 %1$s	%1$s を削除	Supprimer %1$s	Eliminar %1$s	%1$s yazı tipini sil	%1$s löschen
settings_view_mode_summary	Action when clicking album art: %1$s	点击专辑封面时：%1$s	アルバムアートをタップしたとき：%1$s	Action au toucher de la pochette : %1$s	Al tocar la portada: %1$s	Albüm kapağına dokunulduğunda: %1$s	Beim Tippen aufs Albumcover: %1$s
settings_view_cover_art	Cover Art	专辑封面	アルバムアート	Pochette	Portada	Albüm kapağı	Albumcover
settings_auto_select_bundled_preset	Auto-select bundled preset	自动选择内置预设	内蔵プリセットを自動選択	Choisir automatiquement un préréglage intégré	Elegir automáticamente un preset incluido	Dahili ön ayarı otomatik seç	Mitgeliefertes Preset automatisch wählen
settings_fft_low	Low (4096)	低（4096）	低（4096）	Basse (4096)	Baja (4096)	Düşük (4096)	Niedrig (4096)
settings_fft_medium	Medium (8192)	中（8192）	中（8192）	Moyenne (8192)	Media (8192)	Orta (8192)	Mittel (8192)
settings_fft_high	High (16384)	高（16384）	高（16384）	Haute (16384)	Alta (16384)	Yüksek (16384)	Hoch (16384)
settings_mesh_x	Mesh X: %1$d	网格 X：%1$d	メッシュ X：%1$d	Maillage X : %1$d	Malla X: %1$d	Ağ X: %1$d	Mesh X: %1$d
settings_mesh_y	Mesh Y: %1$d	网格 Y：%1$d	メッシュ Y：%1$d	Maillage Y : %1$d	Malla Y: %1$d	Ağ Y: %1$d	Mesh Y: %1$d
settings_target_fps	Target FPS: %1$d	目标帧率：%1$d	目標 FPS：%1$d	FPS cible : %1$d	FPS objetivo: %1$d	Hedef FPS: %1$d	Ziel-FPS: %1$d
settings_target_fps_vsync	Applies with vsync off. While the visualizer is display-synced the panel sets the rate and this is not used.	关闭垂直同步时生效。可视化与屏幕同步时由屏幕决定帧率，此项不起作用。	垂直同期がオフのときに適用されます。ビジュアライザが画面と同期している間はパネルがレートを決めるため、この設定は使われません。	S’applique avec la synchro verticale désactivée. Tant que le visualiseur suit l’écran, c’est la dalle qui fixe la fréquence et ce réglage n’est pas utilisé.	Se aplica con la sincronización vertical desactivada. Mientras el visualizador va sincronizado con la pantalla, es el panel el que fija la frecuencia y esto no se usa.	Dikey eşitleme kapalıyken uygulanır. Görselleştirici ekranla eşitlenmişken hızı panel belirler ve bu ayar kullanılmaz.	Gilt bei ausgeschaltetem VSync. Solange der Visualizer mit dem Display synchronisiert ist, bestimmt das Panel die Rate und dieser Wert wird nicht genutzt.
settings_target_fps_free	Caps the visualizer while it is free-running.	在可视化不受同步限制运行时限制其帧率。	ビジュアライザが同期せずに動作しているときの上限です。	Plafonne le visualiseur quand il tourne librement.	Limita el visualizador cuando funciona sin sincronización.	Görselleştirici serbest çalışırken onu sınırlar.	Begrenzt den Visualizer, wenn er frei läuft.
settings_audio_delay_off	Audio delay: off	音频延迟：关	音声の遅延：オフ	Retard audio : désactivé	Retardo de audio: desactivado	Ses gecikmesi: kapalı	Audioverzögerung: aus
settings_audio_delay_ms	Audio delay: %1$d ms	音频延迟：%1$d 毫秒	音声の遅延：%1$d ms	Retard audio : %1$d ms	Retardo de audio: %1$d ms	Ses gecikmesi: %1$d ms	Audioverzögerung: %1$d ms
settings_engine_status_summary	%1$s • assets %2$s	%1$s • 资源 %2$s	%1$s • アセット %2$s	%1$s • ressources %2$s	%1$s • recursos %2$s	%1$s • varlıklar %2$s	%1$s • Assets %2$s
settings_rotation_off_desc	Nothing changes the preset. Picking one, and Next, still work.	不会自动更换预设。手动选择和“下一个”仍然可用。	プリセットは自動では変わりません。手動での選択と「次へ」は使えます。	Rien ne change le préréglage. En choisir un, et Suivant, fonctionnent toujours.	Nada cambia el preset. Elegir uno, y Siguiente, siguen funcionando.	Ön ayarı hiçbir şey değiştirmez. Seçmek ve Sonraki yine çalışır.	Nichts wechselt das Preset. Auswählen und „Weiter“ funktionieren trotzdem.
settings_rotation_timer_desc	A new preset every so often, for as long as the visualizer is up.	可视化显示期间，每隔一段时间更换一个新预设。	ビジュアライザの表示中、一定間隔で新しいプリセットに替わります。	Un nouveau préréglage à intervalles réguliers, tant que le visualiseur est affiché.	Un preset nuevo cada cierto tiempo, mientras el visualizador esté abierto.	Görselleştirici açık kaldığı sürece belli aralıklarla yeni bir ön ayar.	Alle paar Augenblicke ein neues Preset, solange der Visualizer läuft.
settings_rotation_track_desc	A new preset when the track changes, and nothing in between.	切歌时更换新预设，其间不会变化。	曲が変わるときに新しいプリセットに替わり、その間は変わりません。	Un nouveau préréglage à chaque changement de titre, et rien entre-temps.	Un preset nuevo al cambiar de canción, y nada entre medias.	Parça değiştiğinde yeni bir ön ayar; arada hiçbir şey değişmez.	Ein neues Preset beim Titelwechsel, dazwischen nichts.
settings_rotation_timer	On a timer	定时	タイマー	Minuté	Con temporizador	Zamanlayıcıyla	Per Timer
settings_rotation_track	Each track	每首歌	曲ごと	À chaque titre	Cada canción	Her parçada	Pro Titel
settings_every_seconds	Every %1$d s	每 %1$d 秒	%1$d 秒ごと	Toutes les %1$d s	Cada %1$d s	%1$d sn’de bir	Alle %1$d s
settings_sensitivity_value	Sensitivity: %1$d%%	灵敏度：%1$d%%	感度：%1$d%%	Sensibilité : %1$d %%	Sensibilidad: %1$d %%	Hassasiyet: %%%1$d	Empfindlichkeit: %1$d %%
settings_brightness_value	Brightness: %1$d%%	亮度：%1$d%%	明るさ：%1$d%%	Luminosité : %1$d %%	Brillo: %1$d %%	Parlaklık: %%%1$d	Helligkeit: %1$d %%
settings_lastfm_key_needed	Needed to scrobble. Scrobbles are signed with your own secret and posted to your own listening history, so they use your credentials rather than a key shared by everyone. Create a pair free at last.fm/api/account/create.	同步收听记录（scrobble）时需要。记录会用你自己的密钥签名并发布到你自己的收听历史，因此使用的是你的凭据，而不是所有人共用的密钥。可在 last.fm/api/account/create 免费创建一对。	スクロブルに必要です。スクロブルはあなた自身のシークレットで署名され、あなたの再生履歴に送られるため、全員で共有するキーではなくあなたの認証情報を使います。last.fm/api/account/create で無料で作成できます。	Nécessaire pour scrobbler. Les scrobbles sont signés avec votre propre secret et publiés dans votre propre historique d’écoute : ils utilisent donc vos identifiants plutôt qu’une clé partagée par tous. Créez-en une paire gratuitement sur last.fm/api/account/create.	Necesaria para hacer scrobbling. Los scrobbles se firman con tu propio secreto y se publican en tu propio historial de escucha, así que usan tus credenciales en lugar de una clave compartida por todos. Crea un par gratis en last.fm/api/account/create.	Scrobble için gerekir. Scrobble’lar kendi gizli anahtarınızla imzalanıp kendi dinleme geçmişinize gönderilir; yani herkesin paylaştığı bir anahtar yerine sizin kimlik bilgilerinizi kullanır. last.fm/api/account/create adresinden ücretsiz bir çift oluşturun.	Nötig zum Scrobbeln. Scrobbles werden mit deinem eigenen Secret signiert und in deinen eigenen Hörverlauf gepostet – sie nutzen also deine Zugangsdaten statt eines Schlüssels, den alle teilen. Erstelle kostenlos ein Paar unter last.fm/api/account/create.
settings_lastfm_callback	Set the application's Callback URL to %1$s so authorising returns to Tryptify.	请将应用的回调 URL（Callback URL）设为 %1$s，这样授权后会返回 Tryptify。	アプリケーションの Callback URL を %1$s に設定すると、認証後に Tryptify に戻ります。	Définissez l’URL de rappel (Callback URL) de l’application sur %1$s pour que l’autorisation revienne à Tryptify.	Configura la Callback URL de la aplicación como %1$s para que la autorización vuelva a Tryptify.	Yetkilendirmenin Tryptify’a dönmesi için uygulamanın Callback URL’sini %1$s olarak ayarlayın.	Setze die Callback-URL der Anwendung auf %1$s, damit die Autorisierung zu Tryptify zurückführt.
settings_lastfm_key_set	Set. Scrobbling can sign as you	已设置。可以用你的身份签名记录	設定済み。あなたとしてスクロブルできます	Définie. Le scrobbling peut signer en votre nom	Configurada. El scrobbling puede firmar como tú	Ayarlandı. Scrobble sizin adınıza imzalanabilir	Gesetzt. Scrobbling kann in deinem Namen signieren
settings_lastfm_secret_missing	Key set, secret missing. Scrobbling still can't sign	已设置密钥，但缺少共享密钥。仍无法签名记录	キーは設定済みですが、シークレットがありません。まだスクロブルできません	Clé définie, secret manquant. Le scrobbling ne peut toujours pas signer	Clave configurada, falta el secreto. El scrobbling aún no puede firmar	Anahtar ayarlandı, gizli anahtar eksik. Scrobble hâlâ imzalanamıyor	Schlüssel gesetzt, Secret fehlt. Scrobbling kann noch nicht signieren
settings_lastfm_not_set_charts	Not set. Charts use the built-in key; scrobbling needs yours	未设置。排行榜使用内置密钥；同步收听记录需要你自己的密钥	未設定。チャートは内蔵キーを使います。スクロブルにはあなたのキーが必要です	Non définie. Les classements utilisent la clé intégrée ; le scrobbling a besoin de la vôtre	Sin configurar. Las listas usan la clave integrada; el scrobbling necesita la tuya	Ayarlanmadı. Listeler yerleşik anahtarı kullanır; scrobble için sizinki gerekir	Nicht gesetzt. Charts nutzen den eingebauten Schlüssel; Scrobbling braucht deinen
settings_lastfm_not_set	Not set. Needed for scrobbling and for all-time charts	未设置。同步收听记录和历史总榜都需要它	未設定。スクロブルと全期間チャートに必要です	Non définie. Nécessaire pour le scrobbling et les classements de tous les temps	Sin configurar. Necesaria para el scrobbling y las listas de todos los tiempos	Ayarlanmadı. Scrobble ve tüm zamanlar listeleri için gerekir	Nicht gesetzt. Nötig fürs Scrobbling und für die Allzeit-Charts
settings_connected_as	Connected as %1$s	已连接：%1$s	%1$s として接続中	Connecté en tant que %1$s	Conectado como %1$s	%1$s olarak bağlı	Verbunden als %1$s
settings_user	user	用户	ユーザー	utilisateur	usuario	kullanıcı	Nutzer
settings_waiting_for_lastfm	Waiting for Last.fm…	正在等待 Last.fm…	Last.fm を待っています…	En attente de Last.fm…	Esperando a Last.fm…	Last.fm bekleniyor…	Warte auf Last.fm …
settings_lastfm_tap_to_authorise	Not connected. Tap to authorise in your browser	未连接。点按以在浏览器中授权	未接続です。タップするとブラウザで認証します	Non connecté. Touchez pour autoriser dans votre navigateur	Sin conectar. Toca para autorizar en tu navegador	Bağlı değil. Tarayıcınızda yetkilendirmek için dokunun	Nicht verbunden. Tippen, um im Browser zu autorisieren
settings_not_connected	Not connected	未连接	未接続	Non connecté	Sin conectar	Bağlı değil	Nicht verbunden
settings_blend_gapless	Blend Between Tracks: Gapless	歌曲间过渡：无缝	曲間のブレンド：ギャップレス	Fondu entre les titres : sans blanc	Mezcla entre canciones: sin pausas	Parçalar arası geçiş: kesintisiz	Übergang zwischen Titeln: lückenlos
settings_blend_seconds	Blend Between Tracks: %1$d s	歌曲间过渡：%1$d 秒	曲間のブレンド：%1$d 秒	Fondu entre les titres : %1$d s	Mezcla entre canciones: %1$d s	Parçalar arası geçiş: %1$d sn	Übergang zwischen Titeln: %1$d s
settings_blend_zero_desc	At zero, tracks run straight into each other with no gap. Add time to overlap them instead.	为零时，歌曲之间直接衔接，没有间隙。增加时长可让它们相互重叠。	ゼロでは曲が間を置かずにそのままつながります。時間を加えると重ねて切り替わります。	À zéro, les titres s’enchaînent directement, sans blanc. Ajoutez du temps pour les faire se chevaucher.	En cero, las canciones se suceden sin pausa. Añade tiempo para que se solapen.	Sıfırda parçalar arada boşluk olmadan doğrudan birbirine bağlanır. Üst üste binmeleri için süre ekleyin.	Bei null gehen die Titel ohne Lücke direkt ineinander über. Füge Zeit hinzu, damit sie sich überlappen.
settings_blend_desc	The outgoing track fades out while the next fades in over %1$d s.	当前歌曲淡出的同时，下一首在 %1$d 秒内淡入。	前の曲がフェードアウトし、次の曲が %1$d 秒かけてフェードインします。	Le titre sortant s’estompe pendant que le suivant monte en %1$d s.	La canción saliente se desvanece mientras la siguiente entra en %1$d s.	Çıkan parça kısılırken sonraki %1$d sn içinde yükselir.	Der auslaufende Titel blendet aus, während der nächste über %1$d s einblendet.
settings_pitch_fraction	Pitch: %1$+.2f semitones	音高：%1$+.2f 个半音	ピッチ：%1$+.2f 半音	Hauteur : %1$+.2f demi-tons	Tono: %1$+.2f semitonos	Perde: %1$+.2f yarım ton	Tonhöhe: %1$+.2f Halbtöne
settings_downmix_on	Multichannel tracks fold into stereo (fixed matrix) and run through DSP/EQ.	多声道歌曲会缩混为立体声（固定矩阵），并经过 DSP/EQ 处理。	マルチチャンネルの曲はステレオに畳み込まれ（固定マトリクス）、DSP/EQ を通ります。	Les titres multicanaux sont réduits en stéréo (matrice fixe) et passent par le DSP/l’égaliseur.	Las canciones multicanal se reducen a estéreo (matriz fija) y pasan por DSP/EQ.	Çok kanallı parçalar stereoya indirilir (sabit matris) ve DSP/EQ’dan geçer.	Mehrkanaltitel werden auf Stereo gefaltet (feste Matrix) und laufen durch DSP/EQ.
settings_downmix_off	Off. Multichannel passes to the device untouched; DSP/EQ bypassed for those tracks.	关闭。多声道原样传给设备；这些歌曲将绕过 DSP/EQ。	オフ。マルチチャンネルはそのまま端末に渡され、それらの曲では DSP/EQ を通りません。	Désactivé. Le multicanal est transmis tel quel à l’appareil ; DSP/égaliseur contournés pour ces titres.	Desactivado. El multicanal pasa intacto al dispositivo; DSP/EQ omitidos en esas canciones.	Kapalı. Çok kanallı ses cihaza olduğu gibi gider; bu parçalarda DSP/EQ atlanır.	Aus. Mehrkanal geht unverändert ans Gerät; DSP/EQ wird für diese Titel umgangen.
settings_stop_debug_recording	Stop debug screen recording	停止调试录屏	デバッグ画面録画を停止	Arrêter l’enregistrement d’écran de débogage	Detener la grabación de pantalla de depuración	Hata ayıklama ekran kaydını durdur	Debug-Bildschirmaufnahme beenden
settings_debug_recording	Debug screen recording	调试录屏	デバッグ画面録画	Enregistrement d’écran de débogage	Grabación de pantalla de depuración	Hata ayıklama ekran kaydı	Debug-Bildschirmaufnahme
settings_debug_recording_active	Recording… native resolution/fps, stereo media audio. Tap to stop.	正在录制…原生分辨率/帧率，立体声媒体音频。点按即可停止。	録画中…ネイティブの解像度/fps、ステレオのメディア音声。タップで停止します。	Enregistrement… résolution et FPS natifs, audio multimédia stéréo. Touchez pour arrêter.	Grabando… resolución y FPS nativos, audio multimedia estéreo. Toca para detener.	Kaydediliyor… yerel çözünürlük/fps, stereo medya sesi. Durdurmak için dokunun.	Aufnahme läuft … native Auflösung/FPS, Stereo-Medienaudio. Zum Beenden tippen.
settings_debug_recording_saved	Saved: %1$s. Tap to record again.	已保存：%1$s。点按可再次录制。	保存しました：%1$s。タップでもう一度録画します。	Enregistré : %1$s. Touchez pour enregistrer à nouveau.	Guardado: %1$s. Toca para volver a grabar.	Kaydedildi: %1$s. Yeniden kaydetmek için dokunun.	Gespeichert: %1$s. Tippen, um erneut aufzunehmen.
settings_debug_recording_idle	Native resolution & fps, stereo internal audio (no mic) → Movies/Tryptify.	原生分辨率和帧率，立体声内部音频（不含麦克风）→ Movies/Tryptify。	ネイティブの解像度と fps、ステレオの内部音声（マイクなし）→ Movies/Tryptify。	Résolution et FPS natifs, audio interne stéréo (sans micro) → Movies/Tryptify.	Resolución y FPS nativos, audio interno estéreo (sin micrófono) → Movies/Tryptify.	Yerel çözünürlük ve fps, stereo dahili ses (mikrofonsuz) → Movies/Tryptify.	Native Auflösung & FPS, internes Stereo-Audio (ohne Mikro) → Movies/Tryptify.
settings_usb_off	Off. Uses system audio output.	关闭。使用系统音频输出。	オフ。システムの音声出力を使います。	Désactivé. Utilise la sortie audio du système.	Desactivado. Usa la salida de audio del sistema.	Kapalı. Sistem ses çıkışını kullanır.	Aus. Nutzt die System-Audioausgabe.
settings_usb_on_device	On → %1$s	开 → %1$s	オン → %1$s	Activé → %1$s	Activado → %1$s	Açık → %1$s	An → %1$s
settings_usb_on_waiting	On. Plug in a USB DAC to start routing.	开启。插入 USB DAC 即可开始路由。	オン。USB DAC を接続すると出力が始まります。	Activé. Branchez un DAC USB pour lancer le routage.	Activado. Conecta un DAC USB para empezar el enrutamiento.	Açık. Yönlendirmeyi başlatmak için bir USB DAC takın.	An. Schließe einen USB-DAC an, um das Routing zu starten.
settings_hires_on	On. 24-bit and float files keep full resolution through the DSP to Android's output, so LDAC/aptX HD get 24-bit. Changing speed falls back to 16-bit.	开启。24 位和浮点文件经 DSP 到 Android 输出全程保持完整分辨率，因此 LDAC/aptX HD 能获得 24 位。更改速度时会回退到 16 位。	オン。24 ビットと浮動小数点のファイルは DSP から Android の出力まで解像度を保つため、LDAC/aptX HD は 24 ビットになります。速度を変えると 16 ビットに戻ります。	Activé. Les fichiers 24 bits et flottants gardent leur pleine résolution du DSP jusqu’à la sortie d’Android : LDAC/aptX HD reçoivent du 24 bits. Changer la vitesse repasse en 16 bits.	Activado. Los archivos de 24 bits y coma flotante conservan toda su resolución del DSP a la salida de Android, así que LDAC/aptX HD reciben 24 bits. Cambiar la velocidad vuelve a 16 bits.	Açık. 24 bit ve kayan noktalı dosyalar DSP’den Android çıkışına kadar tam çözünürlüğünü korur; böylece LDAC/aptX HD 24 bit alır. Hızı değiştirmek 16 bite döner.	An. 24-Bit- und Float-Dateien behalten ihre volle Auflösung vom DSP bis zur Android-Ausgabe, LDAC/aptX HD bekommen also 24 Bit. Eine Geschwindigkeitsänderung fällt auf 16 Bit zurück.
settings_hires_off	Off. Hi-res files are cut to 16-bit before the DSP on Bluetooth and the speaker.	关闭。在蓝牙和扬声器上，高解析度文件在进入 DSP 前会被截为 16 位。	オフ。Bluetooth とスピーカーでは、ハイレゾファイルは DSP の前に 16 ビットに切り詰められます。	Désactivé. En Bluetooth et sur le haut-parleur, les fichiers haute résolution sont ramenés à 16 bits avant le DSP.	Desactivado. En Bluetooth y altavoz, los archivos de alta resolución se recortan a 16 bits antes del DSP.	Kapalı. Bluetooth’ta ve hoparlörde yüksek çözünürlüklü dosyalar DSP’den önce 16 bite düşürülür.	Aus. Bei Bluetooth und Lautsprecher werden Hi-Res-Dateien vor dem DSP auf 16 Bit gekürzt.
settings_exclusive_off	Off. UAPP-style libusb output. Needs Developer options → Disable USB audio routing → ON, otherwise Android's audio HAL will keep grabbing the DAC and fight us for it.	关闭。UAPP 式 libusb 输出。需要在“开发者选项”→“停用 USB 音频路由”中开启，否则 Android 音频 HAL 会一直抢占 DAC。	オフ。UAPP 方式の libusb 出力です。「開発者向けオプション」→「USB オーディオ ルーティングを無効化」をオンにする必要があります。そうしないと Android のオーディオ HAL が DAC を奪い合い続けます。	Désactivé. Sortie libusb à la UAPP. Nécessite Options pour les développeurs → Désactiver routage audio USB → activé ; sinon l’audio HAL d’Android continuera de s’accaparer le DAC.	Desactivado. Salida libusb al estilo UAPP. Requiere Opciones para desarrolladores → Inhabilitar enrutamiento audio USB → activado; si no, el HAL de audio de Android seguirá acaparando el DAC.	Kapalı. UAPP tarzı libusb çıkışı. Geliştirici seçenekleri → USB ses yönlendirmesini devre dışı bırak → AÇIK gerekir; yoksa Android’in ses HAL’i DAC’yi kapmaya devam eder.	Aus. libusb-Ausgabe im UAPP-Stil. Erfordert Entwickleroptionen → USB-Audiorouting deaktivieren → AN, sonst schnappt sich Androids Audio-HAL den DAC immer wieder.
settings_exclusive_starting	Starting up…	正在启动…	起動中…	Démarrage…	Iniciando…	Başlatılıyor…	Wird gestartet …
settings_exclusive_no_device	On, waiting for a USB DAC to be plugged in.	已开启，正在等待插入 USB DAC。	オン。USB DAC の接続を待っています。	Activé, en attente du branchement d’un DAC USB.	Activado, esperando a que se conecte un DAC USB.	Açık, bir USB DAC takılması bekleniyor.	An, warte auf einen angeschlossenen USB-DAC.
settings_exclusive_permission	DAC detected. Accept the system USB-permission prompt.	已检测到 DAC。请接受系统的 USB 权限提示。	DAC を検出しました。システムの USB 許可ダイアログを承認してください。	DAC détecté. Acceptez la demande d’autorisation USB du système.	DAC detectado. Acepta la solicitud de permiso USB del sistema.	DAC algılandı. Sistemin USB izni isteğini kabul edin.	DAC erkannt. Bestätige die USB-Berechtigungsanfrage des Systems.
settings_exclusive_open	DAC handle acquired ✓. Bypass engages on the next track (or skip the current track to engage now).	已获取 DAC 句柄 ✓。将从下一首歌开始绕过（或跳过当前歌曲立即生效）。	DAC のハンドルを取得しました ✓。次の曲からバイパスします（今すぐ有効にするには現在の曲をスキップ）。	Accès au DAC obtenu ✓. Le contournement s’active au titre suivant (ou passez le titre en cours pour l’activer maintenant).	Acceso al DAC obtenido ✓. La omisión se activa en la siguiente canción (o salta la actual para activarla ya).	DAC tanıtıcısı alındı ✓. Atlatma sonraki parçada devreye girer (hemen etkinleştirmek için mevcut parçayı atlayın).	DAC-Handle erhalten ✓. Die Umgehung greift beim nächsten Titel (oder überspringe den aktuellen, um sie sofort zu aktivieren).
settings_exclusive_claimed	Streaming interface claimed ✓	已占用流式接口 ✓	ストリーミングインターフェースを確保しました ✓	Interface de streaming réservée ✓	Interfaz de streaming reservada ✓	Akış arabirimi alındı ✓	Streaming-Schnittstelle belegt ✓
settings_exclusive_streaming	Bit-perfect: bypassing Android audio ✓ (EQ / DSP still active)	比特级精确：已绕过 Android 音频 ✓（EQ / DSP 仍然生效）	ビットパーフェクト：Android のオーディオをバイパス中 ✓（EQ / DSP は有効）	Bit-perfect : audio d’Android contourné ✓ (égaliseur / DSP toujours actifs)	Bit-perfect: omitiendo el audio de Android ✓ (EQ / DSP siguen activos)	Bit-perfect: Android sesi atlanıyor ✓ (EQ / DSP hâlâ etkin)	Bit-perfekt: Android-Audio wird umgangen ✓ (EQ / DSP weiter aktiv)
settings_exclusive_error	Bypass couldn't engage. See logcat tagged 'LibusbUacDriver' for details.	无法启用绕过。详情请查看标记为“LibusbUacDriver”的 logcat。	バイパスを有効にできませんでした。詳細は「LibusbUacDriver」タグの logcat を確認してください。	Le contournement n’a pas pu s’activer. Consultez le logcat avec l’étiquette « LibusbUacDriver » pour en savoir plus.	No se pudo activar la omisión. Consulta el logcat con la etiqueta «LibusbUacDriver» para más detalles.	Atlatma devreye giremedi. Ayrıntılar için “LibusbUacDriver” etiketli logcat’e bakın.	Umgehung konnte nicht aktiviert werden. Details im Logcat mit dem Tag „LibusbUacDriver“.
settings_custom_folder	Custom folder	自定义文件夹	カスタムフォルダ	Dossier personnalisé	Carpeta personalizada	Özel klasör	Eigener Ordner
settings_internal_storage_default	Internal app storage (default)	应用内部存储（默认）	アプリの内部ストレージ（既定）	Stockage interne de l’app (par défaut)	Almacenamiento interno de la app (predeterminado)	Uygulamanın dahili depolama alanı (varsayılan)	Interner App-Speicher (Standard)
settings_discord_not_set	Not set. Needed to show what you're playing	未设置。显示你正在播放的内容需要它	未設定。再生中の曲を表示するのに必要です	Non défini. Nécessaire pour montrer ce que vous écoutez	Sin configurar. Necesario para mostrar lo que escuchas	Ayarlanmadı. Ne çaldığınızı göstermek için gerekir	Nicht gesetzt. Nötig, um zu zeigen, was du hörst
settings_discord_user_no_art	%1$s, album art off (no application ID)	%1$s，专辑封面已关闭（无应用 ID）	%1$s、アルバムアートはオフ（アプリケーション ID なし）	%1$s, pochette désactivée (pas d’identifiant d’application)	%1$s, portada desactivada (sin ID de aplicación)	%1$s, albüm kapağı kapalı (uygulama ID’si yok)	%1$s, Albumcover aus (keine Anwendungs-ID)
settings_discord_set_no_art	Set. Album art off (no application ID)	已设置。专辑封面已关闭（无应用 ID）	設定済み。アルバムアートはオフ（アプリケーション ID なし）	Défini. Pochette désactivée (pas d’identifiant d’application)	Configurado. Portada desactivada (sin ID de aplicación)	Ayarlandı. Albüm kapağı kapalı (uygulama ID’si yok)	Gesetzt. Albumcover aus (keine Anwendungs-ID)
settings_set	Set	已设置	設定済み	Défini	Configurado	Ayarlandı	Gesetzt
settings_discord_add_token_first	Add a token first	请先添加令牌	先にトークンを追加してください	Ajoutez d’abord un jeton	Añade primero un token	Önce bir belirteç ekleyin	Füge zuerst ein Token hinzu
settings_discord_on_showing	On. Your profile is showing the current track	已开启。你的个人资料正在显示当前歌曲	オン。プロフィールに現在の曲を表示中です	Activé. Votre profil affiche le titre en cours	Activado. Tu perfil muestra la canción actual	Açık. Profiliniz şu anki parçayı gösteriyor	An. Dein Profil zeigt den aktuellen Titel
settings_connecting	Connecting…	正在连接…	接続中…	Connexion…	Conectando…	Bağlanıyor…	Verbindung wird hergestellt …
settings_couldnt_connect	Couldn't connect	无法连接	接続できませんでした	Connexion impossible	No se pudo conectar	Bağlanılamadı	Verbindung fehlgeschlagen
settings_discord_on_waiting	On. Connects when something plays	已开启。播放内容时连接	オン。再生が始まると接続します	Activé. Se connecte dès que quelque chose est lu	Activado. Se conecta cuando suena algo	Açık. Bir şey çaldığında bağlanır	An. Verbindet sich, sobald etwas läuft
settings_spectrum_circle	Off. The spectrum sits in the small circle	关闭。频谱显示在小圆圈里	オフ。スペクトラムは小さな円の中に表示されます	Désactivé. Le spectre reste dans le petit cercle	Desactivado. El espectro se queda en el círculo pequeño	Kapalı. Spektrum küçük dairenin içinde durur	Aus. Das Spektrum sitzt im kleinen Kreis
settings_posting_to_channel	Posting to channel %1$s	正在发布到频道 %1$s	チャンネル %1$s に投稿中	Publication dans le salon %1$s	Publicando en el canal %1$s	%1$s kanalına gönderiliyor	Postet in Kanal %1$s
settings_connect_spotify	Connect Spotify	连接 Spotify	Spotify を接続	Connecter Spotify	Conectar Spotify	Spotify’ı bağla	Spotify verbinden
settings_failed_to_read_file	Failed to read file	无法读取文件	ファイルを読み込めませんでした	Impossible de lire le fichier	No se pudo leer el archivo	Dosya okunamadı	Datei konnte nicht gelesen werden
settings_backup_saved	Backup saved	备份已保存	バックアップを保存しました	Sauvegarde enregistrée	Copia de seguridad guardada	Yedek kaydedildi	Sicherung gespeichert
settings_failed_to_save_backup	Failed to save backup	无法保存备份	バックアップを保存できませんでした	Impossible d’enregistrer la sauvegarde	No se pudo guardar la copia de seguridad	Yedek kaydedilemedi	Sicherung konnte nicht gespeichert werden
settings_version_line	Tryptify version %1$s · 2026	Tryptify 版本 %1$s · 2026	Tryptify バージョン %1$s · 2026	Tryptify version %1$s · 2026	Tryptify versión %1$s · 2026	Tryptify sürüm %1$s · 2026	Tryptify Version %1$s · 2026
settings_pitch_exact#one	Pitch: %1$s semitone (exact)	音高：%1$s 个半音（精确）	ピッチ：%1$s 半音（ちょうど）	Hauteur : %1$s demi-ton (exact)	Tono: %1$s semitono (exacto)	Perde: %1$s yarım ton (tam)	Tonhöhe: %1$s Halbton (exakt)
settings_pitch_exact#many	Pitch: %1$s semitones (exact)	音高：%1$s 个半音（精确）	ピッチ：%1$s 半音（ちょうど）	Hauteur : %1$s demi-tons (exact)	Tono: %1$s semitonos (exacto)	Perde: %1$s yarım ton (tam)	Tonhöhe: %1$s Halbtöne (exakt)
settings_pitch_exact#other	Pitch: %1$s semitones (exact)	音高：%1$s 个半音（精确）	ピッチ：%1$s 半音（ちょうど）	Hauteur : %1$s demi-tons (exact)	Tono: %1$s semitonos (exacto)	Perde: %1$s yarım ton (tam)	Tonhöhe: %1$s Halbtöne (exakt)
settings_size_suffix	 (%1$s)	（%1$s）	（%1$s）	 (%1$s)	 (%1$s)	 (%1$s)	 (%1$s)
settings_clear_downloads_warning#one	%1$d downloaded track%2$s will be deleted from your device. Streaming it again needs a connection, and re-downloading it needs the same data over again. This cannot be undone.	%1$d 首已下载的歌曲%2$s将从你的设备中删除。再次播放需要网络连接，重新下载也需要再次消耗同样的流量。此操作无法撤消。	ダウンロード済みの %1$d 曲%2$sがデバイスから削除されます。もう一度ストリーミングするには接続が必要で、再ダウンロードには同じ量のデータ通信が必要です。この操作は元に戻せません。	%1$d titre téléchargé%2$s sera supprimé de votre appareil. Le réécouter en streaming demande une connexion, et le retélécharger consomme à nouveau les mêmes données. Cette action est irréversible.	Se eliminará de tu dispositivo %1$d canción descargada%2$s. Volver a reproducirla en streaming requiere conexión, y descargarla de nuevo consume otra vez los mismos datos. No se puede deshacer.	İndirilmiş %1$d parça%2$s cihazınızdan silinecek. Yeniden akışla çalmak bağlantı, yeniden indirmek ise aynı veriyi tekrar gerektirir. Bu işlem geri alınamaz.	%1$d heruntergeladener Titel%2$s wird von deinem Gerät gelöscht. Erneutes Streamen braucht eine Verbindung, erneutes Herunterladen dieselbe Datenmenge noch einmal. Das lässt sich nicht rückgängig machen.
settings_clear_downloads_warning#many	%1$d downloaded tracks%2$s will be deleted from your device. Streaming them again needs a connection, and re-downloading them needs the same data over again. This cannot be undone.	%1$d 首已下载的歌曲%2$s将从你的设备中删除。再次播放需要网络连接，重新下载也需要再次消耗同样的流量。此操作无法撤消。	ダウンロード済みの %1$d 曲%2$sがデバイスから削除されます。もう一度ストリーミングするには接続が必要で、再ダウンロードには同じ量のデータ通信が必要です。この操作は元に戻せません。	%1$d titres téléchargés%2$s seront supprimés de votre appareil. Les réécouter en streaming demande une connexion, et les retélécharger consomme à nouveau les mêmes données. Cette action est irréversible.	Se eliminarán de tu dispositivo %1$d canciones descargadas%2$s. Volver a reproducirlas en streaming requiere conexión, y descargarlas de nuevo consume otra vez los mismos datos. No se puede deshacer.	İndirilmiş %1$d parça%2$s cihazınızdan silinecek. Yeniden akışla çalmak bağlantı, yeniden indirmek ise aynı veriyi tekrar gerektirir. Bu işlem geri alınamaz.	%1$d heruntergeladene Titel%2$s werden von deinem Gerät gelöscht. Erneutes Streamen braucht eine Verbindung, erneutes Herunterladen dieselbe Datenmenge noch einmal. Das lässt sich nicht rückgängig machen.
settings_clear_downloads_warning#other	%1$d downloaded tracks%2$s will be deleted from your device. Streaming them again needs a connection, and re-downloading them needs the same data over again. This cannot be undone.	%1$d 首已下载的歌曲%2$s将从你的设备中删除。再次播放需要网络连接，重新下载也需要再次消耗同样的流量。此操作无法撤消。	ダウンロード済みの %1$d 曲%2$sがデバイスから削除されます。もう一度ストリーミングするには接続が必要で、再ダウンロードには同じ量のデータ通信が必要です。この操作は元に戻せません。	%1$d titres téléchargés%2$s seront supprimés de votre appareil. Les réécouter en streaming demande une connexion, et les retélécharger consomme à nouveau les mêmes données. Cette action est irréversible.	Se eliminarán de tu dispositivo %1$d canciones descargadas%2$s. Volver a reproducirlas en streaming requiere conexión, y descargarlas de nuevo consume otra vez los mismos datos. No se puede deshacer.	İndirilmiş %1$d parça%2$s cihazınızdan silinecek. Yeniden akışla çalmak bağlantı, yeniden indirmek ise aynı veriyi tekrar gerektirir. Bu işlem geri alınamaz.	%1$d heruntergeladene Titel%2$s werden von deinem Gerät gelöscht. Erneutes Streamen braucht eine Verbindung, erneutes Herunterladen dieselbe Datenmenge noch einmal. Das lässt sich nicht rückgängig machen.
settings_clear_downloads_caution#one	Deletes %1$d track%2$s from this device. It has to be downloaded again to play offline.	将从这台设备中删除 %1$d 首歌曲%2$s。若要离线播放，需要重新下载。	この端末から %1$d 曲%2$sを削除します。オフラインで再生するには再ダウンロードが必要です。	Supprime %1$d titre%2$s de cet appareil. Il faudra le retélécharger pour l’écouter hors connexion.	Elimina %1$d canción%2$s de este dispositivo. Habrá que volver a descargarla para escucharla sin conexión.	%1$d parça%2$s bu cihazdan silinir. Çevrimdışı çalmak için yeniden indirilmesi gerekir.	Löscht %1$d Titel%2$s von diesem Gerät. Für die Offline-Wiedergabe muss er erneut heruntergeladen werden.
settings_clear_downloads_caution#many	Deletes %1$d tracks%2$s from this device. They have to be downloaded again to play offline.	将从这台设备中删除 %1$d 首歌曲%2$s。若要离线播放，需要重新下载。	この端末から %1$d 曲%2$sを削除します。オフラインで再生するには再ダウンロードが必要です。	Supprime %1$d titres%2$s de cet appareil. Il faudra les retélécharger pour les écouter hors connexion.	Elimina %1$d canciones%2$s de este dispositivo. Habrá que volver a descargarlas para escucharlas sin conexión.	%1$d parça%2$s bu cihazdan silinir. Çevrimdışı çalmak için yeniden indirilmeleri gerekir.	Löscht %1$d Titel%2$s von diesem Gerät. Für die Offline-Wiedergabe müssen sie erneut heruntergeladen werden.
settings_clear_downloads_caution#other	Deletes %1$d tracks%2$s from this device. They have to be downloaded again to play offline.	将从这台设备中删除 %1$d 首歌曲%2$s。若要离线播放，需要重新下载。	この端末から %1$d 曲%2$sを削除します。オフラインで再生するには再ダウンロードが必要です。	Supprime %1$d titres%2$s de cet appareil. Il faudra les retélécharger pour les écouter hors connexion.	Elimina %1$d canciones%2$s de este dispositivo. Habrá que volver a descargarlas para escucharlas sin conexión.	%1$d parça%2$s bu cihazdan silinir. Çevrimdışı çalmak için yeniden indirilmeleri gerekir.	Löscht %1$d Titel%2$s von diesem Gerät. Für die Offline-Wiedergabe müssen sie erneut heruntergeladen werden.
settings_band_count#one	%1$d band	%1$d 个频段	%1$d バンド	%1$d bande	%1$d banda	%1$d bant	%1$d Band
settings_band_count#many	%1$d bands	%1$d 个频段	%1$d バンド	%1$d bandes	%1$d bandas	%1$d bant	%1$d Bänder
settings_band_count#other	%1$d bands	%1$d 个频段	%1$d バンド	%1$d bandes	%1$d bandas	%1$d bant	%1$d Bänder
settings_error_reading_file	Error reading file	读取文件时出错	ファイルの読み込み中にエラーが発生しました	Erreur de lecture du fichier	Error al leer el archivo	Dosya okunurken hata oluştu	Fehler beim Lesen der Datei
radio_settings_recommendation_weights	Recommendation weights	推荐权重	おすすめの重み付け	Pondérations des recommandations	Ponderaciones de las recomendaciones	Öneri ağırlıkları	Gewichtung der Empfehlungen
radio_settings_neutral	1.00x is neutral. Lower values down-rank a signal, higher values strengthen it. Every one of them is scored on-device.	1.00x 为中性。较低的值会降低某项信号的权重，较高的值则会加强它。所有评分都在设备上完成。	1.00x が中立です。値を下げるとその要素の順位が下がり、上げると強まります。すべて端末上でスコアリングされます。	1,00x est neutre. Une valeur plus basse rétrograde un critère, une valeur plus haute le renforce. Tout est calculé sur l’appareil.	1,00x es neutro. Los valores más bajos restan peso a un criterio y los más altos lo refuerzan. Todo se puntúa en el dispositivo.	1,00x nötrdür. Düşük değerler bir sinyalin önemini azaltır, yüksek değerler güçlendirir. Hepsi cihaz üzerinde puanlanır.	1,00x ist neutral. Niedrigere Werte stufen ein Signal herab, höhere verstärken es. Alles wird auf dem Gerät bewertet.
radio_settings_local_library	Local library	本地音乐库	ローカルライブラリ	Bibliothèque locale	Biblioteca local	Yerel kitaplık	Lokale Bibliothek
radio_settings_local_library_desc	Prefer tracks already available on-device.	优先选择设备上已有的歌曲。	端末にすでにある曲を優先します。	Privilégier les titres déjà présents sur l’appareil.	Preferir canciones que ya están en el dispositivo.	Cihazda zaten bulunan parçaları tercih et.	Titel bevorzugen, die schon auf dem Gerät sind.
radio_settings_qobuz_desc	Preference for Qobuz candidates.	对 Qobuz 候选歌曲的偏好。	Qobuz の候補をどれだけ優先するか。	Préférence pour les titres proposés par Qobuz.	Preferencia por las canciones candidatas de Qobuz.	Qobuz adaylarına öncelik.	Vorliebe für Kandidaten von Qobuz.
radio_settings_discovery_expansion	Discovery expansion	发现范围	発見の広がり	Élargissement de la découverte	Ampliación del descubrimiento	Keşif genişliği	Entdeckungsbreite
radio_settings_discovery_expansion_desc	How much search/discovery widens the pool.	搜索/发现会在多大程度上扩大候选范围。	検索や発見で候補をどれだけ広げるか。	À quel point la recherche et la découverte élargissent le choix.	Cuánto amplían la búsqueda y el descubrimiento el conjunto de canciones.	Arama/keşfin aday havuzunu ne kadar genişlettiği.	Wie stark Suche und Entdecken die Auswahl erweitern.
radio_settings_novelty	Novelty	新鲜度	新しさ	Nouveauté	Novedad	Yenilik	Neuheit
radio_settings_novelty_desc	Prefer new or unheard tracks.	优先选择新的或没听过的歌曲。	新しい曲や未聴の曲を優先します。	Privilégier les titres nouveaux ou jamais écoutés.	Preferir canciones nuevas o no escuchadas.	Yeni veya dinlenmemiş parçaları tercih et.	Neue oder ungehörte Titel bevorzugen.
radio_settings_familiarity	Familiarity	熟悉度	なじみ	Familiarité	Familiaridad	Tanıdıklık	Vertrautheit
radio_settings_familiarity_desc	How much familiar material repeats.	熟悉内容重复出现的程度。	なじみのある曲がどれだけ繰り返されるか。	À quel point les morceaux familiers reviennent.	Cuánto se repite el material conocido.	Tanıdık parçaların ne kadar tekrarlandığı.	Wie oft Vertrautes wiederkehrt.
radio_settings_artist_similarity	Artist similarity	艺人相似度	アーティストの類似度	Proximité des artistes	Similitud de artistas	Sanatçı benzerliği	Künstlerähnlichkeit
radio_settings_artist_similarity_desc	Keep artist relationships close to the seed.	让艺人关系贴近起点。	アーティストのつながりを起点の近くに保ちます。	Garder les artistes proches du point de départ.	Mantener los artistas cerca del punto de partida.	Sanatçı ilişkilerini başlangıç noktasına yakın tut.	Künstlerbezüge nah am Ausgangspunkt halten.
radio_settings_genre_similarity	Genre / tag similarity	流派/标签相似度	ジャンル/タグの類似度	Proximité de genre / tags	Similitud de género / etiquetas	Tür / etiket benzerliği	Genre-/Tag-Ähnlichkeit
radio_settings_genre_similarity_desc	Genre and tag continuity.	流派和标签的连贯性。	ジャンルとタグの連続性。	Continuité des genres et des tags.	Continuidad de géneros y etiquetas.	Tür ve etiket sürekliliği.	Kontinuität bei Genres und Tags.
radio_settings_era_consistency	Era consistency	年代一致性	年代の一貫性	Cohérence d’époque	Coherencia de época	Dönem tutarlılığı	Epochentreue
radio_settings_era_consistency_desc	Prefer similar release periods.	优先选择发行年代相近的歌曲。	リリース時期が近い曲を優先します。	Privilégier des périodes de sortie proches.	Preferir épocas de lanzamiento similares.	Benzer yayın dönemlerini tercih et.	Ähnliche Erscheinungszeiträume bevorzugen.
radio_settings_avoid_recent	Avoid recently played	避开最近播放	最近再生した曲を避ける	Éviter les écoutes récentes	Evitar lo reproducido recientemente	Son çalınanlardan kaçın	Kürzlich Gespieltes meiden
radio_settings_avoid_recent_desc	How strongly repeats are avoided.	避免重复的力度。	繰り返しをどれだけ強く避けるか。	À quel point les répétitions sont évitées.	Con cuánta fuerza se evitan las repeticiones.	Tekrarlardan ne kadar güçlü kaçınıldığı.	Wie stark Wiederholungen vermieden werden.
radio_settings_discovery_distance	Discovery distance	发现距离	発見の距離	Distance de découverte	Distancia de descubrimiento	Keşif mesafesi	Entdeckungsdistanz
radio_settings_discovery_distance_desc	How far recommendations may drift from the seed.	推荐可以偏离起点多远。	おすすめが起点からどこまで離れてよいか。	Jusqu’où les recommandations peuvent s’éloigner du point de départ.	Cuánto pueden alejarse las recomendaciones del punto de partida.	Önerilerin başlangıç noktasından ne kadar uzaklaşabileceği.	Wie weit sich Empfehlungen vom Ausgangspunkt entfernen dürfen.
radio_settings_canonical_bias	Canonical version bias	原始版本偏好	オリジナル版の優先度	Préférence pour la version originale	Preferencia por la versión original	Orijinal sürüm eğilimi	Bevorzugung der Originalversion
radio_settings_canonical_bias_desc	Prefer original recordings over remasters, live takes and edits.	优先选择原始录音，而不是重制版、现场版和剪辑版。	リマスター、ライブ、エディットよりオリジナル録音を優先します。	Privilégier les enregistrements originaux plutôt que les remasters, les versions live et les edits.	Preferir las grabaciones originales a las remasterizaciones, versiones en directo y ediciones.	Remaster, canlı kayıt ve düzenlemeler yerine orijinal kayıtları tercih et.	Originalaufnahmen gegenüber Remasters, Live-Versionen und Edits bevorzugen.
radio_settings_reset_defaults	Reset defaults	恢复默认值	既定値に戻す	Rétablir les valeurs par défaut	Restablecer valores predeterminados	Varsayılanlara sıfırla	Standardwerte wiederherstellen
radio_settings_weight_value	%1$.2fx	%1$.2fx	%1$.2fx	%1$.2fx	%1$.2fx	%1$.2fx	%1$.2fx
fx_liquid_glass_is_off_in_settings_system	Liquid glass is off in Settings › System › Performance. These settings are saved but not shown until you turn it back on.	液态玻璃已在 设置 › 系统 › 性能 中关闭。这些设置会被保存，但在你重新开启之前不会显示效果。	リキッドグラスは「設定 › システム › パフォーマンス」でオフになっています。これらの設定は保存されますが、オンに戻すまで表示されません。	Le verre liquide est désactivé dans Paramètres › Système › Performances. Ces réglages sont enregistrés mais ne s’affichent pas tant que vous ne le réactivez pas.	El cristal líquido está desactivado en Ajustes › Sistema › Rendimiento. Estos ajustes se guardan, pero no se ven hasta que lo vuelvas a activar.	Sıvı cam Ayarlar › Sistem › Performans’ta kapalı. Bu ayarlar kaydedilir ancak yeniden açana kadar gösterilmez.	Liquid Glass ist unter Einstellungen › System › Leistung ausgeschaltet. Diese Einstellungen werden gespeichert, aber erst angezeigt, wenn du es wieder einschaltest.
fx_visualizer_opacity	Visualizer opacity	可视化不透明度	ビジュアライザの不透明度	Opacité du visualiseur	Opacidad del visualizador	Görselleştirici opaklığı	Deckkraft des Visualizers
fx_how_much_of_the_preset_reaches_the_screen_at_all	How much of the preset reaches the screen at all.	预设在屏幕上显现的程度。	プリセットがどれだけ画面に表れるか。	La part du préréglage qui atteint l’écran.	Cuánto del preset llega a verse en pantalla.	Ön ayarın ekrana ne kadarının yansıdığı.	Wie viel vom Preset überhaupt auf dem Bildschirm ankommt.
fx_black_transparency	Black transparency	黑色透明度	黒の透明度	Transparence du noir	Transparencia del negro	Siyah saydamlığı	Schwarz-Transparenz
fx_how_much_of_the_dark_end_disappears_higher_hides	How much of the dark end disappears. Higher hides more of a preset's trails and leaves only its bright detail.	暗部消失的程度。越高，预设的拖尾隐藏得越多，只留下明亮的细节。	暗い部分をどれだけ消すか。高いほどプリセットの残像が隠れ、明るい細部だけが残ります。	La part des tons sombres qui disparaît. Plus c’est haut, plus les traînées du préréglage s’effacent pour ne laisser que ses détails lumineux.	Cuánto desaparece de la parte oscura. Más alto oculta más estelas del preset y deja solo sus detalles brillantes.	Koyu tonların ne kadarının kaybolduğu. Yükseldikçe ön ayarın izleri daha çok gizlenir, yalnızca parlak ayrıntıları kalır.	Wie viel vom dunklen Bereich verschwindet. Höher blendet mehr Spuren eines Presets aus und lässt nur seine hellen Details.
fx_default_preset	Default preset	默认预设	既定のプリセット	Préréglage par défaut	Preset predeterminado	Varsayılan ön ayar	Standard-Preset
fx_auto_select	Auto-select	自动选择	自動選択	Choix automatique	Selección automática	Otomatik seç	Automatisch wählen
fx_let_the_visualizer_pick_a_bundled_preset_when_it	Let the visualizer pick a bundled preset when it starts	让可视化在启动时自动挑选一个内置预设	ビジュアライザの起動時に内蔵プリセットを自動で選びます	Laisser le visualiseur choisir un préréglage intégré au démarrage	Deja que el visualizador elija un preset incluido al iniciarse	Görselleştirici başlarken dahili bir ön ayar seçsin	Den Visualizer beim Start ein mitgeliefertes Preset wählen lassen
fx_side_spacing_between_the_lyrics_and_the_screen	Side spacing between the lyrics and the screen edges.	歌词与屏幕两侧边缘的间距。	歌詞と画面の左右の端との間隔。	Espace entre les paroles et les bords de l’écran.	Espacio lateral entre la letra y los bordes de la pantalla.	Şarkı sözleri ile ekran kenarları arasındaki yan boşluk.	Seitlicher Abstand zwischen Songtext und Bildschirmrand.
fx_how_many_rows_a_long_line_may_wrap_to_before_it	How many rows a long line may wrap to before it shrinks to fit.	长歌词行在缩小字号前最多可换成几行。	長い行が縮小される前に何行まで折り返せるか。	Le nombre de lignes sur lesquelles une longue ligne peut s’étendre avant d’être réduite.	Cuántas filas puede ocupar una línea larga antes de reducirse para caber.	Uzun bir satırın küçültülmeden önce kaç satıra bölünebileceği.	Auf wie viele Zeilen eine lange Zeile umbrechen darf, bevor sie verkleinert wird.
fx_use_one_of_your_imported_fonts_for_the_lyrics	Use one of your imported fonts for the lyrics only.	仅为歌词使用你导入的某个字体。	インポートしたフォントを歌詞にだけ使います。	Utiliser une de vos polices importées pour les paroles uniquement.	Usar una de tus fuentes importadas solo para la letra.	İçe aktardığınız yazı tiplerinden birini yalnızca şarkı sözleri için kullanın.	Eine deiner importierten Schriften nur für den Songtext verwenden.
fx_delays_synced_lyrics_to_line_up_with_bluetooth	Delays synced lyrics to line up with Bluetooth audio latency. Raise it until the words land with what you hear; negative pulls them earlier.	延迟同步歌词，以对齐蓝牙音频的延迟。调高直到歌词与听到的声音同步；负值会让歌词提前。	Bluetooth の音声遅延に合わせて同期歌詞を遅らせます。聞こえる音と言葉が合うまで上げてください。マイナスにすると早まります。	Retarde les paroles synchronisées pour suivre la latence audio Bluetooth. Augmentez jusqu’à ce que les mots tombent avec ce que vous entendez ; une valeur négative les avance.	Retrasa la letra sincronizada para ajustarla a la latencia del audio Bluetooth. Súbelo hasta que las palabras coincidan con lo que oyes; los valores negativos las adelantan.	Senkronize şarkı sözlerini Bluetooth ses gecikmesiyle hizalamak için geciktirir. Sözler duyduğunuzla çakışana kadar artırın; negatif değer onları öne çeker.	Verzögert synchronisierte Songtexte passend zur Bluetooth-Latenz. Erhöhen, bis die Wörter mit dem Gehörten übereinstimmen; negativ zieht sie vor.
fx_low_one_smooth_ribbon_high_choppy_per_letter	Low = one smooth ribbon; high = choppy per-letter motion.	低 = 一条平滑的缎带；高 = 逐字母的跳跃运动。	低 = なめらかな一本のリボン、高 = 文字ごとの細かな動き。	Bas = un seul ruban fluide ; haut = mouvement saccadé lettre par lettre.	Bajo = una cinta suave; alto = movimiento entrecortado letra a letra.	Düşük = tek düzgün bir şerit; yüksek = harf harf kesik hareket.	Niedrig = ein fließendes Band; hoch = abgehackte Bewegung pro Buchstabe.
fx_master_intensity_for_pump_and_glow	Master intensity for pump and glow.	律动和光晕的总强度。	パンプとグローの全体の強さ。	Intensité générale de la pulsation et du halo.	Intensidad general del pulso y el brillo.	Pompa ve parlamanın genel yoğunluğu.	Gesamtintensität für Pump und Leuchten.
fx_how_fast_the_pulse_snaps_onto_a_kick	How fast the pulse snaps onto a kick.	脉冲跟上底鼓的速度。	パルスがキックにどれだけ素早く反応するか。	La vitesse à laquelle l’impulsion s’accroche à la grosse caisse.	Lo rápido que el pulso se engancha al bombo.	Nabzın davul vuruşuna ne kadar hızlı oturduğu.	Wie schnell der Puls auf eine Kick einrastet.
fx_how_long_the_pulse_holds_through_a_kick	How long the pulse holds through a kick.	脉冲在底鼓中保持的时长。	パルスがキックの間どれだけ持続するか。	Combien de temps l’impulsion tient sur la grosse caisse.	Cuánto dura el pulso en cada golpe de bombo.	Nabzın davul vuruşu boyunca ne kadar sürdüğü.	Wie lange der Puls über eine Kick anhält.
fx_spring_overshoot_0_tracks_stiffly_100_rings_like	Spring overshoot: 0 tracks stiffly, 100 rings like rubber.	弹簧过冲：0 为僵硬跟随，100 像橡胶一样回弹。	バネのオーバーシュート：0 は硬く追従、100 はゴムのように揺れます。	Dépassement du ressort : 0 suit de façon rigide, 100 vibre comme du caoutchouc.	Rebote del muelle: 0 sigue con rigidez, 100 vibra como goma.	Yay taşması: 0 sert izler, 100 lastik gibi titrer.	Federüberschwingen: 0 folgt starr, 100 schwingt wie Gummi.
fx_refractive_glass_relight_of_the_lyric_surface	Refractive glass relight of the lyric surface (needs Android 13+).	为歌词表面添加折射玻璃光效（需要 Android 13 及以上）。	歌詞の表面に屈折ガラスのライティングを加えます（Android 13 以降が必要）。	Éclairage en verre réfractif de la surface des paroles (Android 13 ou version ultérieure requis).	Iluminación de cristal refractivo sobre la letra (requiere Android 13 o superior).	Şarkı sözü yüzeyinde kırılan cam aydınlatması (Android 13+ gerekir).	Lichtbrechendes Glas auf der Songtext-Oberfläche (benötigt Android 13+).
fx_lower_lets_more_of_the_backdrop_read_through_the	Lower lets more of the backdrop read through the letters.	越低，透过字母能看到的背景越多。	低いほど文字越しに背景がよく見えます。	Plus bas, plus l’arrière-plan transparaît à travers les lettres.	Más bajo deja ver más el fondo a través de las letras.	Düşük değer, arka planın harflerden daha çok görünmesini sağlar.	Niedriger lässt mehr vom Hintergrund durch die Buchstaben scheinen.
fx_how_hard_the_beveled_edges_lens_the_backdrop	How hard the beveled edges lens the backdrop behind them.	斜面边缘对其后背景的透镜折射强度。	面取りした縁が背後の背景をどれだけ強く屈折させるか。	La force avec laquelle les bords biseautés déforment l’arrière-plan.	Cuánto deforman los bordes biselados el fondo que hay detrás.	Eğimli kenarların arkalarındaki arka planı ne kadar kırdığı.	Wie stark die abgeschrägten Kanten den Hintergrund dahinter verzerren.
fx_brightness_of_the_specular_glass_rim	Brightness of the specular glass rim.	玻璃高光边缘的亮度。	ガラスの鏡面反射の縁の明るさ。	Luminosité du liseré spéculaire du verre.	Brillo del borde especular del cristal.	Camın parlak kenarının parlaklığı.	Helligkeit des glänzenden Glasrands.
fx_colour_fringing_where_the_edges_refract	Colour fringing where the edges refract.	边缘折射处的色散。	縁が屈折する部分の色にじみ。	Franges colorées là où les bords réfractent.	Franjas de color donde refractan los bordes.	Kenarların kırıldığı yerlerdeki renk saçağı.	Farbsäume, wo die Kanten das Licht brechen.
fx_shader_taps_per_pixel_higher_smoother_glass	Shader taps per pixel: higher = smoother glass, heavier GPU.	每像素着色器采样数：越高 = 玻璃越平滑，GPU 负担越重。	ピクセルあたりのシェーダーのサンプル数：高いほどガラスがなめらかになり、GPU 負荷が増えます。	Échantillons du shader par pixel : plus = verre plus lisse, GPU plus sollicité.	Muestras del shader por píxel: más = cristal más suave, más carga para la GPU.	Piksel başına gölgelendirici örneği: yüksek = daha pürüzsüz cam, daha ağır GPU yükü.	Shader-Abtastungen pro Pixel: höher = glatteres Glas, mehr GPU-Last.
fx_smooths_jagged_edges_on_the_3d_letters_and_glass	Smooths jagged edges on the 3D letters and glass (needs Android 13+).	平滑 3D 字母和玻璃上的锯齿边缘（需要 Android 13 及以上）。	3D 文字とガラスのギザギザした縁をなめらかにします（Android 13 以降が必要）。	Lisse les bords crénelés des lettres 3D et du verre (Android 13 ou version ultérieure requis).	Suaviza los bordes dentados de las letras 3D y el cristal (requiere Android 13 o superior).	3B harflerdeki ve camdaki tırtıklı kenarları yumuşatır (Android 13+ gerekir).	Glättet gezackte Kanten an 3D-Buchstaben und Glas (benötigt Android 13+).
fx_how_hard_edges_are_smoothed_higher_softens_more	How hard edges are smoothed; higher softens more.	边缘平滑的力度；越高越柔和。	縁をどれだけ強くなめらかにするか。高いほど柔らかくなります。	L’intensité du lissage des bords ; plus haut adoucit davantage.	Cuánto se suavizan los bordes; más alto suaviza más.	Kenarların ne kadar yumuşatıldığı; yüksek değer daha çok yumuşatır.	Wie stark Kanten geglättet werden; höher macht weicher.
fx_preview	PREVIEW	预览	プレビュー	APERÇU	VISTA PREVIA	ÖNİZLEME	VORSCHAU
fx_background	Background	背景	背景	Arrière-plan	Fondo	Arka plan	Hintergrund
fx_button_tint	Button tint	按钮色调	ボタンの色合い	Teinte des boutons	Tinte de los botones	Düğme tonu	Tönung der Tasten
fx_3d_refractive_glass_on_the_transport_buttons	3D refractive glass on the transport buttons (needs Android 13+).	播放控制按钮上的 3D 折射玻璃（需要 Android 13 及以上）。	再生ボタンに 3D の屈折ガラスを適用します（Android 13 以降が必要）。	Verre réfractif 3D sur les boutons de lecture (Android 13 ou version ultérieure requis).	Cristal refractivo 3D en los botones de reproducción (requiere Android 13 o superior).	Çalma düğmelerinde 3B kırılan cam (Android 13+ gerekir).	Lichtbrechendes 3D-Glas auf den Wiedergabetasten (benötigt Android 13+).
fx_thin_progress_line_along_the_top_edge_of_the	Thin progress line along the top edge of the mini player, which also gives the bar its top border.	迷你播放器顶部边缘的细进度线，同时也作为该栏的上边框。	ミニプレーヤーの上端に沿った細い進行ライン。バーの上の枠線にもなります。	Fine ligne de progression le long du bord supérieur du mini-lecteur, qui sert aussi de bordure à la barre.	Línea de progreso fina en el borde superior del minirreproductor, que también hace de borde de la barra.	Mini oynatıcının üst kenarı boyunca ince bir ilerleme çizgisi; çubuğun üst kenarlığını da oluşturur.	Dünne Fortschrittslinie am oberen Rand des Mini-Players, die der Leiste zugleich ihren oberen Rand gibt.
fx_thin_glass_tube_scrubber_that_fills_up_with_a	Thin glass tube scrubber that fills up, with a sine-wave bulge at the playhead dot.	一根逐渐填满的细玻璃管进度条，播放头处有正弦波般的隆起。	満ちていく細いガラス管のシークバー。再生位置の点に正弦波のふくらみがあります。	Fin tube de verre qui se remplit, avec un renflement sinusoïdal au niveau de la tête de lecture.	Barra en forma de tubo de cristal fino que se llena, con un abultamiento sinusoidal en el cabezal.	Dolan ince bir cam tüp ilerleme çubuğu; oynatma noktasında sinüs dalgası şeklinde bir şişkinlik var.	Dünnes Glasröhrchen als Suchleiste, das sich füllt, mit einer Sinuswölbung am Abspielpunkt.
fx_lower_makes_the_buttons_more_see_through_0_body	Lower makes the buttons more see-through (0 = body fully invisible, edges remain).	越低按钮越通透（0 = 主体完全不可见，仅保留边缘）。	低いほどボタンが透けます（0 = 本体は完全に見えず、縁だけが残ります）。	Plus bas rend les boutons plus transparents (0 = corps invisible, seuls les bords restent).	Más bajo hace los botones más transparentes (0 = cuerpo invisible, quedan los bordes).	Düşük değer düğmeleri daha saydam yapar (0 = gövde tamamen görünmez, kenarlar kalır).	Niedriger macht die Tasten durchsichtiger (0 = Körper unsichtbar, Kanten bleiben).
fx_frosts_the_glass_from_clear_to_misted	Frosts the glass, from clear to misted.	为玻璃加磨砂效果，从清透到雾化。	ガラスをすりガラスにします。透明から曇りまで。	Givre le verre, de transparent à embué.	Esmerila el cristal, de transparente a empañado.	Camı buzlar; şeffaftan buğuluya.	Mattiert das Glas, von klar bis beschlagen.
fx_strength_of_the_frost_layer_s_darkening	Strength of the frost layer's darkening/lightening wash.	磨砂层变暗/变亮的强度。	すりガラス層の暗くする/明るくする効果の強さ。	Intensité du voile assombrissant ou éclaircissant de la couche givrée.	Intensidad del velo oscurecedor o aclarador de la capa esmerilada.	Buzlu katmanın koyulaştırma/açma etkisinin gücü.	Stärke der Abdunkelung bzw. Aufhellung durch die Mattschicht.
fx_swell_edge_ripple_and_glint_on_the_glass_surface	Swell, edge ripple and glint on the glass surface (0 = still).	玻璃表面的起伏、边缘波纹和闪光（0 = 静止）。	ガラス表面のうねり、縁のさざ波、きらめき（0 = 静止）。	Houle, ondulation des bords et reflets à la surface du verre (0 = immobile).	Oleaje, ondulación de los bordes y destellos en el cristal (0 = quieto).	Cam yüzeyinde kabarma, kenar dalgalanması ve parıltı (0 = durgun).	Wogen, Kantenkräuseln und Glanz auf der Glasoberfläche (0 = still).
fx_rolls_the_glass_edge_from_a_sharp_bevel_to_a	Rolls the glass edge from a sharp bevel to a round, pillowy shoulder.	让玻璃边缘从锐利的斜角过渡到圆润饱满的弧肩。	ガラスの縁を鋭い面取りから丸くふっくらした肩へと変えます。	Fait passer le bord du verre d’un biseau net à un épaulement rond et moelleux.	Lleva el borde del cristal de un bisel afilado a un hombro redondo y mullido.	Cam kenarını keskin bir eğimden yuvarlak, yastık gibi bir omuza çevirir.	Formt den Glasrand von einer scharfen Fase zu einer runden, kissenartigen Schulter.
fx_how_thick_and_deep_the_relief_reads_higher_pops	How thick and deep the relief reads; higher pops the buttons more in 3D.	浮雕的厚度和深度；越高按钮越立体。	レリーフの厚みと深さ。高いほどボタンが立体的に浮き出ます。	Épaisseur et profondeur du relief ; plus haut fait davantage ressortir les boutons en 3D.	Grosor y profundidad del relieve; más alto resalta más los botones en 3D.	Kabartmanın ne kadar kalın ve derin göründüğü; yüksek değer düğmeleri 3B olarak daha çok öne çıkarır.	Wie dick und tief das Relief wirkt; höher lässt die Tasten stärker in 3D hervortreten.
fx_colour_fringing_at_the_refracting_edges	Colour fringing at the refracting edges.	折射边缘的色散。	屈折する縁の色にじみ。	Franges colorées aux bords qui réfractent.	Franjas de color en los bordes que refractan.	Kırılan kenarlardaki renk saçağı.	Farbsäume an den brechenden Kanten.
fx_direction_the_key_light_comes_from_and_where_the	Direction the key light comes from, and where the highlights sit.	主光源的方向，以及高光所在的位置。	メインの光がどこから当たるか、ハイライトがどこに出るか。	La direction de la lumière principale et l’emplacement des reflets.	La dirección de la luz principal y dónde quedan los brillos.	Ana ışığın geldiği yön ve parlak noktaların yeri.	Aus welcher Richtung das Hauptlicht kommt und wo die Glanzlichter liegen.
fx_how_strongly_tilting_the_phone_moves_the_light	How strongly tilting the phone moves the light and reflection.	倾斜手机时，光线和反射移动的幅度。	スマートフォンを傾けたとき、光と反射がどれだけ動くか。	À quel point incliner le téléphone déplace la lumière et le reflet.	Cuánto mueven la luz y el reflejo al inclinar el teléfono.	Telefonu eğmenin ışığı ve yansımayı ne kadar hareket ettirdiği.	Wie stark Neigen des Telefons Licht und Spiegelung bewegt.
fx_reflective_rim_thin_crisp_edge_to_a_broad_glassy	Reflective rim: thin crisp edge to a broad glassy shoulder.	反光边缘：从纤细锐利到宽阔的玻璃弧肩。	反射する縁：細くシャープな縁から幅広いガラスの肩まで。	Liseré réfléchissant : d’un bord fin et net à un large épaulement vitreux.	Borde reflectante: de un filo fino y nítido a un hombro amplio y cristalino.	Yansıtıcı kenar: ince, keskin bir kenardan geniş, camsı bir omuza.	Spiegelnder Rand: von einer dünnen, scharfen Kante bis zu einer breiten, gläsernen Schulter.
fx_how_much_of_the_room_environment_reflection	How much of the room/environment reflection shows on the glass.	玻璃上显示多少环境反射。	ガラスに周囲の映り込みがどれだけ見えるか。	La part du reflet de l’environnement visible sur le verre.	Cuánto reflejo del entorno se ve en el cristal.	Ortam yansımasının camda ne kadar göründüğü.	Wie viel Spiegelung der Umgebung auf dem Glas zu sehen ist.
fx_highlight_polish_soft_frosted_wide_glint_to_a	Highlight polish: soft frosted-wide glint to a tight mirror.	高光质感：从柔和宽阔的磨砂光泽到集中锐利的镜面。	ハイライトの磨き：柔らかく広いすりガラスの輝きから、鋭い鏡面まで。	Poli des reflets : d’un éclat large et givré à un miroir serré.	Pulido del brillo: de un destello amplio y esmerilado a un espejo concentrado.	Parlaklık cilası: yumuşak, geniş buzlu parıltıdan sıkı bir aynaya.	Glanzpolitur: von weichem, breitem Mattglanz bis zum scharfen Spiegel.
fx_drop_shadow_under_the_glass_buttons_and_dock	Drop shadow under the glass buttons and dock, lifting them off the surface.	玻璃按钮和底栏下方的投影，让它们浮于表面之上。	ガラスのボタンとドックの下の影で、面から浮き上がらせます。	Ombre portée sous les boutons en verre et le dock, qui les détache de la surface.	Sombra bajo los botones de cristal y el dock, que los despega de la superficie.	Cam düğmelerin ve alt çubuğun altındaki gölge; onları yüzeyden kaldırır.	Schlagschatten unter den Glastasten und dem Dock, der sie von der Fläche abhebt.
fx_blur_spread_of_the_drop_shadow	Blur / spread of the drop shadow.	投影的模糊/扩散程度。	影のぼかし/広がり。	Flou / étalement de l’ombre portée.	Desenfoque / extensión de la sombra.	Gölgenin bulanıklığı / yayılması.	Unschärfe / Ausbreitung des Schlagschattens.
fx_colour_of_the_drop_shadow_neutral_black_to	Colour of the drop shadow: neutral black to accent glow.	投影颜色：从中性黑到强调色光晕。	影の色：ニュートラルな黒からアクセントカラーの光まで。	Couleur de l’ombre portée : du noir neutre à un halo de couleur d’accent.	Color de la sombra: del negro neutro a un brillo del color de acento.	Gölgenin rengi: nötr siyahtan vurgu rengi parıltısına.	Farbe des Schlagschattens: von neutralem Schwarz bis zum Akzentleuchten.
fx_bevel_quality_vs_gpu_cost	Bevel quality vs GPU cost.	斜面质量与 GPU 开销的平衡。	面取りの品質と GPU 負荷のバランス。	Qualité du biseau contre coût GPU.	Calidad del bisel frente a coste de GPU.	Eğim kalitesi ile GPU maliyeti dengesi.	Fasenqualität gegen GPU-Kosten.
fx_preview_background	Preview background	预览背景	プレビューの背景	Arrière-plan de l’aperçu	Fondo de la vista previa	Önizleme arka planı	Vorschau-Hintergrund
fx_button_glass_tint	Button glass tint	按钮玻璃色调	ボタンのガラスの色合い	Teinte du verre des boutons	Tinte del cristal de los botones	Düğme camı tonu	Glastönung der Tasten
fx_feel_the_beat_tonight	Feel the beat tonight	今晚感受节拍	今夜はビートを感じて	Sens le rythme ce soir	Siente el ritmo esta noche	Bu gece ritmi hisset	Spür heut Nacht den Beat
fx_no_imported_fonts_yet_add_them_in_settings	No imported fonts yet. Add them in Settings › Appearance › Font Library.	还没有导入的字体。请在 设置 › 外观 › 字体库 中添加。	インポートしたフォントはまだありません。「設定 › 外観 › フォントライブラリ」で追加してください。	Aucune police importée pour l’instant. Ajoutez-en dans Paramètres › Apparence › Bibliothèque de polices.	Aún no hay fuentes importadas. Añádelas en Ajustes › Apariencia › Biblioteca de fuentes.	Henüz içe aktarılmış yazı tipi yok. Ayarlar › Görünüm › Yazı tipi kitaplığı’ndan ekleyin.	Noch keine importierten Schriften. Füge sie unter Einstellungen › Darstellung › Schriftbibliothek hinzu.
fx_player_visuals_studio	Player Visuals Studio	播放器视觉工作室	プレーヤービジュアル スタジオ	Studio visuel du lecteur	Estudio visual del reproductor	Oynatıcı Görsel Stüdyosu	Player-Visuals-Studio
fx_player	Player	播放器	プレーヤー	Lecteur	Reproductor	Oynatıcı	Player
fx_ui_panels	UI panels	界面面板	UI パネル	Panneaux de l’interface	Paneles de la interfaz	Arayüz panelleri	UI-Panels
fx_ambient_visualizer	Ambient visualizer	氛围可视化	アンビエント ビジュアライザ	Visualiseur d’ambiance	Visualizador ambiental	Ortam görselleştiricisi	Ambient-Visualizer
fx_milkdrop_drawn_into_the_album_background_over	MilkDrop drawn into the album background — over the blurred cover, under the player's controls — instead of replacing the artwork.	将 MilkDrop 绘制在专辑背景中——位于模糊的封面之上、播放器控件之下——而不是替换封面。	MilkDrop をアルバムの背景に描画します。ぼかしたカバーの上、プレーヤーの操作ボタンの下に表示され、アートワークは置き換えません。	MilkDrop dessiné dans l’arrière-plan de l’album — au-dessus de la pochette floutée, sous les commandes du lecteur — au lieu de remplacer la pochette.	MilkDrop dibujado en el fondo del álbum —sobre la portada difuminada y bajo los controles del reproductor— en lugar de sustituir la portada.	MilkDrop, kapağın yerine geçmek yerine albüm arka planına çizilir: bulanık kapağın üstüne, oynatıcı kontrollerinin altına.	MilkDrop wird in den Albumhintergrund gezeichnet – über das verschwommene Cover, unter die Player-Steuerung –, statt das Cover zu ersetzen.
fx_blend_mode	Blend mode	混合模式	ブレンドモード	Mode de fusion	Modo de fusión	Karışım modu	Mischmodus
fx_screen_is_the_default_black_contributes_nothing	Screen is the default: black contributes nothing, so a preset's luminous detail sits over the cover without flattening it.	默认为“滤色”：黑色不产生影响，因此预设的发光细节会叠加在封面上而不会把它压平。	既定は「スクリーン」です。黒は何も加えないため、プリセットの明るい細部がカバーを平板にせずに重なります。	Superposition est le mode par défaut : le noir n’apporte rien, si bien que les détails lumineux du préréglage se posent sur la pochette sans l’aplatir.	Trama es el modo predeterminado: el negro no aporta nada, así que los detalles luminosos del preset se superponen a la portada sin aplanarla.	Varsayılan Ekran’dır: siyah hiçbir şey katmaz; böylece ön ayarın parlak ayrıntıları kapağı düzleştirmeden üzerine oturur.	Negativ multiplizieren ist der Standard: Schwarz trägt nichts bei, sodass die leuchtenden Details eines Presets über dem Cover liegen, ohne es flach zu machen.
fx_remove_album_cover	Remove album cover	移除专辑封面	アルバムカバーを非表示	Masquer la pochette	Quitar la portada	Albüm kapağını kaldır	Albumcover entfernen
fx_hide_the_square_artwork_while_ambient_is_on	Hide the square artwork while ambient is on: MilkDrop's atmosphere is the whole show, backdrop and controls unchanged.	开启氛围模式时隐藏方形封面：让 MilkDrop 的氛围成为全部主角，背景和控件不变。	アンビエント中は四角いアートワークを隠します。MilkDrop の雰囲気だけが主役になり、背景と操作ボタンはそのままです。	Masque la pochette carrée quand l’ambiance est active : l’atmosphère de MilkDrop occupe toute la scène, arrière-plan et commandes inchangés.	Oculta la portada cuadrada mientras el modo ambiental está activo: la atmósfera de MilkDrop es todo el espectáculo; fondo y controles sin cambios.	Ortam modu açıkken kare kapağı gizler: Sahne tamamen MilkDrop atmosferinindir; arka plan ve kontroller değişmez.	Blendet das quadratische Cover aus, solange Ambient an ist: MilkDrops Atmosphäre ist die ganze Show, Hintergrund und Steuerung bleiben.
fx_save_preset	Save preset	保存预设	プリセットを保存	Enregistrer le préréglage	Guardar preset	Ön ayarı kaydet	Preset speichern
fx_preset_name	Preset name	预设名称	プリセット名	Nom du préréglage	Nombre del preset	Ön ayar adı	Preset-Name
fx_import_preset	Import preset	导入预设	プリセットをインポート	Importer un préréglage	Importar preset	Ön ayarı içe aktar	Preset importieren
fx_paste_a_preset_code_someone_shared_with_you	Paste a preset code someone shared with you.	粘贴别人分享给你的预设代码。	共有されたプリセットのコードを貼り付けます。	Collez le code d’un préréglage qu’on vous a partagé.	Pega el código de un preset que alguien te haya compartido.	Biriyle paylaşılan bir ön ayar kodunu yapıştırın.	Füge einen Preset-Code ein, den jemand mit dir geteilt hat.
fx_preset_code	Preset code	预设代码	プリセットのコード	Code du préréglage	Código del preset	Ön ayar kodu	Preset-Code
fx_paste_from_clipboard	Paste from clipboard	从剪贴板粘贴	クリップボードから貼り付け	Coller depuis le presse-papiers	Pegar desde el portapapeles	Panodan yapıştır	Aus Zwischenablage einfügen
fx_share_this_preset_or_remove_it_from_your_list	Share this preset or remove it from your list.	分享此预设，或将其从列表中移除。	このプリセットを共有するか、リストから削除します。	Partagez ce préréglage ou retirez-le de votre liste.	Comparte este preset o quítalo de tu lista.	Bu ön ayarı paylaşın veya listenizden kaldırın.	Teile dieses Preset oder entferne es aus deiner Liste.
fx_share	Share	分享	共有	Partager	Compartir	Paylaş	Teilen
fx_typography	Typography	字体排印	タイポグラフィ	Typographie	Tipografía	Tipografi	Typografie
fx_font_size	Font size	字号	フォントサイズ	Taille de police	Tamaño de fuente	Yazı tipi boyutu	Schriftgröße
fx_letter_spacing	Letter spacing	字间距	文字間隔	Espacement des lettres	Espaciado entre letras	Harf aralığı	Zeichenabstand
fx_edge_margin	Edge margin	边距	端の余白	Marge latérale	Margen lateral	Kenar boşluğu	Randabstand
fx_lines_per_block	Lines per block	每段行数	ブロックあたりの行数	Lignes par bloc	Líneas por bloque	Blok başına satır	Zeilen pro Block
fx_font	Font	字体	フォント	Police	Fuente	Yazı tipi	Schrift
fx_playback_sync	Playback Sync	播放同步	再生の同期	Synchronisation de la lecture	Sincronización de la reproducción	Çalma senkronizasyonu	Wiedergabe-Synchronisierung
fx_bluetooth_sync_delay	Bluetooth sync delay	蓝牙同步延迟	Bluetooth 同期の遅延	Retard de synchro Bluetooth	Retardo de sincronización Bluetooth	Bluetooth senkronizasyon gecikmesi	Bluetooth-Synchronverzögerung
fx_3d_letter_wave	3D Letter Wave	3D 字母波浪	3D 文字ウェーブ	Vague de lettres 3D	Onda de letras 3D	3B harf dalgası	3D-Buchstabenwelle
fx_tilt	Tilt	倾斜	傾き	Inclinaison	Inclinación	Eğim	Neigung
fx_wave_speed	Wave speed	波浪速度	ウェーブの速さ	Vitesse de la vague	Velocidad de la onda	Dalga hızı	Wellengeschwindigkeit
fx_wave_tightness	Wave tightness	波浪紧密度	ウェーブの細かさ	Resserrement de la vague	Densidad de la onda	Dalga sıklığı	Wellendichte
fx_wave_travel	Wave travel	波浪幅度	ウェーブの移動量	Amplitude de la vague	Recorrido de la onda	Dalga hareketi	Wellenweg
fx_shadow_depth	Shadow depth	阴影深度	影の深さ	Profondeur de l’ombre	Profundidad de la sombra	Gölge derinliği	Schattentiefe
fx_beat_engine	Beat Engine	节拍引擎	ビートエンジン	Moteur rythmique	Motor de ritmo	Ritim motoru	Beat-Engine
fx_bass_reaction	Bass reaction	低音反应	低音への反応	Réaction aux basses	Reacción a los graves	Bas tepkisi	Bassreaktion
fx_pump_amount	Pump amount	律动幅度	パンプの量	Intensité de la pulsation	Intensidad del pulso	Pompa miktarı	Pump-Stärke
fx_attack	Attack	起音	アタック	Attaque	Ataque	Atak	Attack
fx_release	Release	释放	リリース	Relâchement	Liberación	Bırakma	Release
fx_bounce	Bounce	弹跳	バウンス	Rebond	Rebote	Sekme	Federung
fx_glow	Glow	光晕	グロー	Halo	Brillo	Parlama	Leuchten
fx_liquid_glass	Liquid Glass	液态玻璃	リキッドグラス	Verre liquide	Cristal líquido	Sıvı cam	Liquid Glass
fx_glass_opacity	Glass opacity	玻璃不透明度	ガラスの不透明度	Opacité du verre	Opacidad del cristal	Cam opaklığı	Glas-Deckkraft
fx_refraction	Refraction	折射	屈折	Réfraction	Refracción	Kırılma	Brechung
fx_edge_highlight	Edge highlight	边缘高光	縁のハイライト	Reflet des bords	Brillo de los bordes	Kenar parlaması	Kantenglanz
fx_chromatic_aberration	Chromatic aberration	色差	色収差	Aberration chromatique	Aberración cromática	Renk sapması	Chromatische Aberration
fx_bevel_samples	Bevel samples	斜面采样数	面取りのサンプル数	Échantillons du biseau	Muestras del bisel	Eğim örnekleri	Fasen-Abtastungen
fx_anti_aliasing	Anti-aliasing	抗锯齿	アンチエイリアス	Anticrénelage	Suavizado de bordes	Kenar yumuşatma	Kantenglättung
fx_aa_strength	AA strength	抗锯齿强度	AA の強さ	Intensité de l’anticrénelage	Intensidad del suavizado	Yumuşatma gücü	Glättungsstärke
fx_reset_to_defaults	Reset to defaults	恢复默认设置	既定に戻す	Rétablir les valeurs par défaut	Restablecer valores predeterminados	Varsayılanlara sıfırla	Auf Standard zurücksetzen
fx_audio_tools	Audio tools	音频工具	オーディオツール	Outils audio	Herramientas de audio	Ses araçları	Audio-Tools
fx_sheets_panels_and_search_bars_all_wear_this_pane	Sheets, panels and search bars all wear this pane.	面板、底部表单和搜索栏都使用这层玻璃。	シート、パネル、検索バーはすべてこのガラスをまといます。	Feuilles, panneaux et barres de recherche portent tous ce verre.	Hojas, paneles y barras de búsqueda llevan todos este cristal.	Sayfalar, paneller ve arama çubuklarının hepsi bu camı kullanır.	Sheets, Panels und Suchleisten tragen alle diese Scheibe.
fx_themes	Themes	主题	テーマ	Thèmes	Temas	Temalar	Designs
fx_glass_body	Glass body	玻璃主体	ガラスの本体	Corps du verre	Cuerpo del cristal	Cam gövdesi	Glaskörper
fx_frosted_blur	Frosted blur	磨砂模糊	すりガラスのぼかし	Flou givré	Desenfoque esmerilado	Buzlu bulanıklık	Mattierte Unschärfe
fx_backdrop_blur	Backdrop blur	背景模糊	背景のぼかし	Flou de l’arrière-plan	Desenfoque del fondo	Arka plan bulanıklığı	Hintergrund-Unschärfe
fx_backdrop_tint	Backdrop tint	背景色调	背景の色合い	Teinte de l’arrière-plan	Tinte del fondo	Arka plan tonu	Hintergrund-Tönung
fx_surface_motion	Surface motion	表面动态	表面の動き	Mouvement de surface	Movimiento de la superficie	Yüzey hareketi	Oberflächenbewegung
fx_shape_bevel	Shape & bevel	形状与斜面	形状と面取り	Forme et biseau	Forma y bisel	Şekil ve eğim	Form & Fase
fx_roundness	Roundness	圆润度	丸み	Arrondi	Redondez	Yuvarlaklık	Rundung
fx_depth_profondeur	Depth (profondeur)	深度	深さ	Profondeur	Profundidad	Derinlik	Tiefe
fx_light_reflections	Light & reflections	光线与反射	光と反射	Lumière et reflets	Luz y reflejos	Işık ve yansımalar	Licht & Spiegelungen
fx_light_angle	Light angle	光照角度	光の角度	Angle de la lumière	Ángulo de la luz	Işık açısı	Lichtwinkel
fx_tilt_reactivity	Tilt reactivity	倾斜响应	傾きへの反応	Réactivité à l’inclinaison	Reacción a la inclinación	Eğim tepkisi	Neigungsreaktion
fx_edge_width	Edge width	边缘宽度	縁の幅	Largeur des bords	Ancho del borde	Kenar genişliği	Kantenbreite
fx_reflection	Reflection	反射	反射	Reflet	Reflejo	Yansıma	Spiegelung
fx_gloss	Gloss	光泽	光沢	Brillance	Brillo	Parlaklık	Glanz
fx_drop_shadow	Drop shadow	投影	ドロップシャドウ	Ombre portée	Sombra paralela	Gölge	Schlagschatten
fx_shadow_softness	Shadow softness	阴影柔和度	影の柔らかさ	Douceur de l’ombre	Suavidad de la sombra	Gölge yumuşaklığı	Schattenweichheit
fx_shadow_tint	Shadow tint	阴影色调	影の色合い	Teinte de l’ombre	Tinte de la sombra	Gölge tonu	Schattentönung
fx_quality	Quality	质量	品質	Qualité	Calidad	Kalite	Qualität
fx_per_pixel_samples	Per-pixel samples	每像素采样数	ピクセルあたりのサンプル数	Échantillons par pixel	Muestras por píxel	Piksel başına örnek	Abtastungen pro Pixel
fx_save_theme	Save theme	保存主题	テーマを保存	Enregistrer le thème	Guardar tema	Temayı kaydet	Design speichern
fx_theme_name	Theme name	主题名称	テーマ名	Nom du thème	Nombre del tema	Tema adı	Design-Name
fx_import_theme	Import theme	导入主题	テーマをインポート	Importer un thème	Importar tema	Temayı içe aktar	Design importieren
fx_paste_a_player_glass_theme_code_someone_shared	Paste a Player Glass theme code someone shared with you.	粘贴别人分享给你的播放器玻璃主题代码。	共有されたプレーヤーガラスのテーマコードを貼り付けます。	Collez le code d’un thème Player Glass qu’on vous a partagé.	Pega el código de un tema de Player Glass que alguien te haya compartido.	Biriyle paylaşılan bir Player Glass tema kodunu yapıştırın.	Füge einen Player-Glass-Designcode ein, den jemand mit dir geteilt hat.
fx_theme_code	Theme code	主题代码	テーマのコード	Code du thème	Código del tema	Tema kodu	Design-Code
fx_share_this_theme_or_remove_it_from_your_list	Share this theme or remove it from your list.	分享此主题，或将其从列表中移除。	このテーマを共有するか、リストから削除します。	Partagez ce thème ou retirez-le de votre liste.	Comparte este tema o quítalo de tu lista.	Bu temayı paylaşın veya listenizden kaldırın.	Teile dieses Design oder entferne es aus deiner Liste.
fx_hue	Hue	色相	色相	Teinte	Tono	Ton	Farbton
fx_saturation	Saturation	饱和度	彩度	Saturation	Saturación	Doygunluk	Sättigung
fx_brightness	Brightness	亮度	明るさ	Luminosité	Brillo	Parlaklık	Helligkeit
fx_use_current_album_colour	Use current album colour	使用当前专辑的颜色	現在のアルバムの色を使う	Utiliser la couleur de l’album en cours	Usar el color del álbum actual	Geçerli albüm rengini kullan	Farbe des aktuellen Albums verwenden
fx_custom_lyrics_font	Custom lyrics font	自定义歌词字体	歌詞のカスタムフォント	Police des paroles personnalisée	Fuente personalizada para la letra	Özel şarkı sözü yazı tipi	Eigene Songtext-Schrift
fx_liquid_glass_toggle	Liquid glass	液态玻璃	リキッドグラス	Verre liquide	Cristal líquido	Sıvı cam	Liquid Glass
fx_anti_aliasing_fxaa	Anti-aliasing (FXAA)	抗锯齿（FXAA）	アンチエイリアス（FXAA）	Anticrénelage (FXAA)	Suavizado de bordes (FXAA)	Kenar yumuşatma (FXAA)	Kantenglättung (FXAA)
fx_player_glass	Player Glass	播放器玻璃	プレーヤーガラス	Verre du lecteur	Cristal del reproductor	Oynatıcı camı	Player-Glas
fx_button_liquid_glass	Button liquid glass	按钮液态玻璃	ボタンのリキッドグラス	Verre liquide des boutons	Cristal líquido en los botones	Düğmede sıvı cam	Liquid Glass für Tasten
fx_mini_player_progress_bar	Mini player progress bar	迷你播放器进度条	ミニプレーヤーの進行バー	Barre de progression du mini-lecteur	Barra de progreso del minirreproductor	Mini oynatıcı ilerleme çubuğu	Fortschrittsbalken im Mini-Player
fx_glass_progress_bar	Glass progress bar	玻璃进度条	ガラスの進行バー	Barre de progression en verre	Barra de progreso de cristal	Cam ilerleme çubuğu	Glas-Fortschrittsbalken
fx_backdrop_blur_panels	Gaussian blur of whatever sits behind these panels (0 = off).	对这些面板后方内容的高斯模糊（0 = 关闭）。	これらのパネルの背後にあるもののガウスぼかし（0 = オフ）。	Flou gaussien de ce qui se trouve derrière ces panneaux (0 = désactivé).	Desenfoque gaussiano de lo que haya detrás de estos paneles (0 = desactivado).	Bu panellerin arkasında kalan her şeyin Gauss bulanıklığı (0 = kapalı).	Gaußsche Unschärfe dessen, was hinter diesen Panels liegt (0 = aus).
fx_backdrop_blur_player	Gaussian blur of the artwork and reactive glow behind the dock and the play button (0 = off).	对底栏和播放按钮后方的封面及反应光晕的高斯模糊（0 = 关闭）。	ドックと再生ボタンの背後にあるアートワークと反応する光のガウスぼかし（0 = オフ）。	Flou gaussien de la pochette et du halo réactif derrière le dock et le bouton de lecture (0 = désactivé).	Desenfoque gaussiano de la portada y del brillo reactivo detrás del dock y del botón de reproducción (0 = desactivado).	Alt çubuğun ve oynat düğmesinin arkasındaki kapağın ve tepkili parlamanın Gauss bulanıklığı (0 = kapalı).	Gaußsche Unschärfe von Cover und reaktivem Leuchten hinter Dock und Play-Taste (0 = aus).
fx_samples_value	%1$d (%2$d taps)	%1$d（%2$d 次采样）	%1$d（%2$d タップ）	%1$d (%2$d échantillons)	%1$d (%2$d muestras)	%1$d (%2$d örnek)	%1$d (%2$d Abtastungen)
fx_custom	Custom	自定义	カスタム	Personnalisée	Personalizado	Özel	Eigene
fx_preview_reactivity	PREVIEW · reactivity %1$d%%	预览 · 反应度 %1$d%%	プレビュー · 反応度 %1$d%%	APERÇU · réactivité %1$d %%	VISTA PREVIA · reactividad %1$d %%	ÖNİZLEME · tepki %%%1$d	VORSCHAU · Reaktivität %1$d %%
fx_now_playing_suffix	 · now playing	 · 正在播放	 · 再生中	 · en cours de lecture	 · reproduciendo	 · şimdi çalıyor	 · wird gespielt
fx_font_value	Font: %1$s	字体：%1$s	フォント：%1$s	Police : %1$s	Fuente: %1$s	Yazı tipi: %1$s	Schrift: %1$s
fx_choose	choose…	请选择…	選択…	choisir…	elegir…	seçin…	auswählen …
fx_manage_named	Manage %1$s	管理 %1$s	%1$s を管理	Gérer %1$s	Gestionar %1$s	%1$s öğesini yönet	%1$s verwalten
fx_saved_named	Saved “%1$s”	已保存“%1$s”	「%1$s」を保存しました	« %1$s » enregistré	Se guardó «%1$s»	“%1$s” kaydedildi	„%1$s“ gespeichert
fx_imported_named	Imported “%1$s”	已导入“%1$s”	「%1$s」をインポートしました	« %1$s » importé	Se importó «%1$s»	“%1$s” içe aktarıldı	„%1$s“ importiert
fx_invalid_preset_code	That doesn't look like a valid preset code	这看起来不是有效的预设代码	有効なプリセットのコードではないようです	Ce code de préréglage ne semble pas valide	No parece un código de preset válido	Bu geçerli bir ön ayar koduna benzemiyor	Das sieht nicht nach einem gültigen Preset-Code aus
fx_invalid_theme_code	That doesn't look like a valid theme code	这看起来不是有效的主题代码	有効なテーマのコードではないようです	Ce code de thème ne semble pas valide	No parece un código de tema válido	Bu geçerli bir tema koduna benzemiyor	Das sieht nicht nach einem gültigen Design-Code aus
fx_share_preset	Share preset	分享预设	プリセットを共有	Partager le préréglage	Compartir preset	Ön ayarı paylaş	Preset teilen
fx_share_theme	Share theme	分享主题	テーマを共有	Partager le thème	Compartir tema	Temayı paylaş	Design teilen
fx_preset_subject	Lyrics FX preset: %1$s	歌词特效预设：%1$s	歌詞エフェクトのプリセット：%1$s	Préréglage d’effets de paroles : %1$s	Preset de efectos de letra: %1$s	Şarkı sözü efekti ön ayarı: %1$s	Songtext-FX-Preset: %1$s
fx_theme_subject	Player Glass theme: %1$s	播放器玻璃主题：%1$s	プレーヤーガラスのテーマ：%1$s	Thème Player Glass : %1$s	Tema de Player Glass: %1$s	Player Glass teması: %1$s	Player-Glass-Design: %1$s
blend_normal	Normal	正常	通常	Normal	Normal	Normal	Normal
blend_screen	Screen	滤色	スクリーン	Superposition	Trama	Ekran	Negativ multiplizieren
blend_additive	Additive	相加	加算	Addition	Aditivo	Toplama	Addieren
blend_soft_light	Soft Light	柔光	ソフトライト	Lumière tamisée	Luz suave	Yumuşak ışık	Weiches Licht
atmos_downmix_preamp	Downmix preamp	缩混前置增益	ダウンミックスのプリアンプ	Préampli du downmix	Preamplificador del downmix	Downmix ön yükseltici	Downmix-Vorverstärkung
atmos_lfe_low_pass_125_hz	LFE low-pass (125 Hz)	LFE 低通（125 Hz）	LFE ローパス（125 Hz）	Passe-bas LFE (125 Hz)	Paso bajo LFE (125 Hz)	LFE alçak geçiren (125 Hz)	LFE-Tiefpass (125 Hz)
atmos_butterworth_4th_order_on_the_lfe_feed_the_dry	Butterworth 4th-order on the LFE feed; the dry path is delay-matched (~3.3 ms) before summing. Off = dry direct LFE.	在 LFE 信号上使用 4 阶巴特沃斯滤波；干声路径在求和前进行延迟匹配（约 3.3 ms）。关闭 = 直接使用未处理的 LFE。	LFE 信号に 4 次バターワースを適用します。ドライ信号は加算前に遅延を合わせます（約 3.3 ms）。オフ = 未処理の LFE をそのまま使います。	Butterworth d’ordre 4 sur le canal LFE ; le signal direct est retardé d’autant (~3,3 ms) avant sommation. Désactivé = LFE direct, non filtré.	Butterworth de 4.º orden en la señal LFE; la ruta seca se retrasa en consonancia (~3,3 ms) antes de sumar. Desactivado = LFE directo sin filtrar.	LFE beslemesinde 4. dereceden Butterworth; işlenmemiş yol toplamadan önce gecikmeyle eşleştirilir (~3,3 ms). Kapalı = işlenmemiş doğrudan LFE.	Butterworth 4. Ordnung auf dem LFE-Signal; der trockene Pfad wird vor dem Summieren verzögerungsangepasst (~3,3 ms). Aus = unbearbeitetes direktes LFE.
atmos_tidal_dolby_atmos	TIDAL Dolby Atmos	TIDAL Dolby Atmos	TIDAL Dolby Atmos	TIDAL Dolby Atmos	TIDAL Dolby Atmos	TIDAL Dolby Atmos	TIDAL Dolby Atmos
atmos_render_atmos_to_speakers	Render Atmos to speakers	将 Atmos 渲染到扬声器	Atmos をスピーカーにレンダリング	Rendu Atmos vers les enceintes	Renderizar Atmos a altavoces	Atmos’u hoparlörlere oluştur	Atmos auf Lautsprecher rendern
atmos_detect_layout_from_the_output	Detect layout from the output	从输出设备检测布局	出力からレイアウトを検出	Détecter la disposition depuis la sortie	Detectar la disposición desde la salida	Düzeni çıkıştan algıla	Layout am Ausgang erkennen
atmos_uses_the_channel_count_the_hdmi_usb_device	Uses the channel count the HDMI/USB device reports. 8 and 10 channels are ambiguous (7.1 / 5.1.2, 5.1.4 / 7.1.2): turn this off to pick yours.	使用 HDMI/USB 设备报告的声道数。8 声道和 10 声道存在歧义（7.1 / 5.1.2、5.1.4 / 7.1.2）：关闭此项可自行选择。	HDMI/USB 機器が報告するチャンネル数を使います。8 チャンネルと 10 チャンネルはあいまいです（7.1 / 5.1.2、5.1.4 / 7.1.2）。オフにすると自分で選べます。	Utilise le nombre de canaux annoncé par l’appareil HDMI/USB. 8 et 10 canaux sont ambigus (7.1 / 5.1.2, 5.1.4 / 7.1.2) : désactivez pour choisir la vôtre.	Usa el número de canales que indica el dispositivo HDMI/USB. 8 y 10 canales son ambiguos (7.1 / 5.1.2, 5.1.4 / 7.1.2): desactívalo para elegir el tuyo.	HDMI/USB cihazının bildirdiği kanal sayısını kullanır. 8 ve 10 kanal belirsizdir (7.1 / 5.1.2, 5.1.4 / 7.1.2): kendinizinkini seçmek için kapatın.	Nutzt die Kanalzahl, die das HDMI-/USB-Gerät meldet. 8 und 10 Kanäle sind mehrdeutig (7.1 / 5.1.2, 5.1.4 / 7.1.2): Schalte das aus, um deine zu wählen.
atmos_binaural_render_sofa_hrtf	Binaural render (SOFA HRTF)	双耳渲染（SOFA HRTF）	バイノーラルレンダリング（SOFA HRTF）	Rendu binaural (SOFA HRTF)	Renderizado binaural (SOFA HRTF)	Binaural oluşturma (SOFA HRTF)	Binauraler Render (SOFA-HRTF)
atmos_channel_map	Channel Map	声道映射	チャンネルマップ	Mappage des canaux	Mapa de canales	Kanal eşlemesi	Kanalzuordnung
atmos_test_track	Test Track	测试音轨	テストトラック	Piste de test	Pista de prueba	Test parçası	Testtitel
atmos_a_bundled_e_ac_3_joc_channel_check_a_voice	A bundled E-AC-3 JOC channel check: a voice moving through the Atmos positions. Add it to your library to hear the renderer work.	内置的 E-AC-3 JOC 声道测试：一段在各个 Atmos 位置间移动的人声。将其添加到音乐库即可听到渲染器的效果。	内蔵の E-AC-3 JOC チャンネルチェック。Atmos の各位置を声が移動します。ライブラリに追加すると、レンダラーの動作を聴けます。	Un test de canaux E-AC-3 JOC intégré : une voix qui parcourt les positions Atmos. Ajoutez-le à votre bibliothèque pour entendre le moteur de rendu à l’œuvre.	Una prueba de canales E-AC-3 JOC incluida: una voz que recorre las posiciones Atmos. Añádela a tu biblioteca para oír el renderizador en acción.	Dahili bir E-AC-3 JOC kanal testi: Atmos konumları arasında dolaşan bir ses. Oluşturucunun çalışmasını duymak için kitaplığınıza ekleyin.	Ein mitgelieferter E-AC-3-JOC-Kanaltest: eine Stimme, die durch die Atmos-Positionen wandert. Füge ihn deiner Bibliothek hinzu, um den Renderer zu hören.
atmos_add_atmos_test_track_to_library	Add Atmos test track to library	将 Atmos 测试音轨添加到音乐库	Atmos テストトラックをライブラリに追加	Ajouter la piste de test Atmos à la bibliothèque	Añadir la pista de prueba Atmos a la biblioteca	Atmos test parçasını kitaplığa ekle	Atmos-Testtitel zur Bibliothek hinzufügen
atmos_downmix	Downmix	缩混	ダウンミックス	Downmix	Downmix	Downmix	Downmix
atmos_sources	Sources	音源	ソース	Sources	Fuentes	Kaynaklar	Quellen
atmos_speakers	Speakers	扬声器	スピーカー	Enceintes	Altavoces	Hoparlörler	Lautsprecher
atmos_spatial_render	Spatial Render	空间渲染	空間レンダリング	Rendu spatial	Renderizado espacial	Uzamsal oluşturma	Räumlicher Render
atmos_using_the_built_in_mit_kemar_set_pick_a_sofa	Using the built-in MIT KEMAR set. Pick a SOFA preset below (or load one) for your own ears.	正在使用内置的 MIT KEMAR 数据集。可在下方选择（或加载）适合你耳朵的 SOFA 预设。	内蔵の MIT KEMAR セットを使用中です。自分の耳に合う SOFA プリセットを下から選ぶか、読み込んでください。	Jeu MIT KEMAR intégré utilisé. Choisissez ci-dessous un préréglage SOFA (ou chargez-en un) adapté à vos oreilles.	Usando el conjunto MIT KEMAR integrado. Elige abajo un preset SOFA (o carga uno) para tus propios oídos.	Dahili MIT KEMAR seti kullanılıyor. Kendi kulaklarınız için aşağıdan bir SOFA ön ayarı seçin (veya yükleyin).	Es wird das eingebaute MIT-KEMAR-Set verwendet. Wähle unten ein SOFA-Preset (oder lade eines) für deine eigenen Ohren.
atmos_sofa_presets	SOFA presets	SOFA 预设	SOFA プリセット	Préréglages SOFA	Presets SOFA	SOFA ön ayarları	SOFA-Presets
atmos_browse_hrtf_database	Browse HRTF database	浏览 HRTF 数据库	HRTF データベースを見る	Parcourir la base HRTF	Explorar la base de datos HRTF	HRTF veritabanına göz at	HRTF-Datenbank durchsuchen
atmos_load_sofa_file	Load .sofa file	加载 .sofa 文件	.sofa ファイルを読み込む	Charger un fichier .sofa	Cargar archivo .sofa	.sofa dosyası yükle	.sofa-Datei laden
api_add_a_server_and_tryptify_works_out_what_it	Add a server and Tryptify works out what it serves. Search uses every catalog your APIs provide; when two serve the same one, the higher one is used.	添加一个服务器，Tryptify 会自动识别它提供的内容。搜索会使用你的 API 提供的所有曲库；当两个 API 提供相同的曲库时，使用排在上面的那个。	サーバーを追加すると、Tryptify が提供内容を判別します。検索には API が提供するすべてのカタログが使われ、同じカタログを 2 つが提供する場合は上にあるほうが使われます。	Ajoutez un serveur et Tryptify détermine ce qu’il propose. La recherche utilise tous les catalogues fournis par vos API ; quand deux proposent le même, celle du dessus l’emporte.	Añade un servidor y Tryptify averigua qué ofrece. La búsqueda usa todos los catálogos que proporcionan tus API; si dos ofrecen el mismo, se usa la que está más arriba.	Bir sunucu ekleyin, Tryptify ne sunduğunu belirlesin. Arama, API’lerinizin sağladığı tüm katalogları kullanır; ikisi aynı kataloğu sunarsa üstteki kullanılır.	Füge einen Server hinzu, und Tryptify ermittelt, was er bereitstellt. Die Suche nutzt jeden Katalog deiner APIs; bieten zwei denselben, wird die obere verwendet.
api_no_apis_yet_add_one_to_search_and_play	No APIs yet. Add one to search and play.	还没有 API。添加一个即可搜索和播放。	API はまだありません。検索と再生にはひとつ追加してください。	Aucune API pour l’instant. Ajoutez-en une pour chercher et écouter.	Aún no hay ninguna API. Añade una para buscar y reproducir.	Henüz API yok. Arama yapmak ve çalmak için bir tane ekleyin.	Noch keine APIs. Füge eine hinzu, um zu suchen und abzuspielen.
api_move_up	Move up	上移	上へ移動	Monter	Subir	Yukarı taşı	Nach oben
api_check_again	Check again	重新检查	再確認	Vérifier à nouveau	Volver a comprobar	Yeniden denetle	Erneut prüfen
api_remove	Remove	移除	削除	Retirer	Quitar	Kaldır	Entfernen
api_add_api	Add API	添加 API	API を追加	Ajouter une API	Añadir API	API ekle	API hinzufügen
api_remove_this_api	Remove this API?	要移除此 API 吗？	この API を削除しますか？	Retirer cette API ?	¿Quitar esta API?	Bu API kaldırılsın mı?	Diese API entfernen?
api_checking	Checking…	正在检查…	確認中…	Vérification…	Comprobando…	Denetleniyor…	Wird geprüft …
api_serves_nothing_tryptify_can_use_right_now_check	Serves nothing Tryptify can use right now. Check the server, then tap ↻.	目前没有提供 Tryptify 可用的内容。请检查服务器，然后点按 ↻。	現在 Tryptify が使えるものを提供していません。サーバーを確認してから ↻ をタップしてください。	Ne propose rien que Tryptify puisse utiliser pour l’instant. Vérifiez le serveur, puis touchez ↻.	Ahora no ofrece nada que Tryptify pueda usar. Revisa el servidor y toca ↻.	Şu anda Tryptify’ın kullanabileceği bir şey sunmuyor. Sunucuyu kontrol edin, ardından ↻ simgesine dokunun.	Stellt gerade nichts bereit, was Tryptify nutzen kann. Prüfe den Server und tippe dann auf ↻.
api_server_address	Server address	服务器地址	サーバーのアドレス	Adresse du serveur	Dirección del servidor	Sunucu adresi	Serveradresse
api_just_the_server_s_base_address_tryptify_checks	Just the server's base address. Tryptify checks it for TIDAL, Qobuz, Apple Music and Deezer.	只需服务器的基础地址。Tryptify 会检查它是否提供 TIDAL、Qobuz、Apple Music 和 Deezer。	サーバーの基本アドレスだけで大丈夫です。Tryptify が TIDAL、Qobuz、Apple Music、Deezer に対応しているか確認します。	Juste l’adresse de base du serveur. Tryptify y cherche TIDAL, Qobuz, Apple Music et Deezer.	Solo la dirección base del servidor. Tryptify comprueba si ofrece TIDAL, Qobuz, Apple Music y Deezer.	Yalnızca sunucunun temel adresi. Tryptify; TIDAL, Qobuz, Apple Music ve Deezer için denetler.	Nur die Basisadresse des Servers. Tryptify prüft sie auf TIDAL, Qobuz, Apple Music und Deezer.
api_that_isn_t_a_web_address_try_something_like	That isn't a web address. Try something like https://hifi.example.com.	这不是网址。请尝试类似 https://hifi.example.com 的地址。	Web アドレスではありません。https://hifi.example.com のような形式で入力してください。	Ce n’est pas une adresse web. Essayez par exemple https://hifi.example.com.	Eso no es una dirección web. Prueba algo como https://hifi.example.com.	Bu bir web adresi değil. https://hifi.example.com gibi bir şey deneyin.	Das ist keine Webadresse. Versuch es mit etwas wie https://hifi.example.com.
api_done	Done	完成	完了	OK	Listo	Bitti	Fertig
api_check_and_add	Check and add	检查并添加	確認して追加	Vérifier et ajouter	Comprobar y añadir	Denetle ve ekle	Prüfen und hinzufügen
api_serves	Serves	提供	提供	Propose	Ofrece	Sunar	Bietet
api_not_found	Not found	未找到	見つかりません	Introuvable	No encontrado	Bulunamadı	Nicht gefunden
waterfall_depth	Depth	深度	奥行き	Profondeur	Profundidad	Derinlik	Tiefe
waterfall_how_long_a_line_takes_to_travel_back_and	How long a line takes to travel back and disappear	一条线向后移动直至消失所需的时间	線が奥へ進んで消えるまでの時間	Le temps que met une ligne à reculer puis disparaître	Lo que tarda una línea en alejarse y desaparecer	Bir çizginin geriye gidip kaybolmasının ne kadar sürdüğü	Wie lange eine Linie braucht, um nach hinten zu wandern und zu verschwinden
waterfall_fade_start	Fade start	淡出起点	フェードの開始	Début du fondu	Inicio del desvanecimiento	Solma başlangıcı	Ausblendbeginn
waterfall_how_far_back_a_line_stays_at_full_strength	How far back a line stays at full strength before fading	一条线在开始淡出前，以全强度保持到多远	線がフェードし始めるまで、どこまで最大の強さを保つか	Jusqu’où une ligne garde toute sa force avant de s’estomper	Hasta dónde mantiene una línea toda su intensidad antes de desvanecerse	Bir çizginin solmaya başlamadan önce ne kadar geriye kadar tam güçte kaldığı	Wie weit hinten eine Linie volle Stärke behält, bevor sie ausblendet
waterfall_angle	Angle	角度	角度	Angle	Ángulo	Açı	Winkel
waterfall_low_a_near_flat_horizon_high_looking_down_on_the	Low: a near-flat horizon. High: looking down on the ridges	低：接近平坦的地平线。高：俯视山脊	低：ほぼ平らな地平線。高：尾根を見下ろす視点	Bas : un horizon presque plat. Haut : une vue plongeante sur les crêtes	Bajo: un horizonte casi plano. Alto: mirando las crestas desde arriba	Düşük: neredeyse düz bir ufuk. Yüksek: sırtlara yukarıdan bakış	Niedrig: ein fast flacher Horizont. Hoch: Blick von oben auf die Grate
waterfall_line_weight	Line weight	线条粗细	線の太さ	Épaisseur des lignes	Grosor de línea	Çizgi kalınlığı	Linienstärke
waterfall_thick_bands_or_fine_hairlines_like_a_radio_sweep	Thick bands, or fine hairlines like a radio sweep	粗带状，或像无线电扫描那样的细线	太い帯か、無線のスイープのような細い線か	Des bandes épaisses, ou de fines lignes comme un balayage radio	Bandas gruesas o líneas finas como un barrido de radio	Kalın bantlar ya da bir radyo taraması gibi ince çizgiler	Dicke Bänder oder feine Haarlinien wie ein Funk-Sweep
waterfall_vsync	Vsync	垂直同步	垂直同期	Synchro verticale	Sincronización vertical	Dikey eşitleme	VSync
waterfall_the_spectrum_on_the_album_art_the_bright_line_at	The spectrum on the album art. The bright line at the front is now; every moment a copy of it falls back, rises and fades, so the last few seconds stand behind it.	专辑封面上的频谱。最前面的亮线代表此刻；每一刻都会有一份副本向后退、升起并淡出，因此最近几秒会排列在它身后。	アルバムアート上のスペクトラム。手前の明るい線が現在です。その複製が刻々と奥へ下がり、浮かび上がって消えていくため、直前の数秒がその後ろに並びます。	Le spectre sur la pochette. La ligne lumineuse au premier plan, c’est maintenant ; à chaque instant une copie recule, s’élève et s’estompe, si bien que les dernières secondes se tiennent derrière elle.	El espectro sobre la portada. La línea brillante del frente es el ahora; a cada momento una copia retrocede, sube y se desvanece, así que los últimos segundos quedan detrás.	Albüm kapağındaki spektrum. Öndeki parlak çizgi şimdiki andır; her an onun bir kopyası geriye düşer, yükselir ve solar, böylece son birkaç saniye arkasında durur.	Das Spektrum auf dem Albumcover. Die helle Linie vorn ist jetzt; in jedem Moment fällt eine Kopie davon zurück, steigt auf und verblasst, sodass die letzten Sekunden dahinter stehen.
waterfall_style	Style	样式	スタイル	Style	Estilo	Stil	Stil
waterfall_frame_rate	Frame rate	帧率	フレームレート	Fréquence d’images	Frecuencia de fotogramas	Kare hızı	Bildrate
waterfall_how_often_the_waterfall_is_drawn_lower_saves_gpu	How often the waterfall is drawn. Lower saves GPU and battery; Max is every refresh the display gives.	瀑布图的绘制频率。越低越省 GPU 和电量；“最大”即屏幕每次刷新都绘制。	ウォーターフォールを描く頻度です。低いほど GPU と電池を節約します。「最大」は画面のリフレッシュごとに描きます。	La fréquence à laquelle la cascade est dessinée. Plus bas économise GPU et batterie ; Max suit chaque rafraîchissement de l’écran.	Con qué frecuencia se dibuja la cascada. Más bajo ahorra GPU y batería; Máx. usa cada refresco de la pantalla.	Şelalenin ne sıklıkla çizildiği. Düşük değer GPU ve pil tasarrufu sağlar; Maks., ekranın her yenilemesinde çizer.	Wie oft der Wasserfall gezeichnet wird. Niedriger spart GPU und Akku; Max nutzt jede Bildwiederholung des Displays.
waterfall_angle_depth_pinch_weight_drag_the_fade_line	↕ angle · ↔ depth · pinch weight · drag the fade line	↕ 角度 · ↔ 深度 · 双指缩放调粗细 · 拖动淡出线	↕ 角度 · ↔ 奥行き · ピンチで太さ · フェード線をドラッグ	↕ angle · ↔ profondeur · pincer : épaisseur · faites glisser la ligne de fondu	↕ ángulo · ↔ profundidad · pellizca: grosor · arrastra la línea de desvanecimiento	↕ açı · ↔ derinlik · kıstırma: kalınlık · solma çizgisini sürükleyin	↕ Winkel · ↔ Tiefe · Pinch: Stärke · Ausblendlinie ziehen
waterfall_preview_paused_while_the_other_one_is_on_screen	Preview paused while the other one is on screen	另一个预览在屏幕上时，此预览暂停	もう一方のプレビューが表示されている間は一時停止します	Aperçu en pause tant que l’autre est à l’écran	Vista previa en pausa mientras la otra está en pantalla	Diğeri ekrandayken önizleme duraklatıldı	Vorschau pausiert, solange die andere zu sehen ist
wavecandy_stereo_waveform	Stereo waveform	立体声波形	ステレオ波形	Forme d’onde stéréo	Forma de onda estéreo	Stereo dalga formu	Stereo-Wellenform
wavecandy_album_colour	Album colour	专辑颜色	アルバムの色	Couleur de l’album	Color del álbum	Albüm rengi	Albumfarbe
wavecandy_draw_the_waveform_in_the_album_s_accent_instead	Draw the waveform in the album's accent instead of white	用专辑的强调色而不是白色绘制波形	波形を白ではなくアルバムのアクセントカラーで描きます	Dessiner la forme d’onde dans la couleur d’accent de l’album plutôt qu’en blanc	Dibujar la forma de onda con el color de acento del álbum en lugar de blanco	Dalga formunu beyaz yerine albümün vurgu rengiyle çiz	Die Wellenform im Akzent des Albums statt in Weiß zeichnen
wavecandy_kick_punch	Kick punch	底鼓冲击	キックのパンチ	Impact de la grosse caisse	Golpe del bombo	Davul vuruşu darbesi	Kick-Punch
wavecandy_the_cover_punches_in_on_each_kick_drum	The cover punches in on each kick drum	每次底鼓时封面都会向内一震	キックドラムのたびにカバーが弾みます	La pochette donne un coup à chaque grosse caisse	La portada da un golpe con cada bombo	Kapak her davul vuruşunda içeri çöker	Das Cover zuckt bei jeder Bassdrum
wavecandy_the_oscilloscope_on_the_album_art_and_the_cover	The oscilloscope on the album art, and the cover punching in on the kick. Switch to it with the waveform button on the art.	专辑封面上的示波器，以及随底鼓震动的封面。点按封面上的波形按钮即可切换。	アルバムアート上のオシロスコープと、キックに合わせて弾むカバーです。アート上の波形ボタンで切り替えます。	L’oscilloscope sur la pochette, et la pochette qui frappe avec la grosse caisse. Basculez-y avec le bouton forme d’onde sur la pochette.	El osciloscopio sobre la portada, y la portada golpeando con el bombo. Cambia a él con el botón de forma de onda de la portada.	Albüm kapağındaki osiloskop ve davul vuruşuyla çöken kapak. Kapaktaki dalga formu düğmesiyle ona geçin.	Das Oszilloskop auf dem Albumcover und das Cover, das bei der Kick zuckt. Wechsle mit der Wellenform-Taste auf dem Cover dorthin.
wavecandy_time_window	Time window	时间窗口	時間幅	Fenêtre temporelle	Ventana de tiempo	Zaman penceresi	Zeitfenster
wavecandy_height	Height	高度	高さ	Hauteur	Altura	Yükseklik	Höhe
wavecandy_thickness	Thickness	粗细	太さ	Épaisseur	Grosor	Kalınlık	Dicke
wavecandy_punch_strength	Punch strength	冲击强度	パンチの強さ	Force de l’impact	Fuerza del golpe	Darbe gücü	Punch-Stärke
wavecandy_kick_sensitivity	Kick sensitivity	底鼓灵敏度	キックの感度	Sensibilité à la grosse caisse	Sensibilidad al bombo	Davul vuruşu hassasiyeti	Kick-Empfindlichkeit
hrtf_hrtf_database	HRTF Database	HRTF 数据库	HRTF データベース	Base de données HRTF	Base de datos HRTF	HRTF veritabanı	HRTF-Datenbank
hrtf_filter	Filter	筛选	フィルタ	Filtrer	Filtrar	Filtrele	Filtern
hrtf_nothing_here	Nothing here.	这里什么都没有。	ここには何もありません。	Rien ici.	No hay nada aquí.	Burada bir şey yok.	Hier ist nichts.
atmos_adding	Adding…	正在添加…	追加中…	Ajout…	Añadiendo…	Ekleniyor…	Wird hinzugefügt …
atmos_test_already	Already in your library. Refresh the Local tab to find “Tryptify Atmos Test”.	已在你的音乐库中。刷新“本地”标签页即可找到“Tryptify Atmos Test”。	すでにライブラリにあります。「ローカル」タブを更新すると「Tryptify Atmos Test」が見つかります。	Déjà dans votre bibliothèque. Actualisez l’onglet Local pour trouver « Tryptify Atmos Test ».	Ya está en tu biblioteca. Actualiza la pestaña Local para encontrar «Tryptify Atmos Test».	Zaten kitaplığınızda. “Tryptify Atmos Test”i bulmak için Yerel sekmesini yenileyin.	Schon in deiner Bibliothek. Aktualisiere den Tab „Lokal“, um „Tryptify Atmos Test“ zu finden.
atmos_test_added	Added “Tryptify Atmos Test”. Refresh the Local library to play it.	已添加“Tryptify Atmos Test”。刷新本地音乐库即可播放。	「Tryptify Atmos Test」を追加しました。ローカルライブラリを更新すると再生できます。	« Tryptify Atmos Test » ajouté. Actualisez la bibliothèque locale pour l’écouter.	Se añadió «Tryptify Atmos Test». Actualiza la biblioteca local para reproducirla.	“Tryptify Atmos Test” eklendi. Çalmak için yerel kitaplığı yenileyin.	„Tryptify Atmos Test“ hinzugefügt. Aktualisiere die lokale Bibliothek, um ihn abzuspielen.
atmos_test_failed	Couldn't add the test track (%1$s).	无法添加测试音轨（%1$s）。	テストトラックを追加できませんでした（%1$s）。	Impossible d’ajouter la piste de test (%1$s).	No se pudo añadir la pista de prueba (%1$s).	Test parçası eklenemedi (%1$s).	Testtitel konnte nicht hinzugefügt werden (%1$s).
atmos_live_levels	Live: %1$s · %2$d ch · %3$s. Each speaker glows with its channel's level.	实时：%1$s · %2$d 声道 · %3$s。每个扬声器会随其声道的电平发光。	ライブ：%1$s · %2$d ch · %3$s。各スピーカーがチャンネルのレベルに合わせて光ります。	En direct : %1$s · %2$d canaux · %3$s. Chaque enceinte s’illumine selon le niveau de son canal.	En directo: %1$s · %2$d canales · %3$s. Cada altavoz brilla según el nivel de su canal.	Canlı: %1$s · %2$d kanal · %3$s. Her hoparlör kendi kanalının seviyesiyle parlar.	Live: %1$s · %2$d Kanäle · %3$s. Jeder Lautsprecher leuchtet mit dem Pegel seines Kanals.
atmos_speakers_idle	Speakers the current mix drives, lit on their room positions. Play a track to see live channel levels.	当前混音所驱动的扬声器，按其在房间中的位置点亮。播放一首歌即可看到实时声道电平。	現在のミックスが鳴らすスピーカーを、部屋の位置に表示します。曲を再生するとリアルタイムのチャンネルレベルが見られます。	Les enceintes qu’alimente le mix actuel, allumées à leur place dans la pièce. Lancez un titre pour voir les niveaux des canaux en direct.	Los altavoces que usa la mezcla actual, iluminados en su posición en la sala. Reproduce una canción para ver los niveles de canal en directo.	Mevcut miksin kullandığı hoparlörler, odadaki konumlarında yanar. Canlı kanal seviyelerini görmek için bir parça çalın.	Die Lautsprecher, die der aktuelle Mix ansteuert, an ihren Raumpositionen beleuchtet. Spiel einen Titel ab, um Live-Kanalpegel zu sehen.
atmos_tidal_on	TIDAL tracks with an Atmos mix play it (full E-AC-3 JOC, via your TrypT HiFi instance) instead of stereo.	带有 Atmos 混音的 TIDAL 歌曲会播放 Atmos 版本（完整 E-AC-3 JOC，经由你的 TrypT HiFi 实例），而不是立体声。	Atmos ミックスのある TIDAL の曲は、ステレオではなく Atmos で再生されます（完全な E-AC-3 JOC、TrypT HiFi インスタンス経由）。	Les titres TIDAL disposant d’un mix Atmos le jouent (E-AC-3 JOC complet, via votre instance TrypT HiFi) au lieu de la stéréo.	Las canciones de TIDAL con mezcla Atmos la reproducen (E-AC-3 JOC completo, a través de tu instancia TrypT HiFi) en lugar del estéreo.	Atmos miksi olan TIDAL parçaları stereo yerine onu çalar (TrypT HiFi örneğiniz üzerinden tam E-AC-3 JOC).	TIDAL-Titel mit Atmos-Mix spielen diesen (volles E-AC-3 JOC über deine TrypT-HiFi-Instanz) statt Stereo.
atmos_tidal_off	Off. TIDAL tracks play their stereo stream.	关闭。TIDAL 歌曲播放立体声流。	オフ。TIDAL の曲はステレオで再生されます。	Désactivé. Les titres TIDAL jouent leur flux stéréo.	Desactivado. Las canciones de TIDAL reproducen su flujo estéreo.	Kapalı. TIDAL parçaları stereo akışlarını çalar.	Aus. TIDAL-Titel spielen ihren Stereo-Stream.
atmos_speakers_on	Objects are placed on your speaker layout (up to 9.1.6) over HDMI or a multichannel USB interface. DSP/EQ are bypassed.	通过 HDMI 或多声道 USB 接口，将声音对象放置到你的扬声器布局上（最高 9.1.6）。将绕过 DSP/EQ。	HDMI またはマルチチャンネル USB インターフェース経由で、オブジェクトをスピーカー配置（最大 9.1.6）に配置します。DSP/EQ は通りません。	Les objets sont placés sur votre disposition d’enceintes (jusqu’à 9.1.6) via HDMI ou une interface USB multicanal. DSP/égaliseur contournés.	Los objetos se colocan en tu disposición de altavoces (hasta 9.1.6) por HDMI o una interfaz USB multicanal. Se omiten DSP/EQ.	Nesneler HDMI veya çok kanallı bir USB arabirimi üzerinden hoparlör düzeninize (9.1.6’ya kadar) yerleştirilir. DSP/EQ atlanır.	Objekte werden über HDMI oder ein Mehrkanal-USB-Interface auf deinem Lautsprecher-Layout (bis 9.1.6) platziert. DSP/EQ werden umgangen.
atmos_speakers_off	Off. Atmos plays binaural or folded to stereo (below).	关闭。Atmos 以双耳方式播放，或缩混为立体声（见下方）。	オフ。Atmos はバイノーラル、またはステレオに畳み込んで再生されます（下記）。	Désactivé. L’Atmos est joué en binaural ou réduit en stéréo (ci-dessous).	Desactivado. Atmos se reproduce en binaural o reducido a estéreo (abajo).	Kapalı. Atmos binaural olarak veya stereoya indirilerek çalınır (aşağıda).	Aus. Atmos spielt binaural oder auf Stereo gefaltet (unten).
atmos_layout_option	%1$s  ·  %2$d ch	%1$s  ·  %2$d 声道	%1$s  ·  %2$d ch	%1$s  ·  %2$d canaux	%1$s  ·  %2$d canales	%1$s  ·  %2$d kanal	%1$s  ·  %2$d Kanäle
atmos_binaural_on	Atmos objects are placed around your head via the HRTF below.	通过下方的 HRTF，将 Atmos 声音对象放置在你的头部周围。	下の HRTF を使って、Atmos のオブジェクトを頭のまわりに配置します。	Les objets Atmos sont placés autour de votre tête grâce à la HRTF ci-dessous.	Los objetos Atmos se colocan alrededor de tu cabeza mediante la HRTF de abajo.	Atmos nesneleri aşağıdaki HRTF ile başınızın çevresine yerleştirilir.	Atmos-Objekte werden über die HRTF unten um deinen Kopf platziert.
atmos_binaural_off	Off. Atmos tracks use the coefficient downmix renderer.	关闭。Atmos 歌曲使用系数缩混渲染器。	オフ。Atmos の曲は係数ダウンミックスのレンダラーを使います。	Désactivé. Les titres Atmos utilisent le downmix par coefficients.	Desactivado. Las canciones Atmos usan el renderizador de downmix por coeficientes.	Kapalı. Atmos parçaları katsayılı downmix oluşturucusunu kullanır.	Aus. Atmos-Titel nutzen den Koeffizienten-Downmix-Renderer.
atmos_sofa_rejected	⚠ %1$s was REJECTED by the SOFA loader. The render is using the built-in KEMAR HRTF instead. The file may be truncated, unsupported, or not a SOFA.	⚠ %1$s 被 SOFA 加载器拒绝。渲染改用内置的 KEMAR HRTF。该文件可能不完整、不受支持，或不是 SOFA 文件。	⚠ %1$s は SOFA ローダーに拒否されました。代わりに内蔵の KEMAR HRTF でレンダリングしています。ファイルが途中で切れているか、未対応か、SOFA ではない可能性があります。	⚠ %1$s a été REJETÉ par le chargeur SOFA. Le rendu utilise à la place la HRTF KEMAR intégrée. Le fichier est peut-être tronqué, non pris en charge ou pas au format SOFA.	⚠ El cargador SOFA RECHAZÓ %1$s. El renderizado usa en su lugar la HRTF KEMAR integrada. Puede que el archivo esté truncado, no sea compatible o no sea SOFA.	⚠ %1$s, SOFA yükleyicisi tarafından REDDEDİLDİ. Oluşturma bunun yerine dahili KEMAR HRTF’yi kullanıyor. Dosya eksik, desteklenmeyen veya SOFA olmayan bir dosya olabilir.	⚠ %1$s wurde vom SOFA-Loader ABGELEHNT. Der Render nutzt stattdessen die eingebaute KEMAR-HRTF. Die Datei ist vielleicht abgeschnitten, nicht unterstützt oder keine SOFA-Datei.
atmos_sofa_loaded	Loaded: %1$s	已加载：%1$s	読み込み済み：%1$s	Chargé : %1$s	Cargado: %1$s	Yüklendi: %1$s	Geladen: %1$s
atmos_sofa_selected	Selected: %1$s. Applies when playback (re)starts.	已选择：%1$s。将在播放（重新）开始时生效。	選択済み：%1$s。再生を（再）開始すると適用されます。	Sélectionné : %1$s. S’applique au (re)démarrage de la lecture.	Seleccionado: %1$s. Se aplica cuando la reproducción (re)comienza.	Seçildi: %1$s. Çalma (yeniden) başladığında uygulanır.	Ausgewählt: %1$s. Gilt, sobald die Wiedergabe (neu) startet.
api_remove_detail	"%1$s

Its catalogs leave Search unless another API serves them."	"%1$s

除非有其他 API 提供，它的曲库将从搜索中移除。"	"%1$s

ほかの API が提供していない限り、そのカタログは検索から外れます。"	"%1$s

Ses catalogues quittent la recherche, sauf si une autre API les propose."	"%1$s

Sus catálogos salen de la búsqueda, salvo que otra API los ofrezca."	"%1$s

Başka bir API sunmadıkça katalogları Arama’dan çıkar."	"%1$s

Ihre Kataloge verschwinden aus der Suche, sofern keine andere API sie bereitstellt."
api_added	API added	已添加 API	API を追加しました	API ajoutée	API añadida	API eklendi	API hinzugefügt
api_already_added	%1$s is already in the list. Use ↻ on it to check it again.	%1$s 已在列表中。可点按它上面的 ↻ 重新检查。	%1$s はすでにリストにあります。↻ で再確認できます。	%1$s est déjà dans la liste. Touchez ↻ dessus pour la vérifier à nouveau.	%1$s ya está en la lista. Usa ↻ en ella para volver a comprobarla.	%1$s zaten listede. Yeniden denetlemek için üzerindeki ↻ simgesini kullanın.	%1$s ist schon in der Liste. Tippe dort auf ↻, um sie erneut zu prüfen.
api_reason_line	%1$s: %2$s	%1$s：%2$s	%1$s：%2$s	%1$s : %2$s	%1$s: %2$s	%1$s: %2$s	%1$s: %2$s
waterfall_max	Max	最大	最大	Max	Máx.	Maks.	Max
waterfall_every_refresh_desc	Every display refresh	每次屏幕刷新	画面のリフレッシュごと	À chaque rafraîchissement de l’écran	En cada refresco de la pantalla	Her ekran yenilemesinde	Bei jeder Bildwiederholung
waterfall_vsync_on	Snap the frame rate to an even step of the display's refresh: smooth, evenly spaced frames	将帧率对齐到屏幕刷新率的整数分频：画面平滑、间隔均匀	フレームレートを画面のリフレッシュの整数分の一に合わせます：なめらかで等間隔のフレーム	Caler la fréquence sur une fraction exacte du rafraîchissement de l’écran : images fluides et régulières	Ajustar la frecuencia a una fracción exacta del refresco de la pantalla: fotogramas suaves y regulares	Kare hızını ekran yenileme hızının eşit bir adımına oturt: akıcı, eşit aralıklı kareler	Bildrate auf eine glatte Teilung der Display-Wiederholrate einrasten: flüssige, gleichmäßige Bilder
waterfall_vsync_off	Hold the exact frame rate by the clock: the number you picked, spaced slightly unevenly	按时钟保持精确帧率：即你选择的数值，但间隔略不均匀	時計に合わせて正確なフレームレートを保ちます：選んだ数値どおりですが、間隔はわずかに不均一です	Tenir la fréquence exacte à l’horloge : le chiffre choisi, avec un espacement légèrement irrégulier	Mantener la frecuencia exacta por reloj: la cifra elegida, con un espaciado algo irregular	Tam kare hızını saate göre koru: seçtiğiniz sayı, aralıklar biraz düzensiz	Die genaue Bildrate nach der Uhr halten: die gewählte Zahl, leicht ungleichmäßig verteilt
waterfall_live	Live: what is playing now	实时：正在播放的内容	ライブ：再生中の曲	En direct : ce qui joue maintenant	En directo: lo que suena ahora	Canlı: şu an çalan	Live: was gerade läuft
waterfall_demo	Demo signal: play something to see your music	演示信号：播放点什么即可看到你的音乐	デモ信号：何か再生すると音楽が表示されます	Signal de démo : lancez de la musique pour la voir	Señal de demostración: reproduce algo para ver tu música	Demo sinyali: müziğinizi görmek için bir şey çalın	Demo-Signal: Spiel etwas ab, um deine Musik zu sehen
waterfall_summary	%1$s, %2$.1f dp, %3$s. %4$d lines, one every %5$d ms. Full strength for %6$.1f s, then fading over %7$.1f s; gone %8$.1f s after it was heard. Rising at %9$d°.	%1$s，%2$.1f dp，%3$s。共 %4$d 条线，每 %5$d 毫秒一条。全强度保持 %6$.1f 秒，然后在 %7$.1f 秒内淡出；声音播出 %8$.1f 秒后消失。仰角 %9$d°。	%1$s、%2$.1f dp、%3$s。%4$d 本の線を %5$d ms ごとに 1 本。%6$.1f 秒間は最大の強さで、その後 %7$.1f 秒かけてフェードし、聞こえてから %8$.1f 秒で消えます。角度 %9$d°。	%1$s, %2$.1f dp, %3$s. %4$d lignes, une toutes les %5$d ms. Pleine intensité pendant %6$.1f s, puis fondu sur %7$.1f s ; disparue %8$.1f s après avoir été entendue. Inclinaison de %9$d°.	%1$s, %2$.1f dp, %3$s. %4$d líneas, una cada %5$d ms. Intensidad máxima durante %6$.1f s, luego se desvanece en %7$.1f s; desaparece %8$.1f s después de oírse. Inclinación de %9$d°.	%1$s, %2$.1f dp, %3$s. %4$d çizgi, her %5$d ms’de bir. %6$.1f sn tam güçte, ardından %7$.1f sn boyunca solar; duyulduktan %8$.1f sn sonra kaybolur. Yükselme açısı %9$d°.	%1$s, %2$.1f dp, %3$s. %4$d Linien, eine alle %5$d ms. Volle Stärke für %6$.1f s, dann Ausblenden über %7$.1f s; %8$.1f s nach dem Hören verschwunden. Neigung %9$d°.
waterfall_rate_every_refresh	every refresh	每次刷新	リフレッシュごと	à chaque rafraîchissement	en cada refresco	her yenilemede	bei jeder Wiederholung
waterfall_rate_vsync	%1$d fps, vsync	%1$d fps，垂直同步	%1$d fps、垂直同期	%1$d FPS, synchro verticale	%1$d FPS, sincronización vertical	%1$d fps, dikey eşitleme	%1$d FPS, VSync
waterfall_rate_clock	%1$d fps by the clock	按时钟 %1$d fps	時計基準で %1$d fps	%1$d FPS à l’horloge	%1$d FPS por reloj	saate göre %1$d fps	%1$d FPS nach der Uhr
waterfall_guide_now	now	此刻	現在	maintenant	ahora	şimdi	jetzt
waterfall_guide_fade	fade begins · −%1$.1f s	开始淡出 · −%1$.1f 秒	フェード開始 · −%1$.1f 秒	début du fondu · −%1$.1f s	empieza a desvanecerse · −%1$.1f s	solma başlar · −%1$.1f sn	Ausblenden beginnt · −%1$.1f s
waterfall_guide_gone	gone · −%1$.1f s	消失 · −%1$.1f 秒	消える · −%1$.1f 秒	disparue · −%1$.1f s	desaparece · −%1$.1f s	kaybolur · −%1$.1f sn	weg · −%1$.1f s
waterfall_style_lines	Lines	线条	ライン	Lignes	Líneas	Çizgiler	Linien
waterfall_style_lines_desc	See-through lines in the album colour, lightening at the peaks	专辑颜色的半透明线条，峰值处变亮	アルバムの色の透ける線。ピークで明るくなります	Des lignes translucides dans la couleur de l’album, qui s’éclaircissent aux sommets	Líneas translúcidas del color del álbum que se aclaran en los picos	Albüm renginde saydam çizgiler, tepe noktalarında açılır	Durchscheinende Linien in der Albumfarbe, an den Spitzen heller
waterfall_style_ridgeline	Ridgeline	山脊	稜線	Crêtes	Crestas	Sırt hattı	Bergkamm
waterfall_style_ridgeline_desc	Each line hides what is behind it, like a mountain range	每条线都会遮住其后方的内容，就像一座山脉	山並みのように、各線が背後を隠します	Chaque ligne cache ce qui est derrière elle, comme une chaîne de montagnes	Cada línea oculta lo que hay detrás, como una cordillera	Her çizgi, bir sıradağ gibi arkasındakini gizler	Jede Linie verdeckt, was dahinter liegt, wie eine Bergkette
waterfall_style_heat	Heat	热度	ヒート	Chaleur	Calor	Isı	Hitze
waterfall_style_heat_desc	Coloured by height: green at the floor, yellow-white at the peaks	按高度着色：底部为绿色，峰值为黄白色	高さで色分け：底は緑、ピークは黄白	Coloré selon la hauteur : vert au plancher, jaune-blanc aux sommets	Coloreado por altura: verde abajo, blanco amarillento en los picos	Yüksekliğe göre renklenir: tabanda yeşil, tepelerde sarı-beyaz	Nach Höhe gefärbt: grün am Boden, gelbweiß an den Spitzen
waterfall_style_neon	Neon	霓虹	ネオン	Néon	Neón	Neon	Neon
waterfall_style_neon_desc	Lines add up where they cross, so dense areas glow	线条交叉处会叠加，因此密集区域会发光	線が交わる所で重なり、密な部分が光ります	Les lignes s’additionnent là où elles se croisent : les zones denses brillent	Las líneas se suman donde se cruzan, así que las zonas densas brillan	Çizgiler kesiştikleri yerde toplanır, böylece yoğun alanlar parlar	Linien addieren sich, wo sie sich kreuzen, dichte Bereiche leuchten also
waterfall_style_glass	Glass	玻璃	ガラス	Verre	Cristal	Cam	Glas
waterfall_style_glass_desc	One line: the live spectrum as a pool of liquid glass that morphs with the music and refracts the cover	单条线：实时频谱化作一汪液态玻璃，随音乐变形并折射封面	1 本の線：ライブのスペクトラムが液体ガラスのたまりとなり、音楽に合わせて形を変えてカバーを屈折させます	Une seule ligne : le spectre en direct comme une flaque de verre liquide qui se transforme avec la musique et réfracte la pochette	Una sola línea: el espectro en directo como un charco de cristal líquido que cambia con la música y refracta la portada	Tek çizgi: canlı spektrum, müzikle biçim değiştiren ve kapağı kıran bir sıvı cam havuzu olur	Eine Linie: das Live-Spektrum als Lache aus flüssigem Glas, die sich mit der Musik verformt und das Cover bricht
waterfall_style_legacy	Legacy	经典	クラシック	Classique	Clásico	Klasik	Klassisch
waterfall_style_legacy_desc	One line: the original spectrum, a flowing envelope filled down to the baseline	单条线：最初的频谱，一条向下填充至基线的流动包络	1 本の線：元のスペクトラム。ベースラインまで塗りつぶした流れるエンベロープです	Une seule ligne : le spectre d’origine, une enveloppe fluide remplie jusqu’à la ligne de base	Una sola línea: el espectro original, una envolvente fluida rellena hasta la línea base	Tek çizgi: orijinal spektrum, taban çizgisine kadar dolu akan bir zarf	Eine Linie: das ursprüngliche Spektrum, eine fließende Hüllkurve bis zur Grundlinie gefüllt
wavecandy_stereo_on	Left across the top, right across the bottom	左声道在上，右声道在下	左チャンネルが上、右チャンネルが下	Gauche en haut, droite en bas	Izquierda arriba, derecha abajo	Sol üstte, sağ altta	Links oben, rechts unten
wavecandy_stereo_off	One line, both channels summed	单条线，两个声道合并	1 本の線で、両チャンネルを合算	Une seule ligne, les deux canaux additionnés	Una sola línea, ambos canales sumados	Tek çizgi, iki kanal toplanmış	Eine Linie, beide Kanäle summiert
hrtf_databases	HRTF databases	HRTF 数据库	HRTF データベース	Bases de données HRTF	Bases de datos HRTF	HRTF veritabanları	HRTF-Datenbanken
hrtf_unreachable	Couldn't reach the HRTF database.	无法连接 HRTF 数据库。	HRTF データベースに接続できませんでした。	Impossible de joindre la base de données HRTF.	No se pudo acceder a la base de datos HRTF.	HRTF veritabanına ulaşılamadı.	HRTF-Datenbank nicht erreichbar.
hrtf_download_failed	Download failed	下载失败	ダウンロードに失敗しました	Échec du téléchargement	Error en la descarga	İndirme başarısız	Download fehlgeschlagen
hrtf_applied	Applied %1$s (%2$d KB)	已应用 %1$s（%2$d KB）	%1$s を適用しました（%2$d KB）	%1$s appliqué (%2$d Ko)	Se aplicó %1$s (%2$d KB)	%1$s uygulandı (%2$d KB)	%1$s angewendet (%2$d KB)
hrtf_save_failed	Couldn't save the HRTF	无法保存 HRTF	HRTF を保存できませんでした	Impossible d’enregistrer la HRTF	No se pudo guardar la HRTF	HRTF kaydedilemedi	HRTF konnte nicht gespeichert werden
hrtf_tap_to_use	tap to use as HRTF	点按以用作 HRTF	タップして HRTF として使用	toucher pour l’utiliser comme HRTF	toca para usarla como HRTF	HRTF olarak kullanmak için dokunun	tippen, um sie als HRTF zu nutzen
settings_font_imported	Font imported	字体已导入	フォントをインポートしました	Police importée	Fuente importada	Yazı tipi içe aktarıldı	Schrift importiert
settings_font_import_failed	Couldn't import that font file	无法导入该字体文件	そのフォントファイルをインポートできませんでした	Impossible d’importer ce fichier de police	No se pudo importar ese archivo de fuente	Bu yazı tipi dosyası içe aktarılamadı	Diese Schriftdatei konnte nicht importiert werden
settings_update_available	Version %1$s is available	版本 %1$s 已推出	バージョン %1$s が利用可能です	La version %1$s est disponible	La versión %1$s está disponible	%1$s sürümü kullanılabilir	Version %1$s ist verfügbar
settings_up_to_date	You're on the latest version	你使用的已是最新版本	最新バージョンです	Vous avez la dernière version	Tienes la última versión	En son sürümü kullanıyorsunuz	Du hast die neueste Version
settings_no_downloads_to_delete	No downloads to delete	没有可删除的下载内容	削除するダウンロードはありません	Aucun téléchargement à supprimer	No hay descargas que eliminar	Silinecek indirme yok	Keine Downloads zum Löschen
settings_import_invalid_backup	Import failed: invalid backup file	导入失败：备份文件无效	インポートに失敗しました：無効なバックアップファイルです	Échec de l’import : fichier de sauvegarde non valide	Error al importar: archivo de copia de seguridad no válido	İçe aktarma başarısız: geçersiz yedek dosyası	Import fehlgeschlagen: ungültige Sicherungsdatei
settings_library_imported	Library imported	音乐库已导入	ライブラリをインポートしました	Bibliothèque importée	Biblioteca importada	Kitaplık içe aktarıldı	Bibliothek importiert
settings_no_app_for_link	No app found to open the link	找不到可打开此链接的应用	リンクを開けるアプリが見つかりません	Aucune app trouvée pour ouvrir le lien	No se encontró ninguna app para abrir el enlace	Bağlantıyı açacak uygulama bulunamadı	Keine App zum Öffnen des Links gefunden
settings_deleted_downloads#one	Deleted %1$d download	已删除 %1$d 个下载	%1$d 件のダウンロードを削除しました	%1$d téléchargement supprimé	Se eliminó %1$d descarga	%1$d indirme silindi	%1$d Download gelöscht
settings_deleted_downloads#many	Deleted %1$d downloads	已删除 %1$d 个下载	%1$d 件のダウンロードを削除しました	%1$d téléchargements supprimés	Se eliminaron %1$d descargas	%1$d indirme silindi	%1$d Downloads gelöscht
settings_deleted_downloads#other	Deleted %1$d downloads	已删除 %1$d 个下载	%1$d 件のダウンロードを削除しました	%1$d téléchargements supprimés	Se eliminaron %1$d descargas	%1$d indirme silindi	%1$d Downloads gelöscht
spotify_import_done#one	Imported %1$d/%2$d track into “%3$s”	已将 %1$d/%2$d 首歌曲导入“%3$s”	%1$d/%2$d 曲を「%3$s」にインポートしました	%1$d/%2$d titre importé dans « %3$s »	Se importó %1$d/%2$d canción en «%3$s»	%1$d/%2$d parça “%3$s” listesine aktarıldı	%1$d/%2$d Titel in „%3$s“ importiert
spotify_import_done#many	Imported %1$d/%2$d tracks into “%3$s”	已将 %1$d/%2$d 首歌曲导入“%3$s”	%1$d/%2$d 曲を「%3$s」にインポートしました	%1$d/%2$d titres importés dans « %3$s »	Se importaron %1$d/%2$d canciones en «%3$s»	%1$d/%2$d parça “%3$s” listesine aktarıldı	%1$d/%2$d Titel in „%3$s“ importiert
spotify_import_done#other	Imported %1$d/%2$d tracks into “%3$s”	已将 %1$d/%2$d 首歌曲导入“%3$s”	%1$d/%2$d 曲を「%3$s」にインポートしました	%1$d/%2$d titres importés dans « %3$s »	Se importaron %1$d/%2$d canciones en «%3$s»	%1$d/%2$d parça “%3$s” listesine aktarıldı	%1$d/%2$d Titel in „%3$s“ importiert
eq_help	Help	帮助	ヘルプ	Aide	Ayuda	Yardım	Hilfe
eq_import_left_measurement_file	Import left measurement file	导入左声道测量文件	左のテスト測定ファイルをインポート	Importer le fichier de mesure gauche	Importar archivo de medición izquierdo	Sol ölçüm dosyasını içe aktar	Linke Messdatei importieren
eq_import_right_measurement_file	Import right measurement file	导入右声道测量文件	右の測定ファイルをインポート	Importer le fichier de mesure droit	Importar archivo de medición derecho	Sağ ölçüm dosyasını içe aktar	Rechte Messdatei importieren
eq_import_measurement_file	Import measurement file	导入测量文件	測定ファイルをインポート	Importer un fichier de mesure	Importar archivo de medición	Ölçüm dosyasını içe aktar	Messdatei importieren
eq_import_custom_target	Import custom target	导入自定义目标曲线	カスタムターゲットをインポート	Importer une cible personnalisée	Importar objetivo personalizado	Özel hedef içe aktar	Eigene Zielkurve importieren
eq_filter_bands_caps	FILTER BANDS	滤波频段	フィルターバンド	BANDES DE FILTRE	BANDAS DE FILTRO	FİLTRE BANTLARI	FILTERBÄNDER
eq_max_hz_caps	MAX HZ	最高 Hz	最大 Hz	HZ MAX	HZ MÁX.	MAKS. HZ	MAX. HZ
eq_export_eq	Export EQ	导出均衡器	EQ を書き出す	Exporter l’égaliseur	Exportar EQ	EQ’yu dışa aktar	EQ exportieren
eq_save_as_preset	Save as preset	保存为预设	プリセットとして保存	Enregistrer comme préréglage	Guardar como preset	Ön ayar olarak kaydet	Als Preset speichern
eq_remove_band	Remove band	移除频段	バンドを削除	Retirer la bande	Quitar banda	Bandı kaldır	Band entfernen
eq_next_sample	Next sample	下一个样本	次のサンプル	Échantillon suivant	Muestra siguiente	Sonraki örnek	Nächste Probe
eq_previous_sample	Previous sample	上一个样本	前のサンプル	Échantillon précédent	Muestra anterior	Önceki örnek	Vorherige Probe
eq_precision_autoeq_caps	PRECISION AUTOEQ	精确 AUTOEQ	高精度 AUTOEQ	AUTOEQ DE PRÉCISION	AUTOEQ DE PRECISIÓN	HASSAS AUTOEQ	PRÄZISIONS-AUTOEQ
eq_headphone_correction_filters_generator	Headphone correction filters generator.	耳机校正滤波器生成器。	ヘッドホン補正フィルターの生成ツール。	Générateur de filtres de correction pour casque.	Generador de filtros de corrección para auriculares.	Kulaklık düzeltme filtresi oluşturucu.	Generator für Kopfhörer-Korrekturfilter.
eq_smoothing_caps	SMOOTHING	平滑	スムージング	LISSAGE	SUAVIZADO	YUMUŞATMA	GLÄTTUNG
eq_left_ear	Left ear	左耳	左耳	Oreille gauche	Oído izquierdo	Sol kulak	Linkes Ohr
eq_right_ear	Right ear	右耳	右耳	Oreille droite	Oído derecho	Sağ kulak	Rechtes Ohr
eq_preamp	Preamp	前置增益	プリアンプ	Préampli	Preamplificador	Ön yükseltici	Vorverstärkung
eq_algorithm_caps	ALGORITHM	算法	アルゴリズム	ALGORITHME	ALGORITMO	ALGORİTMA	ALGORITHMUS
eq_automatic_preamp	Automatic preamp	自动前置增益	自動プリアンプ	Préampli automatique	Preamplificador automático	Otomatik ön yükseltici	Automatische Vorverstärkung
eq_compensates_the_combined_eq_tone_boost_so_the	Compensates the combined EQ + tone boost so the signal can't clip.	补偿均衡与音调叠加的提升，防止信号削波。	EQ とトーンを合わせたブーストを補正し、信号がクリップしないようにします。	Compense l’amplification cumulée de l’égaliseur et de la tonalité pour que le signal ne sature pas.	Compensa el realce combinado de EQ y tono para que la señal no sature.	Sinyalin kırpılmaması için EQ ve ton artışının toplamını dengeler.	Gleicht die kombinierte Anhebung von EQ und Klang aus, damit das Signal nicht clippt.
eq_2_channel_calibration	2-channel calibration	双声道校准	2 チャンネル キャリブレーション	Calibration sur 2 canaux	Calibración de 2 canales	2 kanallı kalibrasyon	2-Kanal-Kalibrierung
eq_separate_left_right_corrections_non_destructive	Separate left/right corrections. Non-destructive to switch off; system-wide EQ stays mono.	左右分别校正。关闭不会丢失数据；全局均衡保持单声道。	左右で別々に補正します。オフにしても元に戻せます。システム全体の EQ はモノラルのままです。	Corrections séparées gauche/droite. Les désactiver ne perd rien ; l’égaliseur système reste mono.	Correcciones izquierda/derecha por separado. Desactivarlo no borra nada; el EQ de todo el sistema sigue en mono.	Ayrı sol/sağ düzeltmeler. Kapatmak hiçbir şeyi silmez; sistem genelindeki EQ mono kalır.	Getrennte Korrekturen für links/rechts. Ausschalten löscht nichts; der systemweite EQ bleibt mono.
eq_import_eq_profile_apo_txt_csv	Import EQ profile (APO txt / CSV)	导入均衡配置（APO txt / CSV）	EQ プロファイルをインポート（APO txt / CSV）	Importer un profil d’égaliseur (APO txt / CSV)	Importar perfil de EQ (APO txt / CSV)	EQ profili içe aktar (APO txt / CSV)	EQ-Profil importieren (APO txt / CSV)
eq_saved_profiles_caps	SAVED PROFILES	已保存的配置	保存したプロファイル	PROFILS ENREGISTRÉS	PERFILES GUARDADOS	KAYITLI PROFİLLER	GESPEICHERTE PROFILE
eq_no_saved_profiles_yet_run_autoeq_then_tap_the	No saved profiles yet. Run AutoEq, then tap the save icon next to it.	还没有已保存的配置。运行 AutoEq，然后点按旁边的保存图标。	保存したプロファイルはまだありません。AutoEq を実行してから、横の保存アイコンをタップしてください。	Aucun profil enregistré pour l’instant. Lancez AutoEq, puis touchez l’icône d’enregistrement à côté.	Aún no hay perfiles guardados. Ejecuta AutoEq y toca el icono de guardar que hay al lado.	Henüz kayıtlı profil yok. AutoEq’i çalıştırın, ardından yanındaki kaydet simgesine dokunun.	Noch keine gespeicherten Profile. Starte AutoEq und tippe dann auf das Speichern-Symbol daneben.
eq_database	Database	数据库	データベース	Base de données	Base de datos	Veritabanı	Datenbank
eq_search_model_e_g_hd_600	Search model (e.g. HD 600)…	搜索型号（如 HD 600）…	モデルを検索（例：HD 600）…	Rechercher un modèle (p. ex. HD 600)…	Buscar modelo (p. ej., HD 600)…	Model ara (ör. HD 600)…	Modell suchen (z. B. HD 600) …
eq_parametric_eq_filters_caps	PARAMETRIC EQ FILTERS	参数均衡滤波器	パラメトリック EQ フィルター	FILTRES DE L’ÉGALISEUR PARAMÉTRIQUE	FILTROS DEL ECUALIZADOR PARAMÉTRICO	PARAMETRİK EQ FİLTRELERİ	FILTER DES PARAMETRISCHEN EQ
eq_save_eq_preset	Save EQ Preset	保存均衡预设	EQ プリセットを保存	Enregistrer le préréglage d’égaliseur	Guardar preset de EQ	EQ ön ayarını kaydet	EQ-Preset speichern
eq_preset_name	Preset Name	预设名称	プリセット名	Nom du préréglage	Nombre del preset	Ön ayar adı	Preset-Name
eq_description	Description	描述	説明	Description	Descripción	Açıklama	Beschreibung
eq_name_custom_target	Name Custom Target	命名自定义目标曲线	カスタムターゲットに名前を付ける	Nommer la cible personnalisée	Nombrar el objetivo personalizado	Özel hedefi adlandır	Eigene Zielkurve benennen
eq_target_name	Target Name	目标曲线名称	ターゲット名	Nom de la cible	Nombre del objetivo	Hedef adı	Name der Zielkurve
eq_freq	Freq	频率	周波数	Fréq.	Frec.	Frekans	Freq.
eq_gain	Gain	增益	ゲイン	Gain	Ganancia	Kazanç	Gain
eq_q_factor	Q-Factor	Q 值	Q 値	Facteur Q	Factor Q	Q faktörü	Q-Faktor
eq_parametric_eq_caps	PARAMETRIC EQ	参数均衡器	パラメトリック EQ	ÉGALISEUR PARAMÉTRIQUE	ECUALIZADOR PARAMÉTRICO	PARAMETRİK EQ	PARAMETRISCHER EQ
eq_free_form_tone_shaping_on_top_of_autoeq	Free-form tone shaping on top of AutoEQ.	在 AutoEQ 之上自由塑造音色。	AutoEQ に重ねて自由に音色を整えます。	Façonnage libre du son par-dessus AutoEQ.	Modelado libre del sonido por encima de AutoEQ.	AutoEQ’nun üzerine serbest ton şekillendirme.	Freie Klanggestaltung zusätzlich zu AutoEQ.
eq_bands_caps	BANDS	频段	バンド	BANDES	BANDAS	BANTLAR	BÄNDER
eq_add_band	Add band	添加频段	バンドを追加	Ajouter une bande	Añadir banda	Bant ekle	Band hinzufügen
eq_save_current_as_profile	Save current as profile	将当前设置保存为配置	現在の設定をプロファイルとして保存	Enregistrer l’actuel comme profil	Guardar el actual como perfil	Geçerli ayarı profil olarak kaydet	Aktuelles als Profil speichern
eq_import_profile_apo_txt_csv	Import profile (APO txt / CSV)	导入配置（APO txt / CSV）	プロファイルをインポート（APO txt / CSV）	Importer un profil (APO txt / CSV)	Importar perfil (APO txt / CSV)	Profil içe aktar (APO txt / CSV)	Profil importieren (APO txt / CSV)
eq_save_profile	Save Profile	保存配置	プロファイルを保存	Enregistrer le profil	Guardar perfil	Profili kaydet	Profil speichern
eq_profile_name	Profile name	配置名称	プロファイル名	Nom du profil	Nombre del perfil	Profil adı	Profilname
eq_description_optional	Description (optional)	描述（可选）	説明（任意）	Description (facultatif)	Descripción (opcional)	Açıklama (isteğe bağlı)	Beschreibung (optional)
eq_advanced_calibration	Advanced Calibration	高级校准	詳細キャリブレーション	Calibration avancée	Calibración avanzada	Gelişmiş kalibrasyon	Erweiterte Kalibrierung
eq_how_it_works	How it works:	工作原理：	仕組み：	Fonctionnement :	Cómo funciona:	Nasıl çalışır:	So funktioniert’s:
eq_1_measure_your_headphone_s_frequency_response	"1. Measure your headphone's frequency response using an app like ""REW"" or ""GRAS"" (CSV format)."	1. 使用“REW”或“GRAS”等应用测量耳机的频率响应（CSV 格式）。	1.「REW」や「GRAS」などのアプリでヘッドホンの周波数特性を測定します（CSV 形式）。	1. Mesurez la réponse en fréquence de votre casque avec une app comme « REW » ou « GRAS » (format CSV).	1. Mide la respuesta en frecuencia de tus auriculares con una app como «REW» o «GRAS» (formato CSV).	1. Kulaklığınızın frekans tepkisini “REW” veya “GRAS” gibi bir uygulamayla ölçün (CSV biçimi).	1. Miss den Frequenzgang deines Kopfhörers mit einer App wie „REW“ oder „GRAS“ (CSV-Format).
eq_2_paste_the_frequency_response_data_below_format	2. Paste the frequency response data below (format: Frequency (Hz), SPL (dB))	2. 在下方粘贴频率响应数据（格式：频率 (Hz), 声压级 (dB)）	2. 周波数特性のデータを下に貼り付けます（形式：周波数 (Hz), SPL (dB)）	2. Collez ci-dessous les données de réponse en fréquence (format : fréquence (Hz), SPL (dB))	2. Pega abajo los datos de respuesta en frecuencia (formato: frecuencia (Hz), SPL (dB))	2. Frekans tepkisi verilerini aşağıya yapıştırın (biçim: Frekans (Hz), SPL (dB))	2. Füge die Frequenzgangdaten unten ein (Format: Frequenz (Hz), SPL (dB))
eq_3_select_your_target_curve_harman_diffuse_field	3. Select your target curve (Harman, Diffuse Field, etc.)	3. 选择目标曲线（Harman、扩散场等）	3. ターゲットカーブを選びます（Harman、拡散音場など）	3. Choisissez votre courbe cible (Harman, champ diffus, etc.)	3. Elige tu curva objetivo (Harman, campo difuso, etc.)	3. Hedef eğrinizi seçin (Harman, Dağınık Alan vb.)	3. Wähle deine Zielkurve (Harman, Diffusfeld usw.)
eq_4_the_algorithm_calculates_optimal_eq_bands_to	4. The algorithm calculates optimal EQ bands to match your target	4. 算法会计算出最优的均衡频段以匹配目标曲线	4. アルゴリズムがターゲットに合う最適な EQ バンドを計算します	4. L’algorithme calcule les bandes d’égalisation optimales pour atteindre votre cible	4. El algoritmo calcula las bandas de EQ óptimas para ajustarse a tu objetivo	4. Algoritma, hedefinize uyan en uygun EQ bantlarını hesaplar	4. Der Algorithmus berechnet die optimalen EQ-Bänder für dein Ziel
eq_headphone_name_optional	Headphone Name (Optional)	耳机名称（可选）	ヘッドホン名（任意）	Nom du casque (facultatif)	Nombre de los auriculares (opcional)	Kulaklık adı (isteğe bağlı)	Kopfhörername (optional)
eq_frequency_response_csv_data	Frequency Response CSV Data	频率响应 CSV 数据	周波数特性の CSV データ	Données CSV de réponse en fréquence	Datos CSV de respuesta en frecuencia	Frekans tepkisi CSV verileri	Frequenzgang-CSV-Daten
eq_paste_measurement_data_frequency_gain	Paste measurement data (frequency, gain)	粘贴测量数据（频率, 增益）	測定データを貼り付け（周波数, ゲイン）	Collez les données de mesure (fréquence, gain)	Pega los datos de medición (frecuencia, ganancia)	Ölçüm verilerini yapıştırın (frekans, kazanç)	Messdaten einfügen (Frequenz, Gain)
eq_import_file	Import File	导入文件	ファイルをインポート	Importer un fichier	Importar archivo	Dosya içe aktar	Datei importieren
eq_number_of_bands	Number of Bands	频段数量	バンド数	Nombre de bandes	Número de bandas	Bant sayısı	Anzahl der Bänder
eq_3_31_bands_more_bands_more_precise_but_harder_to	3-31 bands (more bands = more precise but harder to adjust)	3–31 个频段（频段越多越精确，但越难调整）	3〜31 バンド（多いほど精密ですが調整が難しくなります）	3 à 31 bandes (plus de bandes = plus précis mais plus difficile à régler)	3–31 bandas (más bandas = más precisión, pero más difícil de ajustar)	3–31 bant (daha çok bant = daha hassas ama ayarlaması daha zor)	3–31 Bänder (mehr Bänder = genauer, aber schwerer einzustellen)
eq_clear	Clear	清除	クリア	Effacer	Borrar	Temizle	Leeren
eq_apply_eq_close	Apply EQ & Close	应用均衡并关闭	EQ を適用して閉じる	Appliquer l’égaliseur et fermer	Aplicar EQ y cerrar	EQ’yu uygula ve kapat	EQ anwenden & schließen
eq_reset_to_flat	Reset to flat	重置为平直	フラットに戻す	Remettre à plat	Restablecer a plano	Düz ayara sıfırla	Auf linear zurücksetzen
eq_save_as_profile	Save as profile	保存为配置	プロファイルとして保存	Enregistrer comme profil	Guardar como perfil	Profil olarak kaydet	Als Profil speichern
eq_frequency	Frequency	频率	周波数	Fréquence	Frecuencia	Frekans	Frequenz
eq_edit_parametric_eq_caps	EDIT PARAMETRIC EQ	编辑参数均衡器	パラメトリック EQ を編集	MODIFIER L’ÉGALISEUR PARAMÉTRIQUE	EDITAR ECUALIZADOR PARAMÉTRICO	PARAMETRİK EQ’YU DÜZENLE	PARAMETRISCHEN EQ BEARBEITEN
eq_right_ear_caps	RIGHT EAR	右耳	右耳	OREILLE DROITE	OÍDO DERECHO	SAĞ KULAK	RECHTES OHR
eq_import_eq_profile	Import EQ profile	导入均衡配置	EQ プロファイルをインポート	Importer un profil d’égaliseur	Importar perfil de EQ	EQ profili içe aktar	EQ-Profil importieren
eq_upload	Upload	上传	アップロード	Importer	Subir	Yükle	Hochladen
eq_open_file	Open file	打开文件	ファイルを開く	Ouvrir un fichier	Abrir archivo	Dosya aç	Datei öffnen
eq_this_looks_like_a_frequency_response_measurement	This looks like a frequency-response measurement, not a filter profile.	这看起来是频率响应测量数据，而不是滤波器配置。	これはフィルタープロファイルではなく、周波数特性の測定データのようです。	Ceci ressemble à une mesure de réponse en fréquence, pas à un profil de filtres.	Esto parece una medición de respuesta en frecuencia, no un perfil de filtros.	Bu bir filtre profili değil, frekans tepkisi ölçümüne benziyor.	Das sieht nach einer Frequenzgangmessung aus, nicht nach einem Filterprofil.
eq_import_as_measurement_instead	Import as measurement instead	改为作为测量数据导入	測定データとしてインポートする	Importer plutôt comme mesure	Importar como medición	Bunun yerine ölçüm olarak içe aktar	Stattdessen als Messung importieren
eq_all_rigs	All rigs	所有测量设备	すべての測定機材	Tous les bancs de mesure	Todos los equipos de medición	Tüm ölçüm düzenekleri	Alle Messsysteme
eq_loading_measurements_from_autoeq_squig_link	Loading measurements from AutoEq + squig.link...	正在从 AutoEq 和 squig.link 加载测量数据…	AutoEq と squig.link から測定データを読み込んでいます…	Chargement des mesures depuis AutoEq et squig.link…	Cargando mediciones de AutoEq y squig.link…	AutoEq ve squig.link’ten ölçümler yükleniyor…	Messungen von AutoEq + squig.link werden geladen …
eq_no_measurements_match	No measurements match	没有匹配的测量数据	一致する測定データはありません	Aucune mesure ne correspond	Ninguna medición coincide	Eşleşen ölçüm yok	Keine passenden Messungen
eq_delete_uploaded_measurement	Delete uploaded measurement?	要删除上传的测量数据吗？	アップロードした測定データを削除しますか？	Supprimer la mesure importée ?	¿Eliminar la medición subida?	Yüklenen ölçüm silinsin mi?	Hochgeladene Messung löschen?
eq_autoeq_analyzes_your_headphone_s_frequency	AutoEQ analyzes your headphone's frequency response and generates precise correction filters to match a professional target curve — bringing studio-grade sound to any headphone.	AutoEQ 会分析耳机的频率响应，并生成精确的校正滤波器来匹配专业目标曲线——让任何耳机都能获得录音室级的声音。	AutoEQ はヘッドホンの周波数特性を分析し、プロ仕様のターゲットカーブに合わせた精密な補正フィルターを生成します。どのヘッドホンでもスタジオ品質の音に。	AutoEQ analyse la réponse en fréquence de votre casque et génère des filtres de correction précis pour atteindre une courbe cible professionnelle — un son de studio sur n’importe quel casque.	AutoEQ analiza la respuesta en frecuencia de tus auriculares y genera filtros de corrección precisos para ajustarse a una curva objetivo profesional: sonido de estudio en cualquier auricular.	AutoEQ, kulaklığınızın frekans tepkisini analiz eder ve profesyonel bir hedef eğriye uyan hassas düzeltme filtreleri üretir; her kulaklığa stüdyo kalitesinde ses getirir.	AutoEQ analysiert den Frequenzgang deines Kopfhörers und erzeugt präzise Korrekturfilter für eine professionelle Zielkurve – Studioklang für jeden Kopfhörer.
eq_select_your_headphones_caps	SELECT YOUR HEADPHONES	选择你的耳机	ヘッドホンを選ぶ	CHOISISSEZ VOTRE CASQUE	ELIGE TUS AURICULARES	KULAKLIĞINIZI SEÇİN	WÄHLE DEINEN KOPFHÖRER
eq_choose_from_our_database_of_measured_headphones	Choose from our database of measured headphones, or upload your own frequency response measurement file for a custom correction tailored to your exact pair.	从我们的已测耳机数据库中选择，或上传你自己的频率响应测量文件，获得为你这副耳机量身定制的校正。	測定済みヘッドホンのデータベースから選ぶか、自分の周波数特性の測定ファイルをアップロードして、手持ちの 1 台に合わせた補正を作れます。	Choisissez dans notre base de casques mesurés, ou importez votre propre fichier de mesure pour une correction taillée pour votre exemplaire.	Elige entre nuestra base de datos de auriculares medidos o sube tu propio archivo de medición para una corrección a medida de tu unidad.	Ölçülmüş kulaklık veritabanımızdan seçin ya da tam sizin kulaklığınıza özel bir düzeltme için kendi frekans tepkisi ölçüm dosyanızı yükleyin.	Wähle aus unserer Datenbank gemessener Kopfhörer oder lade deine eigene Frequenzgangmessung hoch, für eine Korrektur genau für dein Exemplar.
eq_review_apply_caps	REVIEW & APPLY	查看并应用	確認して適用	VÉRIFIER ET APPLIQUER	REVISA Y APLICA	İNCELE VE UYGULA	PRÜFEN & ANWENDEN
eq_preview_the_generated_eq_curve_on_the_frequency	Preview the generated EQ curve on the frequency graph, fine-tune individual bands if needed, then save as a preset. Your correction loads automatically on next launch.	在频率图上预览生成的均衡曲线，必要时微调各频段，然后保存为预设。下次启动时会自动加载你的校正。	生成された EQ カーブを周波数グラフで確認し、必要なら各バンドを微調整してからプリセットとして保存します。補正は次回の起動時に自動で読み込まれます。	Visualisez la courbe générée sur le graphique, ajustez les bandes si besoin, puis enregistrez-la comme préréglage. Votre correction se charge automatiquement au prochain lancement.	Revisa la curva de EQ generada en el gráfico de frecuencias, ajusta las bandas si hace falta y guárdala como preset. Tu corrección se carga automáticamente la próxima vez.	Oluşturulan EQ eğrisini frekans grafiğinde önizleyin, gerekirse bantlara ince ayar yapın, sonra ön ayar olarak kaydedin. Düzeltmeniz bir sonraki açılışta otomatik yüklenir.	Sieh dir die erzeugte EQ-Kurve im Frequenzdiagramm an, passe bei Bedarf einzelne Bänder an und speichere sie als Preset. Deine Korrektur wird beim nächsten Start automatisch geladen.
eq_skip	SKIP	跳过	スキップ	PASSER	OMITIR	ATLA	ÜBERSPRINGEN
eq_back	BACK	返回	戻る	RETOUR	ATRÁS	GERİ	ZURÜCK
eq_precision_autoeq	Precision AutoEQ	精确 AutoEQ	高精度 AutoEQ	AutoEQ de précision	AutoEQ de precisión	Hassas AutoEQ	Präzisions-AutoEQ
eq_measurement_driven_headphone_correction_what_the	Measurement-driven headphone correction — what the curves mean and how to drive it.	基于测量的耳机校正——各条曲线的含义以及如何使用。	測定に基づくヘッドホン補正。各カーブの意味と使い方。	Correction de casque fondée sur la mesure — ce que signifient les courbes et comment s’en servir.	Corrección de auriculares basada en mediciones: qué significan las curvas y cómo usarla.	Ölçüme dayalı kulaklık düzeltmesi: eğrilerin anlamı ve nasıl kullanılacağı.	Messbasierte Kopfhörerkorrektur – was die Kurven bedeuten und wie du sie steuerst.
eq_psycho_acoustic_enhancer_makes_tracks_feel	Psycho-acoustic enhancer — makes tracks feel louder and richer without raising true peak level.	心理声学增强器——让歌曲听起来更响、更饱满，而不提高真峰值电平。	心理音響エンハンサー。トゥルーピークを上げずに、曲をより大きく豊かに感じさせます。	Améliorateur psychoacoustique : les titres paraissent plus forts et plus riches sans augmenter le niveau de crête réel.	Potenciador psicoacústico: hace que las canciones suenen más fuertes y ricas sin subir el pico real.	Psikoakustik güçlendirici: gerçek tepe seviyesini artırmadan parçaları daha yüksek ve dolgun hissettirir.	Psychoakustischer Enhancer – lässt Titel lauter und voller wirken, ohne den True-Peak-Pegel anzuheben.
eq_dynamics_processor_tames_loud_peaks_and_evens	Dynamics processor — tames loud peaks and evens out levels.	动态处理器——压制过响的峰值，使电平更均匀。	ダイナミクスプロセッサー。大きなピークを抑え、レベルを均します。	Processeur de dynamique : maîtrise les crêtes fortes et égalise les niveaux.	Procesador de dinámica: controla los picos fuertes y equilibra los niveles.	Dinamik işlemci: yüksek tepeleri bastırır ve seviyeleri dengeler.	Dynamikprozessor – zähmt laute Spitzen und gleicht Pegel an.
eq_err_preset_corrupted	Preset “%1$s” is corrupted and can't be loaded.	预设“%1$s”已损坏，无法加载。	プリセット「%1$s」は破損しているため読み込めません。	Le préréglage « %1$s » est corrompu et ne peut pas être chargé.	El preset «%1$s» está dañado y no se puede cargar.	“%1$s” ön ayarı bozuk ve yüklenemiyor.	Das Preset „%1$s“ ist beschädigt und kann nicht geladen werden.
eq_err_server	Couldn't reach the measurement server — try again	无法连接测量服务器，请重试	測定サーバーに接続できませんでした。もう一度お試しください	Impossible de joindre le serveur de mesures — réessayez	No se pudo acceder al servidor de mediciones; inténtalo de nuevo	Ölçüm sunucusuna ulaşılamadı, tekrar deneyin	Messserver nicht erreichbar – versuch es noch einmal
eq_err_only_one_sample	Only one %1$s sample is published for this measurement	此测量数据只发布了一个 %1$s 样本	この測定データで公開されている %1$s のサンプルは 1 つだけです	Un seul échantillon %1$s est publié pour cette mesure	Solo hay una muestra %1$s publicada para esta medición	Bu ölçüm için yalnızca bir %1$s örneği yayımlanmış	Für diese Messung ist nur eine %1$s-Probe veröffentlicht
eq_err_fetch_sample	Failed to fetch sample %1$s	无法获取样本 %1$s	サンプル %1$s を取得できませんでした	Impossible de récupérer l’échantillon %1$s	No se pudo obtener la muestra %1$s	%1$s örneği alınamadı	Probe %1$s konnte nicht abgerufen werden
eq_err_parse_sample	Failed to parse sample %1$s	无法解析样本 %1$s	サンプル %1$s を解析できませんでした	Impossible de lire l’échantillon %1$s	No se pudo leer la muestra %1$s	%1$s örneği ayrıştırılamadı	Probe %1$s konnte nicht gelesen werden
eq_err_no_target	Target curve not available	目标曲线不可用	ターゲットカーブを利用できません	Courbe cible indisponible	La curva objetivo no está disponible	Hedef eğri kullanılamıyor	Zielkurve nicht verfügbar
eq_err_switch_sample	Failed to switch sample: %1$s	无法切换样本：%1$s	サンプルを切り替えられませんでした：%1$s	Impossible de changer d’échantillon : %1$s	No se pudo cambiar de muestra: %1$s	Örnek değiştirilemedi: %1$s	Probe konnte nicht gewechselt werden: %1$s
eq_err_save_preset	Failed to save preset: %1$s	无法保存预设：%1$s	プリセットを保存できませんでした：%1$s	Impossible d’enregistrer le préréglage : %1$s	No se pudo guardar el preset: %1$s	Ön ayar kaydedilemedi: %1$s	Preset konnte nicht gespeichert werden: %1$s
eq_err_import_profile	Failed to import profile: %1$s	无法导入配置：%1$s	プロファイルをインポートできませんでした：%1$s	Impossible d’importer le profil : %1$s	No se pudo importar el perfil: %1$s	Profil içe aktarılamadı: %1$s	Profil konnte nicht importiert werden: %1$s
eq_err_delete_preset	Failed to delete preset: %1$s	无法删除预设：%1$s	プリセットを削除できませんでした：%1$s	Impossible de supprimer le préréglage : %1$s	No se pudo eliminar el preset: %1$s	Ön ayar silinemedi: %1$s	Preset konnte nicht gelöscht werden: %1$s
eq_err_parse_data	Failed to parse measurement data	无法解析测量数据	測定データを解析できませんでした	Impossible de lire les données de mesure	No se pudieron leer los datos de medición	Ölçüm verileri ayrıştırılamadı	Messdaten konnten nicht gelesen werden
eq_err_autoeq	AutoEQ calculation failed: %1$s	AutoEQ 计算失败：%1$s	AutoEQ の計算に失敗しました：%1$s	Échec du calcul AutoEQ : %1$s	Error en el cálculo de AutoEQ: %1$s	AutoEQ hesaplaması başarısız: %1$s	AutoEQ-Berechnung fehlgeschlagen: %1$s
eq_err_load_headphones	Failed to load headphones: %1$s	无法加载耳机列表：%1$s	ヘッドホンを読み込めませんでした：%1$s	Impossible de charger les casques : %1$s	No se pudieron cargar los auriculares: %1$s	Kulaklıklar yüklenemedi: %1$s	Kopfhörer konnten nicht geladen werden: %1$s
eq_err_fetch_measurement	Failed to fetch measurement	无法获取测量数据	測定データを取得できませんでした	Impossible de récupérer la mesure	No se pudo obtener la medición	Ölçüm alınamadı	Messung konnte nicht abgerufen werden
eq_err_parse_headphone	Failed to parse headphone measurement	无法解析耳机测量数据	ヘッドホンの測定データを解析できませんでした	Impossible de lire la mesure du casque	No se pudo leer la medición de los auriculares	Kulaklık ölçümü ayrıştırılamadı	Kopfhörermessung konnte nicht gelesen werden
eq_err_load_measurement	Failed to load measurement: %1$s	无法加载测量数据：%1$s	測定データを読み込めませんでした：%1$s	Impossible de charger la mesure : %1$s	No se pudo cargar la medición: %1$s	Ölçüm yüklenemedi: %1$s	Messung konnte nicht geladen werden: %1$s
eq_err_no_measurement	No headphone measurement loaded	尚未加载耳机测量数据	ヘッドホンの測定データが読み込まれていません	Aucune mesure de casque chargée	No hay ninguna medición de auriculares cargada	Yüklü kulaklık ölçümü yok	Keine Kopfhörermessung geladen
eq_err_parse_file	Failed to parse measurement file	无法解析测量文件	測定ファイルを解析できませんでした	Impossible de lire le fichier de mesure	No se pudo leer el archivo de medición	Ölçüm dosyası ayrıştırılamadı	Messdatei konnte nicht gelesen werden
eq_err_import	Import failed: %1$s	导入失败：%1$s	インポートに失敗しました：%1$s	Échec de l’import : %1$s	Error al importar: %1$s	İçe aktarma başarısız: %1$s	Import fehlgeschlagen: %1$s
eq_err_parse_target	Failed to parse target file	无法解析目标曲线文件	ターゲットファイルを解析できませんでした	Impossible de lire le fichier de cible	No se pudo leer el archivo del objetivo	Hedef dosyası ayrıştırılamadı	Zielkurvendatei konnte nicht gelesen werden
eq_err_import_target	Failed to import target: %1$s	无法导入目标曲线：%1$s	ターゲットをインポートできませんでした：%1$s	Impossible d’importer la cible : %1$s	No se pudo importar el objetivo: %1$s	Hedef içe aktarılamadı: %1$s	Zielkurve konnte nicht importiert werden: %1$s
eq_err_save_targets	Failed to save custom targets: %1$s	无法保存自定义目标曲线：%1$s	カスタムターゲットを保存できませんでした：%1$s	Impossible d’enregistrer les cibles personnalisées : %1$s	No se pudieron guardar los objetivos personalizados: %1$s	Özel hedefler kaydedilemedi: %1$s	Eigene Zielkurven konnten nicht gespeichert werden: %1$s
eq_err_save_bands	Failed to save bands: %1$s	无法保存频段：%1$s	バンドを保存できませんでした：%1$s	Impossible d’enregistrer les bandes : %1$s	No se pudieron guardar las bandas: %1$s	Bantlar kaydedilemedi: %1$s	Bänder konnten nicht gespeichert werden: %1$s
eq_err_save_bands_right	Failed to save right-channel bands: %1$s	无法保存右声道频段：%1$s	右チャンネルのバンドを保存できませんでした：%1$s	Impossible d’enregistrer les bandes du canal droit : %1$s	No se pudieron guardar las bandas del canal derecho: %1$s	Sağ kanal bantları kaydedilemedi: %1$s	Bänder des rechten Kanals konnten nicht gespeichert werden: %1$s
eq_imported_file	Imported file	导入的文件	インポートしたファイル	Fichier importé	Archivo importado	İçe aktarılan dosya	Importierte Datei
eq_clamped	Clamped to ±%1$d dB (AutoEQ limit)	已限制在 ±%1$d dB（AutoEQ 上限）	±%1$d dB に制限しました（AutoEQ の上限）	Limité à ±%1$d dB (limite AutoEQ)	Limitado a ±%1$d dB (límite de AutoEQ)	±%1$d dB ile sınırlandı (AutoEQ sınırı)	Auf ±%1$d dB begrenzt (AutoEQ-Grenze)
eq_couldnt_read_file	Couldn't read the selected file	无法读取所选文件	選択したファイルを読み込めませんでした	Impossible de lire le fichier sélectionné	No se pudo leer el archivo seleccionado	Seçilen dosya okunamadı	Die ausgewählte Datei konnte nicht gelesen werden
eq_exported	EQ exported	均衡设置已导出	EQ を書き出しました	Égaliseur exporté	EQ exportado	EQ dışa aktarıldı	EQ exportiert
eq_export_failed	Couldn't export EQ	无法导出均衡设置	EQ を書き出せませんでした	Impossible d’exporter l’égaliseur	No se pudo exportar el EQ	EQ dışa aktarılamadı	EQ konnte nicht exportiert werden
eq_no_bands_to_export	No EQ bands to export	没有可导出的均衡频段	書き出す EQ バンドがありません	Aucune bande d’égaliseur à exporter	No hay bandas de EQ que exportar	Dışa aktarılacak EQ bandı yok	Keine EQ-Bänder zum Exportieren
eq_preamp_auto	Auto · %1$d dB	自动 · %1$d dB	自動 · %1$d dB	Auto · %1$d dB	Auto · %1$d dB	Otomatik · %1$d dB	Auto · %1$d dB
eq_db_value	%1$d dB	%1$d dB	%1$d dB	%1$d dB	%1$d dB	%1$d dB	%1$d dB
eq_headphone_model_caps	HEADPHONE MODEL	耳机型号	ヘッドホンのモデル	MODÈLE DE CASQUE	MODELO DE AURICULARES	KULAKLIK MODELİ	KOPFHÖRERMODELL
eq_left_ear_caps	LEFT EAR	左耳	左耳	OREILLE GAUCHE	OÍDO IZQUIERDO	SOL KULAK	LINKES OHR
eq_select_left	Select left measurement…	选择左声道测量数据…	左の測定データを選択…	Choisir la mesure gauche…	Elegir medición izquierda…	Sol ölçümü seçin…	Linke Messung wählen …
eq_select_right	Select right measurement…	选择右声道测量数据…	右の測定データを選択…	Choisir la mesure droite…	Elegir medición derecha…	Sağ ölçümü seçin…	Rechte Messung wählen …
eq_select_headphone	Select headphone…	选择耳机…	ヘッドホンを選択…	Choisir un casque…	Elegir auriculares…	Kulaklık seçin…	Kopfhörer wählen …
eq_target_caps	TARGET	目标曲线	ターゲット	CIBLE	OBJETIVO	HEDEF	ZIEL
eq_preset_name_with_target	%1$s — %2$s	%1$s — %2$s	%1$s — %2$s	%1$s — %2$s	%1$s — %2$s	%1$s — %2$s	%1$s — %2$s
eq_delete_profile	Delete profile	删除配置	プロファイルを削除	Supprimer le profil	Eliminar perfil	Profili sil	Profil löschen
eq_example_data	Example: 20,80.5\n25,79.2\n31.5,78.1\n...	示例：20,80.5\n25,79.2\n31.5,78.1\n...	例：20,80.5\n25,79.2\n31.5,78.1\n...	Exemple : 20,80.5\n25,79.2\n31.5,78.1\n...	Ejemplo: 20,80.5\n25,79.2\n31.5,78.1\n...	Örnek: 20,80.5\n25,79.2\n31.5,78.1\n...	Beispiel: 20,80.5\n25,79.2\n31.5,78.1\n...
eq_calculating	Calculating…	正在计算…	計算中…	Calcul…	Calculando…	Hesaplanıyor…	Wird berechnet …
eq_calculate	Calculate EQ	计算均衡	EQ を計算	Calculer l’égaliseur	Calcular EQ	EQ’yu hesapla	EQ berechnen
eq_band_n_caps	BAND %1$d	频段 %1$d	バンド %1$d	BANDE %1$d	BANDA %1$d	BANT %1$d	BAND %1$d
eq_preamp_caps	PREAMP	前置增益	プリアンプ	PRÉAMPLI	PREAMPLIFICADOR	ÖN YÜKSELTİCİ	VORVERSTÄRKUNG
eq_corrupted	Corrupted — cannot load	已损坏，无法加载	破損 — 読み込めません	Corrompu — chargement impossible	Dañado: no se puede cargar	Bozuk — yüklenemiyor	Beschädigt – kann nicht geladen werden
eq_refresh	Refresh	刷新	更新	Actualiser	Actualizar	Yenile	Aktualisieren
eq_source_rig	%1$s • %2$s	%1$s • %2$s	%1$s • %2$s	%1$s • %2$s	%1$s • %2$s	%1$s • %2$s	%1$s • %2$s
eq_import_hint_per_ear	EqualizerAPO / AutoEq ParametricEQ.txt or a type,fc,gain,q CSV. Fill LEFT only for a mono profile, or both panes for a per-ear stereo profile.	EqualizerAPO / AutoEq ParametricEQ.txt，或 type,fc,gain,q 格式的 CSV。只填“左”为单声道配置，两栏都填则为分耳立体声配置。	EqualizerAPO / AutoEq の ParametricEQ.txt、または type,fc,gain,q 形式の CSV。左だけ入力するとモノラル、両方入力すると左右別のステレオプロファイルになります。	ParametricEQ.txt EqualizerAPO / AutoEq ou CSV type,fc,gain,q. Remplissez seulement GAUCHE pour un profil mono, ou les deux volets pour un profil stéréo par oreille.	ParametricEQ.txt de EqualizerAPO / AutoEq o un CSV type,fc,gain,q. Rellena solo IZQUIERDO para un perfil mono, o ambos paneles para un perfil estéreo por oído.	EqualizerAPO / AutoEq ParametricEQ.txt ya da type,fc,gain,q biçiminde CSV. Mono profil için yalnızca SOL’u, kulak başına stereo profil için iki bölmeyi de doldurun.	EqualizerAPO / AutoEq ParametricEQ.txt oder eine CSV mit type,fc,gain,q. Nur LINKS ausfüllen für ein Mono-Profil, beide Felder für ein Stereo-Profil pro Ohr.
eq_import_hint	EqualizerAPO / AutoEq ParametricEQ.txt, or a type,fc,gain,q CSV. Paste below or open a file.	EqualizerAPO / AutoEq ParametricEQ.txt，或 type,fc,gain,q 格式的 CSV。可粘贴到下方或打开文件。	EqualizerAPO / AutoEq の ParametricEQ.txt、または type,fc,gain,q 形式の CSV。下に貼り付けるか、ファイルを開いてください。	ParametricEQ.txt EqualizerAPO / AutoEq, ou CSV type,fc,gain,q. Collez ci-dessous ou ouvrez un fichier.	ParametricEQ.txt de EqualizerAPO / AutoEq, o un CSV type,fc,gain,q. Pégalo abajo o abre un archivo.	EqualizerAPO / AutoEq ParametricEQ.txt ya da type,fc,gain,q biçiminde CSV. Aşağıya yapıştırın veya bir dosya açın.	EqualizerAPO / AutoEq ParametricEQ.txt oder eine CSV mit type,fc,gain,q. Unten einfügen oder eine Datei öffnen.
eq_imported_profile	Imported profile	导入的配置	インポートしたプロファイル	Profil importé	Perfil importado	İçe aktarılan profil	Importiertes Profil
eq_profile_caps	PROFILE	配置	プロファイル	PROFIL	PERFIL	PROFİL	PROFIL
eq_preamp_summary	 · preamp %1$.1f dB	 · 前置增益 %1$.1f dB	 · プリアンプ %1$.1f dB	 · préampli %1$.1f dB	 · preamplificador %1$.1f dB	 · ön yükseltici %1$.1f dB	 · Vorverstärkung %1$.1f dB
eq_select	Select…	请选择…	選択…	Choisir…	Elegir…	Seçin…	Auswählen …
eq_get_started_caps	GET STARTED	开始使用	始める	COMMENCER	EMPEZAR	BAŞLA	LOS GEHT’S
eq_next_caps	NEXT	下一步	次へ	SUIVANT	SIGUIENTE	İLERİ	WEITER
eq_model_count#one	%1$d model	%1$d 个型号	%1$d モデル	%1$d modèle	%1$d modelo	%1$d model	%1$d Modell
eq_model_count#many	%1$d models	%1$d 个型号	%1$d モデル	%1$d modèles	%1$d modelos	%1$d model	%1$d Modelle
eq_model_count#other	%1$d models	%1$d 个型号	%1$d モデル	%1$d modèles	%1$d modelos	%1$d model	%1$d Modelle
eq_measurement_count#one	%1$d measurement	%1$d 条测量数据	%1$d 件の測定データ	%1$d mesure	%1$d medición	%1$d ölçüm	%1$d Messung
eq_measurement_count#many	%1$d measurements	%1$d 条测量数据	%1$d 件の測定データ	%1$d mesures	%1$d mediciones	%1$d ölçüm	%1$d Messungen
eq_measurement_count#other	%1$d measurements	%1$d 条测量数据	%1$d 件の測定データ	%1$d mesures	%1$d mediciones	%1$d ölçüm	%1$d Messungen
eq_filter_count#one	%1$d filter	%1$d 个滤波器	%1$d 個のフィルター	%1$d filtre	%1$d filtro	%1$d filtre	%1$d Filter
eq_filter_count#many	%1$d filters	%1$d 个滤波器	%1$d 個のフィルター	%1$d filtres	%1$d filtros	%1$d filtre	%1$d Filter
eq_filter_count#other	%1$d filters	%1$d 个滤波器	%1$d 個のフィルター	%1$d filtres	%1$d filtros	%1$d filtre	%1$d Filter
eq_calibration_done#one	✓ Calibration complete! %1$d optimal band calculated	✓ 校准完成！已计算出 %1$d 个最优频段	✓ キャリブレーション完了！最適なバンドを %1$d 個計算しました	✓ Calibration terminée ! %1$d bande optimale calculée	✓ ¡Calibración completada! Se calculó %1$d banda óptima	✓ Kalibrasyon tamamlandı! %1$d en uygun bant hesaplandı	✓ Kalibrierung abgeschlossen! %1$d optimales Band berechnet
eq_calibration_done#many	✓ Calibration complete! %1$d optimal bands calculated	✓ 校准完成！已计算出 %1$d 个最优频段	✓ キャリブレーション完了！最適なバンドを %1$d 個計算しました	✓ Calibration terminée ! %1$d bandes optimales calculées	✓ ¡Calibración completada! Se calcularon %1$d bandas óptimas	✓ Kalibrasyon tamamlandı! %1$d en uygun bant hesaplandı	✓ Kalibrierung abgeschlossen! %1$d optimale Bänder berechnet
eq_calibration_done#other	✓ Calibration complete! %1$d optimal bands calculated	✓ 校准完成！已计算出 %1$d 个最优频段	✓ キャリブレーション完了！最適なバンドを %1$d 個計算しました	✓ Calibration terminée ! %1$d bandes optimales calculées	✓ ¡Calibración completada! Se calcularon %1$d bandas óptimas	✓ Kalibrasyon tamamlandı! %1$d en uygun bant hesaplandı	✓ Kalibrierung abgeschlossen! %1$d optimale Bänder berechnet
eq_filters_per_ear	%1$s L / %2$s R	左 %1$s / 右 %2$s	L：%1$s / R：%2$s	%1$s G / %2$s D	%1$s I / %2$s D	Sol %1$s / Sağ %2$s	%1$s L / %2$s R
eq_help_0_title	What this does	功能说明	できること	Ce que fait cet outil	Qué hace	Ne işe yarar	Was es macht
eq_help_0_body	AutoEQ measures how far your headphone's frequency response deviates from a target curve and builds a stack of correction filters that pull it onto the target. Pick your headphone from the database (or import a measurement) and the filters are computed for you.	AutoEQ 会测量你的耳机频率响应与目标曲线的偏差，并生成一组校正滤波器，把它拉回到目标上。从数据库中选择你的耳机（或导入测量数据），滤波器就会自动算好。	AutoEQ はヘッドホンの周波数特性がターゲットカーブからどれだけずれているかを測り、それをターゲットに合わせる補正フィルターを組み立てます。データベースからヘッドホンを選ぶ（または測定データをインポートする）だけで、フィルターが計算されます。	AutoEQ mesure l’écart entre la réponse en fréquence de votre casque et une courbe cible, puis construit une série de filtres de correction qui la ramènent sur la cible. Choisissez votre casque dans la base (ou importez une mesure) et les filtres sont calculés pour vous.	AutoEQ mide cuánto se desvía la respuesta en frecuencia de tus auriculares de una curva objetivo y construye una serie de filtros de corrección que la llevan al objetivo. Elige tus auriculares en la base de datos (o importa una medición) y los filtros se calculan solos.	AutoEQ, kulaklığınızın frekans tepkisinin hedef eğriden ne kadar saptığını ölçer ve onu hedefe çeken bir dizi düzeltme filtresi oluşturur. Kulaklığınızı veritabanından seçin (veya bir ölçüm içe aktarın), filtreler sizin için hesaplanır.	AutoEQ misst, wie weit der Frequenzgang deines Kopfhörers von einer Zielkurve abweicht, und baut einen Stapel Korrekturfilter, der ihn auf das Ziel zieht. Wähle deinen Kopfhörer aus der Datenbank (oder importiere eine Messung), und die Filter werden für dich berechnet.
eq_help_1_title	Reading the graph	看懂图表	グラフの見方	Lire le graphique	Cómo leer el gráfico	Grafiği okumak	Das Diagramm lesen
eq_help_1_body	"Blue is your headphone as measured; the dashed line is the target; the red filled curve is the corrected result — what you should hear. The shaded region between measurement and target is the error the correction mirrors. The axis is relative: 0 dB means ""unchanged"", +5 means five decibels louder than neutral. Tap a label in the legend to hide or show that curve."	蓝色是耳机的实测曲线；虚线是目标曲线；红色填充曲线是校正后的结果——也就是你应该听到的声音。实测与目标之间的阴影区域就是校正所要抵消的误差。坐标轴是相对的：0 dB 表示“不变”，+5 表示比中性响 5 分贝。点按图例中的标签可隐藏或显示对应曲线。	青はヘッドホンの実測、破線はターゲット、赤く塗られたカーブは補正後の結果、つまり聞こえるはずの音です。実測とターゲットの間の網掛け部分が、補正が打ち消す誤差です。軸は相対値で、0 dB は「変化なし」、+5 はニュートラルより 5 デシベル大きいことを表します。凡例のラベルをタップすると、そのカーブを表示/非表示にできます。	Le bleu est votre casque tel que mesuré ; la ligne pointillée est la cible ; la courbe rouge pleine est le résultat corrigé — ce que vous devriez entendre. La zone ombrée entre mesure et cible est l’erreur que la correction compense. L’axe est relatif : 0 dB signifie « inchangé », +5 signifie cinq décibels plus fort que le neutre. Touchez une étiquette de la légende pour masquer ou afficher la courbe.	El azul son tus auriculares tal como se midieron; la línea discontinua es el objetivo; la curva roja rellena es el resultado corregido: lo que deberías oír. La zona sombreada entre medición y objetivo es el error que compensa la corrección. El eje es relativo: 0 dB significa «sin cambios» y +5, cinco decibelios más fuerte que lo neutro. Toca una etiqueta de la leyenda para ocultar o mostrar esa curva.	Mavi, kulaklığınızın ölçülen hâlidir; kesikli çizgi hedeftir; kırmızı dolgulu eğri düzeltilmiş sonuçtur, yani duymanız gereken ses. Ölçüm ile hedef arasındaki gölgeli alan, düzeltmenin yansıttığı hatadır. Eksen görelidir: 0 dB “değişmedi”, +5 ise nötrden beş desibel yüksek demektir. Bir eğriyi gizlemek veya göstermek için açıklamadaki etiketine dokunun.	Blau ist dein Kopfhörer wie gemessen, die gestrichelte Linie das Ziel, die rot gefüllte Kurve das korrigierte Ergebnis – das, was du hören solltest. Die schattierte Fläche zwischen Messung und Ziel ist der Fehler, den die Korrektur spiegelt. Die Achse ist relativ: 0 dB heißt „unverändert“, +5 heißt fünf Dezibel lauter als neutral. Tippe auf ein Label in der Legende, um die Kurve aus- oder einzublenden.
eq_help_2_title	Band dots	频段圆点	バンドの点	Points des bandes	Puntos de banda	Bant noktaları	Bandpunkte
eq_help_2_body	Each numbered dot is one filter, sitting on the corrected curve at its centre frequency. Green boosts, red cuts, grey is near-flat. Drag a dot to move its frequency and gain — a readout shows Hz, dB and Q while you drag. The numbers match the band list further down, where each band also has PEAK / LOW-S / HIGH-S type buttons.	每个带编号的圆点就是一个滤波器，位于校正曲线上它的中心频率处。绿色为提升，红色为衰减，灰色接近平直。拖动圆点可调整其频率和增益——拖动时会显示 Hz、dB 和 Q 的读数。这些编号与下方的频段列表一致，列表中每个频段还有 PEAK / LOW-S / HIGH-S 类型按钮。	番号付きの点がそれぞれ 1 つのフィルターで、補正カーブ上の中心周波数の位置にあります。緑はブースト、赤はカット、灰色はほぼフラットです。点をドラッグすると周波数とゲインが動き、ドラッグ中は Hz、dB、Q が表示されます。番号は下のバンド一覧と対応しており、各バンドには PEAK / LOW-S / HIGH-S のタイプボタンもあります。	Chaque point numéroté est un filtre, posé sur la courbe corrigée à sa fréquence centrale. Vert amplifie, rouge atténue, gris est presque neutre. Faites glisser un point pour déplacer sa fréquence et son gain — un affichage indique Hz, dB et Q pendant le glissement. Les numéros correspondent à la liste des bandes plus bas, où chaque bande a aussi des boutons de type PEAK / LOW-S / HIGH-S.	Cada punto numerado es un filtro, situado sobre la curva corregida en su frecuencia central. Verde realza, rojo atenúa, gris es casi plano. Arrastra un punto para mover su frecuencia y ganancia; mientras arrastras se muestran Hz, dB y Q. Los números coinciden con la lista de bandas de más abajo, donde cada banda tiene también botones de tipo PEAK / LOW-S / HIGH-S.	Her numaralı nokta bir filtredir ve düzeltilmiş eğri üzerinde merkez frekansında durur. Yeşil yükseltir, kırmızı keser, gri neredeyse düzdür. Frekansını ve kazancını değiştirmek için bir noktayı sürükleyin; sürüklerken Hz, dB ve Q gösterilir. Numaralar aşağıdaki bant listesiyle eşleşir; orada her bandın PEAK / LOW-S / HIGH-S tür düğmeleri de vardır.	Jeder nummerierte Punkt ist ein Filter und sitzt auf der korrigierten Kurve bei seiner Mittenfrequenz. Grün hebt an, Rot senkt ab, Grau ist nahezu linear. Ziehe einen Punkt, um Frequenz und Gain zu verschieben – beim Ziehen werden Hz, dB und Q angezeigt. Die Nummern entsprechen der Bandliste weiter unten, wo jedes Band außerdem die Typ-Tasten PEAK / LOW-S / HIGH-S hat.
eq_help_3_title	2-channel (per-ear) calibration	双声道（分耳）校准	2 チャンネル（左右別）キャリブレーション	Calibration sur 2 canaux (par oreille)	Calibración de 2 canales (por oído)	2 kanallı (kulak başına) kalibrasyon	2-Kanal-Kalibrierung (pro Ohr)
eq_help_3_body	Real units rarely measure identically left and right. Switch on 2-channel calibration to give each ear its own measurement and its own correction. squig.link sources publish true L/R files, so selecting one measurement fills both ears in a single tap; the L|R chips above the graph choose which ear you're editing, and the other ear stays visible as a thin amber curve. Switching the toggle off is non-destructive — the right ear comes back when you re-enable it.	实际的耳机左右两侧测量结果很少完全一致。开启双声道校准，即可让每只耳朵拥有各自的测量数据和校正。squig.link 来源会发布真正的左/右声道文件，因此选择一条测量数据就能一次填满两只耳朵；图表上方的 L|R 标签用于选择正在编辑哪只耳朵，另一只耳朵会以细琥珀色曲线保持可见。关闭此开关不会丢失数据——重新开启后右耳会恢复。	実際の個体は左右でまったく同じ測定結果になることはほとんどありません。2 チャンネル キャリブレーションをオンにすると、耳ごとに別々の測定データと補正を持てます。squig.link のソースは本物の左右ファイルを公開しているので、1 つ選ぶだけで両耳が埋まります。グラフ上の L|R チップで編集する耳を選び、もう一方は細い琥珀色のカーブで表示されたままになります。オフにしても失われず、再びオンにすると右耳が戻ります。	Un vrai casque mesure rarement à l’identique à gauche et à droite. Activez la calibration sur 2 canaux pour donner à chaque oreille sa propre mesure et sa propre correction. Les sources squig.link publient de vrais fichiers G/D : choisir une mesure remplit donc les deux oreilles d’un seul geste ; les puces L|R au-dessus du graphique choisissent l’oreille modifiée, et l’autre reste visible en fine courbe ambre. Désactiver l’option ne perd rien — l’oreille droite revient quand vous la réactivez.	Los auriculares reales rara vez miden igual a izquierda y derecha. Activa la calibración de 2 canales para dar a cada oído su propia medición y su propia corrección. Las fuentes de squig.link publican archivos I/D reales, así que elegir una medición rellena ambos oídos de un toque; los chips L|R sobre el gráfico eligen qué oído editas y el otro sigue visible como una fina curva ámbar. Desactivarlo no borra nada: el oído derecho vuelve al reactivarlo.	Gerçek kulaklıklar sol ve sağda nadiren aynı ölçülür. Her kulağa kendi ölçümünü ve kendi düzeltmesini vermek için 2 kanallı kalibrasyonu açın. squig.link kaynakları gerçek L/R dosyaları yayımlar; bu yüzden bir ölçüm seçmek iki kulağı tek dokunuşta doldurur. Grafiğin üstündeki L|R çipleri hangi kulağı düzenlediğinizi seçer, diğer kulak ince kehribar renkli bir eğri olarak görünür kalır. Anahtarı kapatmak hiçbir şeyi silmez; yeniden açtığınızda sağ kulak geri gelir.	Echte Kopfhörer messen links und rechts selten identisch. Schalte die 2-Kanal-Kalibrierung ein, damit jedes Ohr seine eigene Messung und Korrektur bekommt. squig.link-Quellen veröffentlichen echte L/R-Dateien, eine Messung zu wählen füllt also beide Ohren mit einem Tipp; die L|R-Chips über dem Diagramm wählen das Ohr, das du bearbeitest, und das andere bleibt als dünne bernsteinfarbene Kurve sichtbar. Ausschalten löscht nichts – das rechte Ohr kommt beim Wiedereinschalten zurück.
eq_help_4_title	Importing profiles	导入配置	プロファイルのインポート	Importer des profils	Importar perfiles	Profilleri içe aktarma	Profile importieren
eq_help_4_body	"""Import EQ profile"" accepts EqualizerAPO / AutoEq ParametricEQ.txt files or pasted text — including profiles copied from chats or web pages with mangled line breaks. You get a preview of the curve, the filter count and any warnings before anything is saved or applied. In 2-channel mode a profile can target both ears or just one."	“导入均衡配置”支持 EqualizerAPO / AutoEq 的 ParametricEQ.txt 文件或粘贴的文本——包括从聊天或网页中复制、换行已错乱的配置。在保存或应用之前，你会先看到曲线预览、滤波器数量以及任何警告。在双声道模式下，一份配置可以作用于双耳或仅一只耳朵。	「EQ プロファイルをインポート」は EqualizerAPO / AutoEq の ParametricEQ.txt ファイルや貼り付けたテキストに対応しています。チャットや Web ページからコピーして改行が崩れたプロファイルも読み込めます。保存や適用の前に、カーブのプレビュー、フィルター数、警告が表示されます。2 チャンネルモードでは、プロファイルを両耳にも片耳だけにも適用できます。	« Importer un profil d’égaliseur » accepte les fichiers ParametricEQ.txt EqualizerAPO / AutoEq ou du texte collé — y compris des profils copiés depuis des discussions ou des pages web aux retours à la ligne abîmés. Vous voyez un aperçu de la courbe, le nombre de filtres et les éventuels avertissements avant tout enregistrement ou application. En mode 2 canaux, un profil peut viser les deux oreilles ou une seule.	«Importar perfil de EQ» acepta archivos ParametricEQ.txt de EqualizerAPO / AutoEq o texto pegado, incluidos perfiles copiados de chats o páginas web con saltos de línea rotos. Antes de guardar o aplicar nada verás una vista previa de la curva, el número de filtros y cualquier advertencia. En el modo de 2 canales, un perfil puede aplicarse a ambos oídos o solo a uno.	“EQ profili içe aktar”, EqualizerAPO / AutoEq ParametricEQ.txt dosyalarını veya yapıştırılan metni kabul eder; satır sonları bozulmuş, sohbetlerden veya web sayfalarından kopyalanmış profiller de buna dahildir. Bir şey kaydedilmeden veya uygulanmadan önce eğrinin önizlemesini, filtre sayısını ve uyarıları görürsünüz. 2 kanallı modda bir profil iki kulağı veya yalnızca birini hedefleyebilir.	„EQ-Profil importieren“ nimmt ParametricEQ.txt-Dateien von EqualizerAPO / AutoEq oder eingefügten Text an – auch Profile, die aus Chats oder Webseiten mit zerschossenen Zeilenumbrüchen kopiert wurden. Bevor etwas gespeichert oder angewendet wird, siehst du eine Vorschau der Kurve, die Filteranzahl und etwaige Warnungen. Im 2-Kanal-Modus kann ein Profil beide Ohren oder nur eines betreffen.
eq_help_5_title	Preamp and headroom	前置增益与余量	プリアンプとヘッドルーム	Préampli et marge	Preamplificador y margen	Ön yükseltici ve tavan payı	Vorverstärkung und Headroom
eq_help_5_body	"Boosting frequencies eats headroom: without compensation the loudest peaks would clip. The preamp under the graph pulls overall level down to make room. Leave ""Automatic preamp"" on and it tracks the real summed peak of your filters (including the tone shelves) so clipping can't happen; switch it off to set the trade-off yourself."	提升频率会占用余量：如果不加补偿，最响的峰值就会削波。图表下方的前置增益会降低整体电平来腾出空间。保持“自动前置增益”开启，它会追踪你的滤波器（包括音调搁架）实际叠加后的峰值，从而杜绝削波；关闭后可自行权衡。	周波数をブーストするとヘッドルームが減り、補正しないと一番大きなピークがクリップします。グラフの下のプリアンプで全体のレベルを下げて余裕を作ります。「自動プリアンプ」をオンにしておくと、フィルター（トーンシェルフを含む）の実際の合計ピークを追い、クリップしないようにします。オフにすると、そのバランスを自分で決められます。	Amplifier des fréquences consomme de la marge : sans compensation, les crêtes les plus fortes satureraient. Le préampli sous le graphique abaisse le niveau global pour faire de la place. Laissez « Préampli automatique » activé : il suit la crête réelle cumulée de vos filtres (y compris les shelves de tonalité) pour que la saturation soit impossible ; désactivez-le pour régler le compromis vous-même.	Realzar frecuencias consume margen: sin compensación, los picos más fuertes saturarían. El preamplificador bajo el gráfico baja el nivel general para hacer sitio. Deja «Preamplificador automático» activado y seguirá el pico sumado real de tus filtros (incluidos los shelves de tono) para que no haya saturación; desactívalo para decidir tú el equilibrio.	Frekansları yükseltmek tavan payını tüketir: dengeleme olmadan en yüksek tepeler kırpılır. Grafiğin altındaki ön yükseltici, yer açmak için genel seviyeyi düşürür. “Otomatik ön yükseltici”yi açık bırakırsanız filtrelerinizin (ton raflarıyla birlikte) gerçek toplam tepesini izler ve kırpılma olmaz; dengeyi kendiniz kurmak için kapatın.	Frequenzen anzuheben kostet Headroom: Ohne Ausgleich würden die lautesten Spitzen clippen. Die Vorverstärkung unter dem Diagramm senkt den Gesamtpegel, um Platz zu schaffen. Lass „Automatische Vorverstärkung“ an, dann folgt sie der tatsächlichen summierten Spitze deiner Filter (inklusive Klang-Shelves), sodass nichts clippen kann; schalte sie aus, um den Kompromiss selbst zu wählen.
eq_help_6_title	Targets and presets	目标曲线与预设	ターゲットとプリセット	Cibles et préréglages	Objetivos y presets	Hedefler ve ön ayarlar	Zielkurven und Presets
eq_help_6_body	The target menu switches the goal curve (Harman is the safe default; custom targets can be imported). Save the current state as a preset to switch between headphones quickly — presets saved in 2-channel mode keep both ears. Export writes an EqualizerAPO-compatible ParametricEQ.txt you can use anywhere.	目标曲线菜单用于切换目标（Harman 是稳妥的默认选择；也可以导入自定义目标）。将当前状态保存为预设，就能在不同耳机之间快速切换——在双声道模式下保存的预设会保留双耳设置。导出会生成兼容 EqualizerAPO 的 ParametricEQ.txt，可在任何地方使用。	ターゲットメニューで目標のカーブを切り替えます（Harman が無難な既定値で、カスタムターゲットもインポートできます）。現在の状態をプリセットとして保存すれば、ヘッドホンをすばやく切り替えられます。2 チャンネルモードで保存したプリセットは両耳を保持します。書き出すと、どこでも使える EqualizerAPO 互換の ParametricEQ.txt が作られます。	Le menu des cibles change la courbe visée (Harman est le choix sûr par défaut ; des cibles personnalisées peuvent être importées). Enregistrez l’état actuel comme préréglage pour passer vite d’un casque à l’autre — les préréglages enregistrés en mode 2 canaux gardent les deux oreilles. L’export produit un ParametricEQ.txt compatible EqualizerAPO, utilisable partout.	El menú de objetivos cambia la curva meta (Harman es la opción segura por defecto; se pueden importar objetivos personalizados). Guarda el estado actual como preset para cambiar rápido entre auriculares; los presets guardados en modo de 2 canales conservan ambos oídos. Exportar genera un ParametricEQ.txt compatible con EqualizerAPO que puedes usar en cualquier parte.	Hedef menüsü amaç eğrisini değiştirir (Harman güvenli varsayılandır; özel hedefler içe aktarılabilir). Kulaklıklar arasında hızla geçmek için geçerli durumu ön ayar olarak kaydedin; 2 kanallı modda kaydedilen ön ayarlar iki kulağı da korur. Dışa aktarma, her yerde kullanabileceğiniz EqualizerAPO uyumlu bir ParametricEQ.txt yazar.	Das Zielmenü wechselt die Zielkurve (Harman ist der sichere Standard; eigene Zielkurven lassen sich importieren). Speichere den aktuellen Stand als Preset, um schnell zwischen Kopfhörern zu wechseln – im 2-Kanal-Modus gespeicherte Presets behalten beide Ohren. Der Export schreibt eine EqualizerAPO-kompatible ParametricEQ.txt, die du überall nutzen kannst.
oxford_help_0_title	What it does	功能说明	できること	Ce que fait l’effet	Qué hace	Ne işe yarar	Was es macht
oxford_help_0_body	The Inflator shapes the waveform with low-order harmonic distortion driven by the CURVE knob. Unlike a limiter, it doesn't just cap peaks — it adds perceived loudness, density, and warmth or brightness depending on the curve's sign. Keep EFFECT IN lit to hear the processing.	Inflator 通过 CURVE 旋钮驱动的低阶谐波失真来塑造波形。与限幅器不同，它不只是压住峰值——还会根据曲线的正负增加听感响度、密度，以及温暖或明亮感。保持 EFFECT IN 亮起即可听到处理效果。	Inflator は CURVE ノブで制御する低次の倍音歪みで波形を形づくります。リミッターと違い、ピークを抑えるだけではなく、カーブの正負に応じて聴感上の音量、密度、暖かさや明るさを加えます。処理を聴くには EFFECT IN を点灯させておいてください。	L’Inflator façonne la forme d’onde par une distorsion harmonique d’ordre bas pilotée par le bouton CURVE. Contrairement à un limiteur, il ne se contente pas d’écrêter les crêtes : il ajoute volume perçu, densité, et chaleur ou brillance selon le signe de la courbe. Gardez EFFECT IN allumé pour entendre le traitement.	El Inflator da forma a la onda con distorsión armónica de orden bajo controlada por el mando CURVE. A diferencia de un limitador, no solo recorta los picos: añade sonoridad percibida, densidad y calidez o brillo según el signo de la curva. Mantén EFFECT IN encendido para oír el procesado.	Inflator, dalga biçimini CURVE düğmesiyle yönetilen düşük dereceli harmonik bozulmayla şekillendirir. Bir sınırlayıcının aksine yalnızca tepeleri kesmez; eğrinin işaretine göre algılanan ses yüksekliği, yoğunluk ve sıcaklık ya da parlaklık katar. İşlemeyi duymak için EFFECT IN’i yanık tutun.	Der Inflator formt die Wellenform mit niederharmonischer Verzerrung, gesteuert vom CURVE-Regler. Anders als ein Limiter kappt er nicht nur Spitzen – er fügt wahrgenommene Lautheit, Dichte und je nach Vorzeichen der Kurve Wärme oder Brillanz hinzu. Lass EFFECT IN leuchten, um die Bearbeitung zu hören.
oxford_help_1_title	INPUT / OUTPUT	INPUT / OUTPUT	INPUT / OUTPUT	INPUT / OUTPUT	INPUT / OUTPUT	INPUT / OUTPUT	INPUT / OUTPUT
oxford_help_1_body	INPUT drives the signal into the shaping stage (harder drive = more effect). OUTPUT trims the result back to unity. On mixes, nudge INPUT up and OUTPUT down to taste — they're independent, not linked.	INPUT 把信号推入塑形级（推得越猛，效果越强）。OUTPUT 再把结果修整回单位增益。处理混音时，可按喜好把 INPUT 稍微调高、OUTPUT 调低——两者相互独立，并不联动。	INPUT は信号を整形段に送り込みます（強く入れるほど効果が大きくなります）。OUTPUT は結果をユニティに戻します。ミックスでは INPUT を少し上げ、OUTPUT を好みで下げてください。両者は独立しており、連動しません。	INPUT pousse le signal dans l’étage de mise en forme (plus fort = plus d’effet). OUTPUT ramène le résultat au gain unitaire. Sur des mixes, montez un peu INPUT et baissez OUTPUT à votre goût — ils sont indépendants, pas liés.	INPUT empuja la señal hacia la etapa de modelado (más empuje = más efecto). OUTPUT devuelve el resultado a ganancia unitaria. En mezclas, sube un poco INPUT y baja OUTPUT a tu gusto: son independientes, no están enlazados.	INPUT sinyali şekillendirme aşamasına sürer (daha sert sürmek = daha çok etki). OUTPUT sonucu birim kazanca geri indirir. Miks üzerinde INPUT’u biraz artırıp OUTPUT’u zevkinize göre azaltın; ikisi bağımsızdır, bağlı değildir.	INPUT treibt das Signal in die Formungsstufe (stärker = mehr Effekt). OUTPUT trimmt das Ergebnis zurück auf Unity. Bei Mixes INPUT etwas hoch und OUTPUT nach Geschmack runter – die beiden sind unabhängig, nicht gekoppelt.
oxford_help_2_title	EFFECT	EFFECT	EFFECT	EFFECT	EFFECT	EFFECT	EFFECT
oxford_help_2_body	How much of the shaped signal is blended in (0–100 %). Below ~30 % you're in parallel territory; above 60 % the effect becomes obvious. If in doubt, sweep EFFECT while A/B-ing the EFFECT IN button.	塑形后信号的混入比例（0–100%）。低于约 30% 属于并联处理的范畴；高于 60% 效果就会很明显。拿不准时，可以一边扫动 EFFECT，一边用 EFFECT IN 按钮做 A/B 对比。	整形した信号をどれだけ混ぜるか（0〜100%）。約 30% 未満はパラレル処理の領域、60% を超えると効果がはっきりします。迷ったら、EFFECT IN ボタンで A/B 比較しながら EFFECT を動かしてみてください。	La part du signal façonné qui est mélangée (0–100 %). Sous ~30 %, on est dans le traitement parallèle ; au-delà de 60 %, l’effet devient évident. Dans le doute, balayez EFFECT en comparant A/B avec le bouton EFFECT IN.	Cuánta señal modelada se mezcla (0–100 %). Por debajo de ~30 % estás en terreno de procesado en paralelo; por encima de 60 % el efecto se hace evidente. Si dudas, recorre EFFECT mientras comparas A/B con el botón EFFECT IN.	Şekillendirilmiş sinyalin ne kadarının karıştırıldığı (%0–100). Yaklaşık %30’un altında paralel işleme bölgesindesiniz; %60’ın üzerinde etki belirginleşir. Emin değilseniz EFFECT IN düğmesiyle A/B karşılaştırması yaparken EFFECT’i gezdirin.	Wie viel vom geformten Signal beigemischt wird (0–100 %). Unter ~30 % bist du im Parallelbereich, über 60 % wird der Effekt deutlich. Im Zweifel EFFECT durchfahren und dabei mit der EFFECT-IN-Taste A/B vergleichen.
oxford_help_3_title	CURVE	CURVE	CURVE	CURVE	CURVE	CURVE	CURVE
oxford_help_3_body	Negative values (-50…0) push even-order harmonics — warmer, analogue-ish. Positive values (0…+50) emphasise odd-order — sharper, more present. Zero is neutral and the mildest setting.	负值（-50…0）突出偶次谐波——更温暖，带点模拟味。正值（0…+50）强调奇次谐波——更锐利、更靠前。0 为中性，也是最温和的设置。	マイナス値（-50…0）は偶数次倍音を強め、暖かくアナログ風になります。プラス値（0…+50）は奇数次を強調し、鋭く前に出ます。0 はニュートラルで、最も穏やかな設定です。	Les valeurs négatives (-50…0) poussent les harmoniques paires — plus chaud, plus analogique. Les positives (0…+50) accentuent les impaires — plus tranchant, plus présent. Zéro est neutre et le réglage le plus doux.	Los valores negativos (-50…0) potencian los armónicos pares: más cálido, más analógico. Los positivos (0…+50) enfatizan los impares: más incisivo, más presente. Cero es neutro y el ajuste más suave.	Negatif değerler (-50…0) çift dereceli harmonikleri öne çıkarır: daha sıcak, analog gibi. Pozitif değerler (0…+50) tek derecelileri vurgular: daha keskin, daha önde. Sıfır nötrdür ve en yumuşak ayardır.	Negative Werte (-50…0) betonen geradzahlige Obertöne – wärmer, analoger. Positive Werte (0…+50) betonen ungeradzahlige – schärfer, präsenter. Null ist neutral und die mildeste Einstellung.
oxford_help_4_title	CLIP 0 dB	CLIP 0 dB	CLIP 0 dB	CLIP 0 dB	CLIP 0 dB	CLIP 0 dB	CLIP 0 dB
oxford_help_4_body	Hard ceiling at 0 dBFS applied on the way out. Leave on for safety when mastering; turn off if you're feeding another plugin that has its own ceiling management.	在输出端施加 0 dBFS 的硬上限。母带处理时为安全起见请保持开启；如果后面接着另一个有自己上限管理的插件，可以关闭。	出力段で 0 dBFS のハードな上限をかけます。マスタリングでは安全のためオンのままに。独自の上限管理を持つ別のプラグインに送る場合はオフにしてください。	Plafond dur à 0 dBFS appliqué en sortie. Laissez-le activé par sécurité en mastering ; désactivez-le si vous alimentez un autre plug-in qui gère son propre plafond.	Techo duro a 0 dBFS aplicado a la salida. Déjalo activado por seguridad al masterizar; desactívalo si alimentas otro plugin que gestiona su propio techo.	Çıkışta uygulanan 0 dBFS’lik sert tavan. Mastering yaparken güvenlik için açık bırakın; kendi tavan yönetimi olan başka bir eklentiyi besliyorsanız kapatın.	Harte Obergrenze bei 0 dBFS am Ausgang. Beim Mastern zur Sicherheit anlassen; ausschalten, wenn du ein weiteres Plug-in mit eigener Pegelbegrenzung speist.
oxford_help_5_title	BAND SPLIT	BAND SPLIT	BAND SPLIT	BAND SPLIT	BAND SPLIT	BAND SPLIT	BAND SPLIT
oxford_help_5_body	Splits the signal into low / mid / high bands and processes each independently before recombining. Produces tighter results on full mixes and drum buses. More CPU — but worth it on masters.	将信号分成低/中/高三个频段，分别独立处理后再合并。在完整混音和鼓总线上效果更紧实。更占 CPU——但用在母带上很值得。	信号を低域/中域/高域に分け、それぞれ独立に処理してから合成します。フルミックスやドラムバスで締まった仕上がりになります。CPU 負荷は増えますが、マスターには使う価値があります。	Sépare le signal en bandes grave / médium / aigu et traite chacune indépendamment avant de les recombiner. Donne un résultat plus serré sur des mixes complets et des bus de batterie. Plus gourmand en CPU — mais ça vaut le coup sur un master.	Divide la señal en bandas grave / media / aguda y procesa cada una por separado antes de recombinarlas. Da resultados más compactos en mezclas completas y buses de batería. Usa más CPU, pero merece la pena en el máster.	Sinyali düşük / orta / yüksek bantlara ayırır ve yeniden birleştirmeden önce her birini bağımsız işler. Tam mikslerde ve davul baslarında daha sıkı sonuçlar verir. Daha çok CPU kullanır ama master’da buna değer.	Teilt das Signal in Tiefen / Mitten / Höhen und bearbeitet jedes Band einzeln, bevor sie wieder zusammengeführt werden. Ergibt straffere Ergebnisse auf ganzen Mixes und Drum-Bussen. Mehr CPU – auf dem Master aber lohnend.
oxford_help_6_title	Start here	从这里开始	まずはここから	Pour commencer	Por dónde empezar	Buradan başlayın	Zum Einstieg
oxford_help_6_body	Try the WARMTH preset on a vocal or bass, PUNCH on a drum bus, and LOUD on a finished stereo mix. Once you hear what the curve does, you'll reach for it often.	在人声或贝斯上试试 WARMTH 预设，在鼓总线上试试 PUNCH，在完成的立体声混音上试试 LOUD。一旦你听出曲线的作用，就会经常用到它。	ボーカルやベースには WARMTH プリセット、ドラムバスには PUNCH、完成したステレオミックスには LOUD を試してみてください。カーブの働きが聞き取れれば、何度も手が伸びるはずです。	Essayez le préréglage WARMTH sur une voix ou une basse, PUNCH sur un bus de batterie et LOUD sur un mix stéréo fini. Une fois que vous entendez ce que fait la courbe, vous y reviendrez souvent.	Prueba el preset WARMTH en una voz o un bajo, PUNCH en un bus de batería y LOUD en una mezcla estéreo terminada. Cuando oigas lo que hace la curva, la usarás a menudo.	WARMTH ön ayarını bir vokalde veya baste, PUNCH’ı davul basında, LOUD’u bitmiş bir stereo mikste deneyin. Eğrinin ne yaptığını duyduğunuzda ona sık sık başvuracaksınız.	Probier das Preset WARMTH auf Gesang oder Bass, PUNCH auf einem Drum-Bus und LOUD auf einem fertigen Stereomix. Sobald du hörst, was die Kurve macht, greifst du oft danach.
oxford_help_7_title	What it does	功能说明	できること	Ce que fait l’effet	Qué hace	Ne işe yarar	Was es macht
oxford_help_7_body	A compressor reduces gain whenever the signal exceeds a threshold — quieter parts pass through untouched, louder parts get pushed down. Use it to even out performances, add punch, or glue a mix together. EFFECT IN lights up when the compressor is active.	当信号超过阈值时，压缩器就会降低增益——较安静的部分原样通过，较响的部分被压下去。可用来让演奏更均匀、增加冲击力，或让混音更凝聚。压缩器工作时 EFFECT IN 会亮起。	コンプレッサーは信号がスレッショルドを超えるたびにゲインを下げます。静かな部分はそのまま通り、大きな部分は押し下げられます。演奏を均したり、パンチを加えたり、ミックスをまとめたりするのに使います。コンプレッサーが動作中は EFFECT IN が点灯します。	Un compresseur réduit le gain dès que le signal dépasse un seuil — les passages calmes passent intacts, les plus forts sont abaissés. Servez-vous-en pour lisser une interprétation, ajouter du punch ou souder un mix. EFFECT IN s’allume quand le compresseur est actif.	Un compresor reduce la ganancia cada vez que la señal supera un umbral: las partes suaves pasan intactas y las fuertes se atenúan. Úsalo para igualar interpretaciones, añadir pegada o cohesionar una mezcla. EFFECT IN se enciende cuando el compresor está activo.	Kompresör, sinyal bir eşiği aştığında kazancı düşürür; sessiz kısımlar dokunulmadan geçer, yüksek kısımlar bastırılır. Performansları dengelemek, vuruş katmak veya bir miksi bütünleştirmek için kullanın. Kompresör etkinken EFFECT IN yanar.	Ein Kompressor senkt den Pegel, sobald das Signal eine Schwelle überschreitet – leise Stellen bleiben unberührt, laute werden heruntergedrückt. Nutze ihn, um Darbietungen auszugleichen, Punch hinzuzufügen oder einen Mix zusammenzukleben. EFFECT IN leuchtet, wenn der Kompressor aktiv ist.
oxford_help_8_title	THRESH (Threshold)	THRESH（阈值）	THRESH（スレッショルド）	THRESH (seuil)	THRESH (umbral)	THRESH (eşik)	THRESH (Schwelle)
oxford_help_8_body	The level above which compression engages. Lower threshold = more of the signal is compressed. Watch the GR meter — for musical results aim for 2–6 dB reduction on peaks.	超过该电平就开始压缩。阈值越低，被压缩的信号越多。留意 GR 表——要得到音乐性的效果，峰值处的衰减以 2–6 dB 为宜。	この値を超えると圧縮が始まります。スレッショルドが低いほど、より多くの信号が圧縮されます。GR メーターを見ながら、音楽的な結果を求めるならピークで 2〜6 dB の圧縮を目安にしてください。	Le niveau au-dessus duquel la compression s’enclenche. Seuil plus bas = plus de signal compressé. Surveillez l’indicateur GR — pour un résultat musical, visez 2–6 dB de réduction sur les crêtes.	El nivel a partir del cual empieza la compresión. Umbral más bajo = más señal comprimida. Vigila el medidor GR: para un resultado musical, apunta a 2–6 dB de reducción en los picos.	Sıkıştırmanın devreye girdiği seviye. Daha düşük eşik = sinyalin daha çoğu sıkıştırılır. GR göstergesini izleyin; müzikal sonuçlar için tepelerde 2–6 dB azalmayı hedefleyin.	Der Pegel, ab dem die Kompression greift. Niedrigere Schwelle = mehr vom Signal wird komprimiert. Behalte die GR-Anzeige im Blick – für musikalische Ergebnisse 2–6 dB Reduktion auf den Spitzen anpeilen.
oxford_help_9_title	RATIO	RATIO	RATIO	RATIO	RATIO	RATIO	RATIO
oxford_help_9_body	How aggressively signal above threshold is reduced. 2:1 is gentle, 4:1 is classic, 8:1+ is heavy-handed. Ratios above 10:1 start to behave like a limiter.	超过阈值的信号被压缩的力度。2:1 较温和，4:1 是经典值，8:1 以上则很重。比率高于 10:1 时就开始像限幅器了。	スレッショルドを超えた信号をどれだけ強く下げるか。2:1 は穏やか、4:1 は定番、8:1 以上はかなり強めです。10:1 を超えるとリミッターのように振る舞い始めます。	La force avec laquelle le signal au-dessus du seuil est réduit. 2:1 est doux, 4:1 classique, 8:1 et plus est appuyé. Au-delà de 10:1, on se rapproche d’un limiteur.	Con cuánta fuerza se reduce la señal por encima del umbral. 2:1 es suave, 4:1 es clásico, 8:1 o más es contundente. Por encima de 10:1 empieza a comportarse como un limitador.	Eşiğin üzerindeki sinyalin ne kadar sert azaltıldığı. 2:1 yumuşak, 4:1 klasik, 8:1 ve üzeri serttir. 10:1’in üzerindeki oranlar sınırlayıcı gibi davranmaya başlar.	Wie stark das Signal über der Schwelle reduziert wird. 2:1 ist sanft, 4:1 klassisch, ab 8:1 kräftig. Über 10:1 verhält es sich zunehmend wie ein Limiter.
oxford_help_10_title	ATTACK	ATTACK	ATTACK	ATTACK	ATTACK	ATTACK	ATTACK
oxford_help_10_body	How fast the compressor clamps down once the signal crosses threshold. Fast (0.1–5 ms) catches transients — kills punch if over-used. Slow (20–50 ms) lets transients through for more snap.	信号越过阈值后，压缩器开始压制的速度。快速（0.1–5 ms）能抓住瞬态——用过头会扼杀冲击力。慢速（20–50 ms）让瞬态通过，声音更有冲劲。	信号がスレッショルドを超えてから、コンプレッサーがどれだけ速く効き始めるか。速い設定（0.1〜5 ms）はトランジェントを捉えますが、使いすぎるとパンチが失われます。遅い設定（20〜50 ms）はトランジェントを通し、キレが増します。	La vitesse à laquelle le compresseur agit une fois le seuil franchi. Rapide (0,1–5 ms), il attrape les transitoires — et tue le punch si on en abuse. Lent (20–50 ms), il laisse passer les transitoires pour plus de mordant.	Lo rápido que actúa el compresor cuando la señal cruza el umbral. Rápido (0,1–5 ms) atrapa los transitorios, pero mata la pegada si te pasas. Lento (20–50 ms) deja pasar los transitorios para más chasquido.	Sinyal eşiği geçtikten sonra kompresörün ne kadar hızlı devreye girdiği. Hızlı (0,1–5 ms) geçici sesleri yakalar; aşırı kullanılırsa vuruşu öldürür. Yavaş (20–50 ms) geçici seslerin geçmesine izin verir, daha çok çıtırtı verir.	Wie schnell der Kompressor zupackt, sobald das Signal die Schwelle überschreitet. Schnell (0,1–5 ms) fängt Transienten ab – übertrieben killt es den Punch. Langsam (20–50 ms) lässt Transienten durch, für mehr Biss.
oxford_help_11_title	RELEASE	RELEASE	RELEASE	RELEASE	RELEASE	RELEASE	RELEASE
oxford_help_11_body	How fast the gain recovers after the signal drops back below threshold. Short releases (10–80 ms) pump and breathe with the music — great for drums. Long releases (200 ms+) are smoother, better for vocals and master buses.	信号回落到阈值以下后，增益恢复的速度。短释放（10–80 ms）会随音乐起伏“呼吸”——很适合鼓。长释放（200 ms 以上）更平滑，更适合人声和母带总线。	信号がスレッショルドを下回ってから、ゲインがどれだけ速く戻るか。短いリリース（10〜80 ms）は音楽に合わせてポンピングし、ドラムに最適です。長いリリース（200 ms 以上）はなめらかで、ボーカルやマスターバスに向いています。	La vitesse à laquelle le gain revient quand le signal repasse sous le seuil. Un relâchement court (10–80 ms) pompe et respire avec la musique — idéal sur la batterie. Un relâchement long (200 ms et plus) est plus doux, mieux pour les voix et les bus de master.	Lo rápido que se recupera la ganancia cuando la señal vuelve a bajar del umbral. Liberaciones cortas (10–80 ms) bombean y respiran con la música: geniales para batería. Las largas (200 ms o más) son más suaves, mejores para voces y buses de máster.	Sinyal eşiğin altına döndükten sonra kazancın ne kadar hızlı toparlandığı. Kısa bırakma (10–80 ms) müzikle birlikte pompalar ve nefes alır; davullar için harikadır. Uzun bırakma (200 ms+) daha yumuşaktır; vokaller ve master baslar için daha iyidir.	Wie schnell sich der Pegel erholt, wenn das Signal wieder unter die Schwelle fällt. Kurze Release-Zeiten (10–80 ms) pumpen und atmen mit der Musik – super für Drums. Lange (ab 200 ms) sind glatter, besser für Gesang und Master-Busse.
oxford_help_12_title	MAKEUP	MAKEUP	MAKEUP	MAKEUP	MAKEUP	MAKEUP	MAKEUP
oxford_help_12_body	Output gain applied after compression so the processed signal matches the bypass level. Bump it up by roughly the amount of reduction shown on the GR meter.	压缩后施加的输出增益，让处理后的信号与旁通时的电平一致。大约按 GR 表显示的衰减量调高即可。	圧縮後にかける出力ゲインで、処理後の信号をバイパス時のレベルに合わせます。GR メーターに表示される圧縮量くらいを目安に上げてください。	Gain de sortie appliqué après la compression pour que le signal traité retrouve le niveau du bypass. Augmentez-le d’environ la réduction affichée par l’indicateur GR.	Ganancia de salida aplicada tras la compresión para que la señal procesada iguale el nivel sin efecto. Súbela aproximadamente lo que indique la reducción del medidor GR.	İşlenmiş sinyalin bypass seviyesine eşit olması için sıkıştırmadan sonra uygulanan çıkış kazancı. GR göstergesinde görünen azalma kadar artırın.	Ausgangsverstärkung nach der Kompression, damit das bearbeitete Signal den Bypass-Pegel erreicht. Ungefähr um die Reduktion anheben, die die GR-Anzeige zeigt.
oxford_help_13_title	GR meter	GR 表	GR メーター	Indicateur GR	Medidor GR	GR göstergesi	GR-Anzeige
oxford_help_13_body	Gain Reduction display — tells you how many dB the compressor is currently pulling down. If it's pinned, your threshold is too low or ratio too high. If it never moves, threshold is too high.	增益衰减（Gain Reduction）显示——告诉你压缩器当前压下了多少 dB。如果它一直顶满，说明阈值太低或比率太高；如果它从不动，说明阈值太高。	ゲインリダクションの表示で、コンプレッサーがいま何 dB 下げているかを示します。振り切れたままならスレッショルドが低すぎるかレシオが高すぎます。まったく動かないならスレッショルドが高すぎます。	Affichage de la réduction de gain (Gain Reduction) — indique de combien de dB le compresseur abaisse actuellement le signal. S’il reste bloqué au maximum, le seuil est trop bas ou le ratio trop élevé. S’il ne bouge jamais, le seuil est trop haut.	Indicador de reducción de ganancia (Gain Reduction): muestra cuántos dB está bajando el compresor en este momento. Si se queda al máximo, el umbral es demasiado bajo o la relación demasiado alta. Si nunca se mueve, el umbral es demasiado alto.	Kazanç Azaltma (Gain Reduction) göstergesi; kompresörün şu anda kaç dB bastırdığını gösterir. Sürekli tepedeyse eşik çok düşük veya oran çok yüksektir. Hiç kıpırdamıyorsa eşik çok yüksektir.	Gain-Reduction-Anzeige – zeigt, um wie viele dB der Kompressor gerade absenkt. Klebt sie am Anschlag, ist die Schwelle zu niedrig oder die Ratio zu hoch. Bewegt sie sich nie, ist die Schwelle zu hoch.
oxford_help_14_title	Start here	从这里开始	まずはここから	Pour commencer	Por dónde empezar	Buradan başlayın	Zum Einstieg
oxford_help_14_body	VOCAL preset for leads, DRUM BUS to tighten drums, GLUE on your stereo mix bus, LIMITER only on the final master-chain output.	主唱用 VOCAL 预设，收紧鼓用 DRUM BUS，立体声混音总线用 GLUE，LIMITER 只用在最终母带链的输出端。	リードボーカルには VOCAL プリセット、ドラムを締めるには DRUM BUS、ステレオミックスバスには GLUE、LIMITER は最終マスターチェーンの出力にだけ使ってください。	Le préréglage VOCAL pour les voix principales, DRUM BUS pour resserrer la batterie, GLUE sur le bus de mix stéréo, LIMITER uniquement en sortie de la chaîne de master finale.	El preset VOCAL para voces principales, DRUM BUS para compactar la batería, GLUE en el bus de mezcla estéreo y LIMITER solo en la salida final de la cadena de máster.	Solo vokaller için VOCAL ön ayarı, davulları sıkılaştırmak için DRUM BUS, stereo miks basında GLUE, LIMITER’ı ise yalnızca son master zincirinin çıkışında kullanın.	VOCAL-Preset für Leadgesang, DRUM BUS, um Drums zu straffen, GLUE auf dem Stereo-Mixbus, LIMITER nur am Ausgang der finalen Master-Kette.
graph_original	Original	原始	元の特性	Original	Original	Orijinal	Original
graph_corrected	Corrected	校正后	補正後	Corrigé	Corregido	Düzeltilmiş	Korrigiert
graph_target	Target	目标	ターゲット	Cible	Objetivo	Hedef	Ziel
graph_ear_measured	%1$s meas	%1$s 实测	%1$s 実測	%1$s mesure	%1$s medición	%1$s ölçüm	%1$s Messung
graph_ear_eq	%1$s EQ	%1$s EQ	%1$s EQ	%1$s EQ	%1$s EQ	%1$s EQ	%1$s EQ
graph_left_short	L	左	L	G	I	Sol	L
graph_right_short	R	右	R	D	D	Sağ	R
mixer_exported	Exported “%1$s”	已导出“%1$s”	「%1$s」を書き出しました	« %1$s » exporté	Se exportó «%1$s»	“%1$s” dışa aktarıldı	„%1$s“ exportiert
mixer_export_failed	Export failed: %1$s	导出失败：%1$s	書き出しに失敗しました：%1$s	Échec de l’export : %1$s	Error al exportar: %1$s	Dışa aktarma başarısız: %1$s	Export fehlgeschlagen: %1$s
mixer_preset_imported	Preset imported	预设已导入	プリセットをインポートしました	Préréglage importé	Preset importado	Ön ayar içe aktarıldı	Preset importiert
mixer_import_invalid	Import failed: not a valid preset file	导入失败：不是有效的预设文件	インポートに失敗しました：有効なプリセットファイルではありません	Échec de l’import : fichier de préréglage non valide	Error al importar: no es un archivo de preset válido	İçe aktarma başarısız: geçerli bir ön ayar dosyası değil	Import fehlgeschlagen: keine gültige Preset-Datei
mixer_import_failed	Import failed: %1$s	导入失败：%1$s	インポートに失敗しました：%1$s	Échec de l’import : %1$s	Error al importar: %1$s	İçe aktarma başarısız: %1$s	Import fehlgeschlagen: %1$s
mixer_fx_chain	FX Chain	效果链	エフェクトチェーン	Chaîne d’effets	Cadena de efectos	Efekt zinciri	FX-Kette
mixer_title	Mixer	混音器	ミキサー	Mixeur	Mezclador	Mikser	Mixer
mixer_spatial_map	Spatial map	空间映射	空間マップ	Carte spatiale	Mapa espacial	Uzamsal harita	Raumkarte
mixer_insert_rack	Insert Rack	插入机架	インサートラック	Rack d’inserts	Rack de inserciones	Insert rafı	Insert-Rack
mixer_channel_color_dynamic	Channel color: dynamic	通道颜色：动态	チャンネルの色：ダイナミック	Couleur des canaux : dynamique	Color de canal: dinámico	Kanal rengi: dinamik	Kanalfarbe: dynamisch
mixer_channel_color_palette	Channel color: palette	通道颜色：调色板	チャンネルの色：パレット	Couleur des canaux : palette	Color de canal: paleta	Kanal rengi: palet	Kanalfarbe: Palette
mixer_reset_to_defaults	Reset mixer to defaults	将混音器恢复默认	ミキサーを既定に戻す	Réinitialiser le mixeur	Restablecer el mezclador	Mikseri varsayılana sıfırla	Mixer auf Standard zurücksetzen
mixer_reset_title	Reset the mixer?	要重置混音器吗？	ミキサーをリセットしますか？	Réinitialiser le mixeur ?	¿Restablecer el mezclador?	Mikser sıfırlansın mı?	Mixer zurücksetzen?
mixer_reset_body	Removes every plugin and every bus after Bus 4, and returns the rest to unity gain, centred, unmuted. Saved presets are untouched.	移除所有插件以及 Bus 4 之后的所有总线，其余总线恢复为单位增益、居中、取消静音。已保存的预设不受影响。	すべてのプラグインと Bus 4 以降のバスを削除し、残りをユニティゲイン、センター、ミュート解除に戻します。保存したプリセットはそのままです。	Supprime tous les plug-ins et tous les bus après le Bus 4, et remet les autres au gain unitaire, centrés, sans sourdine. Les préréglages enregistrés ne sont pas touchés.	Elimina todos los plugins y todos los buses posteriores al Bus 4, y devuelve el resto a ganancia unitaria, centrados y sin silenciar. Los presets guardados no se tocan.	Tüm eklentileri ve Bus 4’ten sonraki tüm busları kaldırır; geri kalanları birim kazanca, ortaya ve sesi açık hâle döndürür. Kayıtlı ön ayarlar değişmez.	Entfernt alle Plug-ins und alle Busse nach Bus 4 und setzt den Rest auf Unity-Gain, mittig, nicht stumm. Gespeicherte Presets bleiben unberührt.
mixer_route_would_loop	%1$s already feeds %2$s — that route would loop	%1$s 已经输出到 %2$s——这样路由会形成回路	%1$s はすでに %2$s に送られています。このルーティングはループになります	%1$s alimente déjà %2$s — cette route ferait une boucle	%1$s ya alimenta a %2$s: esa ruta formaría un bucle	%1$s zaten %2$s busunu besliyor; bu yönlendirme döngü oluşturur	%1$s speist bereits %2$s – diese Route wäre eine Schleife
mixer_remove_bus_title	Remove %1$s?	要移除 %1$s 吗？	%1$s を削除しますか？	Supprimer %1$s ?	¿Eliminar %1$s?	%1$s kaldırılsın mı?	%1$s entfernen?
mixer_remove_bus_body	Its effects and settings go with it. Buses after it move down one number. Saved presets are untouched.	它的效果和设置也会一并移除。之后的总线编号会依次减一。已保存的预设不受影响。	エフェクトと設定も一緒に削除されます。後ろのバスは番号が 1 つずつ繰り上がります。保存したプリセットはそのままです。	Ses effets et réglages partent avec lui. Les bus suivants descendent d’un numéro. Les préréglages enregistrés ne sont pas touchés.	Sus efectos y ajustes se van con él. Los buses posteriores bajan un número. Los presets guardados no se tocan.	Efektleri ve ayarları da onunla gider. Sonraki busların numarası bir azalır. Kayıtlı ön ayarlar değişmez.	Seine Effekte und Einstellungen gehen mit. Nachfolgende Busse rücken eine Nummer nach vorn. Gespeicherte Presets bleiben unberührt.
mixer_add_bus	Add bus	添加总线	バスを追加	Ajouter un bus	Añadir bus	Bus ekle	Bus hinzufügen
mixer_rack_title	Mixer – %1$s	混音器 – %1$s	ミキサー – %1$s	Mixeur – %1$s	Mezclador – %1$s	Mikser – %1$s	Mixer – %1$s
mixer_insert	Insert	插入	インサート	Insert	Inserción	Insert	Insert
mixer_routing_caps	ROUTING	路由	ルーティング	ROUTAGE	ENRUTAMIENTO	YÖNLENDİRME	ROUTING
mixer_player_input	Player input	播放器输入	プレーヤー入力	Entrée du lecteur	Entrada del reproductor	Oynatıcı girişi	Player-Eingang
mixer_routed_nowhere	Routed nowhere — this bus is silent. Tap ▲ under a strip or the master to route it.	没有路由到任何地方——此总线无声。点按某个通道条或主输出下方的 ▲ 进行路由。	どこにもルーティングされていないため、このバスは無音です。ストリップかマスターの下の ▲ をタップしてルーティングしてください。	Routé nulle part — ce bus est muet. Touchez ▲ sous une tranche ou le master pour le router.	Sin destino: este bus está en silencio. Toca ▲ bajo un canal o el máster para enrutarlo.	Hiçbir yere yönlendirilmedi; bu bus sessiz. Yönlendirmek için bir kanal şeridinin veya master’ın altındaki ▲ simgesine dokunun.	Nirgendwohin geroutet – dieser Bus ist stumm. Tippe auf ▲ unter einem Kanalzug oder dem Master, um ihn zu routen.
mixer_remove_route_to	Remove route to %1$s	移除到 %1$s 的路由	%1$s へのルーティングを削除	Supprimer la route vers %1$s	Quitar la ruta a %1$s	%1$s yönlendirmesini kaldır	Route zu %1$s entfernen
mixer_input_routing_caps	INPUT ROUTING	输入路由	入力ルーティング	ROUTAGE D’ENTRÉE	ENRUTAMIENTO DE ENTRADA	GİRİŞ YÖNLENDİRMESİ	EINGANGS-ROUTING
mixer_channels_caps	CHANNELS	声道	チャンネル	CANAUX	CANALES	KANALLAR	KANÄLE
mixer_multichannel	Multichannel	多声道	マルチチャンネル	Multicanal	Multicanal	Çok kanallı	Mehrkanal
mixer_spread	Spread	分散	分散	Répartir	Repartir	Dağıt	Verteilen
mixer_one_bus	One bus	单一总线	1 つのバス	Un seul bus	Un solo bus	Tek bus	Ein Bus
mixer_spread_desc	Spread channels across buses	将声道分散到各个总线	チャンネルを複数のバスに分散	Répartir les canaux sur les bus	Repartir los canales entre los buses	Kanalları buslara dağıt	Kanäle auf Busse verteilen
mixer_one_bus_desc	Run all channels through one bus	所有声道都经过同一条总线	すべてのチャンネルを 1 つのバスに通す	Faire passer tous les canaux par un seul bus	Pasar todos los canales por un solo bus	Tüm kanalları tek bir bustan geçir	Alle Kanäle durch einen Bus leiten
mixer_spread_on	5.1 and Atmos: front, centre, LFE, surrounds and heights each get a bus.	5.1 和 Atmos：前置、中置、LFE、环绕和天空声道各占一条总线。	5.1 と Atmos：フロント、センター、LFE、サラウンド、ハイトがそれぞれ 1 つのバスを使います。	5.1 et Atmos : façade, centre, LFE, surrounds et hauteurs ont chacun leur bus.	5.1 y Atmos: frontales, central, LFE, envolventes y alturas tienen cada uno su bus.	5.1 ve Atmos: ön, merkez, LFE, surround ve yükseklik kanallarının her biri bir bus alır.	5.1 und Atmos: Front, Center, LFE, Surround- und Höhenkanäle bekommen je einen Bus.
mixer_spread_off	5.1 and Atmos run whole through the buses switched on below.	5.1 和 Atmos 整体经过下方已开启的总线。	5.1 と Atmos は、下でオンにしたバスをまとめて通ります。	5.1 et Atmos passent en entier par les bus activés ci-dessous.	5.1 y Atmos pasan enteros por los buses activados abajo.	5.1 ve Atmos, aşağıda açılan buslardan bütün hâlinde geçer.	5.1 und Atmos laufen komplett durch die unten eingeschalteten Busse.
mixer_slot_n	Slot %1$d	插槽 %1$d	スロット %1$d	Emplacement %1$d	Ranura %1$d	Yuva %1$d	Slot %1$d
mixer_bypass	Bypass	旁通	バイパス	Bypass	Bypass	Bypass	Bypass
mixer_add_plugin	Add Plugin	添加插件	プラグインを追加	Ajouter un plug-in	Añadir plugin	Eklenti ekle	Plug-in hinzufügen
mixer_replace	Replace	替换	置き換え	Remplacer	Sustituir	Değiştir	Ersetzen
mixer_default_preset	Default	默认	既定	Par défaut	Predeterminado	Varsayılan	Standard
mixer_import_preset	Import Preset	导入预设	プリセットをインポート	Importer un préréglage	Importar preset	Ön ayar içe aktar	Preset importieren
mixer_load_preset	Load Preset	加载预设	プリセットを読み込む	Charger un préréglage	Cargar preset	Ön ayar yükle	Preset laden
mixer_my_presets	My Presets	我的预设	マイプリセット	Mes préréglages	Mis presets	Ön ayarlarım	Meine Presets
mixer_no_presets	No presets saved	没有已保存的预设	保存したプリセットはありません	Aucun préréglage enregistré	No hay presets guardados	Kayıtlı ön ayar yok	Keine Presets gespeichert
mixer_export	Export	导出	書き出す	Exporter	Exportar	Dışa aktar	Exportieren
mixer_playing_now	%1$s · playing now	%1$s · 正在播放	%1$s · 再生中	%1$s · en cours de lecture	%1$s · reproduciendo	%1$s · şimdi çalıyor	%1$s · läuft gerade
mixer_nothing_multichannel	%1$s · nothing multichannel playing	%1$s · 没有正在播放的多声道内容	%1$s · マルチチャンネルを再生していません	%1$s · aucun multicanal en lecture	%1$s · no suena nada multicanal	%1$s · çok kanallı bir şey çalmıyor	%1$s · nichts Mehrkanaliges läuft
mixer_close_spatial_map	Close spatial map	关闭空间映射	空間マップを閉じる	Fermer la carte spatiale	Cerrar el mapa espacial	Uzamsal haritayı kapat	Raumkarte schließen
mixer_place_channels	Place channels	放置声道	チャンネルを配置	Placer les canaux	Colocar canales	Kanalları yerleştir	Kanäle platzieren
mixer_headphones	Headphones	耳机	ヘッドホン	Casque	Auriculares	Kulaklık	Kopfhörer
mixer_headphones_desc	Headphones: binaural, heard where placed	耳机：双耳模式，声音在放置的位置被听到	ヘッドホン：バイノーラル。配置した位置から聞こえます	Casque : binaural, entendu là où il est placé	Auriculares: binaural, se oye donde se coloca	Kulaklık: binaural, yerleştirildiği yerden duyulur	Kopfhörer: binaural, dort zu hören, wo platziert
mixer_speakers	Speakers	扬声器	スピーカー	Enceintes	Altavoces	Hoparlörler	Lautsprecher
mixer_speakers_desc	Speakers: panned left to right	扬声器：从左到右声像	スピーカー：左右にパン	Enceintes : panoramique de gauche à droite	Altavoces: paneo de izquierda a derecha	Hoparlörler: soldan sağa panlanır	Lautsprecher: von links nach rechts gepannt
mixer_target	Target	目标	ターゲット	Cible	Objetivo	Hedef	Ziel
mixer_headphone_target	Headphone target: %1$s	耳机目标：%1$s	ヘッドホンのターゲット：%1$s	Cible du casque : %1$s	Objetivo de auriculares: %1$s	Kulaklık hedefi: %1$s	Kopfhörer-Ziel: %1$s
mixer_note_atmos	This Atmos track's objects are placed by the Atmos renderer. The map applies in Direct mode and to multichannel files.	这首 Atmos 歌曲的声音对象由 Atmos 渲染器放置。映射适用于直通模式和多声道文件。	この Atmos の曲のオブジェクトは Atmos レンダラーが配置します。マップはダイレクトモードとマルチチャンネルファイルに適用されます。	Les objets de ce titre Atmos sont placés par le moteur de rendu Atmos. La carte s’applique en mode Direct et aux fichiers multicanaux.	Los objetos de esta canción Atmos los coloca el renderizador Atmos. El mapa se aplica en modo Directo y a archivos multicanal.	Bu Atmos parçasının nesneleri Atmos oluşturucusu tarafından yerleştirilir. Harita Doğrudan modda ve çok kanallı dosyalarda geçerlidir.	Die Objekte dieses Atmos-Titels platziert der Atmos-Renderer. Die Karte gilt im Direkt-Modus und für Mehrkanaldateien.
mixer_note_unfolded	Multichannel is going to Android unfolded. Turn the stereo fold on in audio settings for the map to play.	多声道内容正未经缩混直接送往 Android。请在音频设置中开启立体声缩混，映射才会生效。	マルチチャンネルは畳み込まれずに Android に送られています。マップを使うには、オーディオ設定でステレオへの畳み込みをオンにしてください。	Le multicanal part vers Android sans être réduit. Activez la réduction stéréo dans les réglages audio pour que la carte joue.	El multicanal va a Android sin reducir. Activa la reducción a estéreo en los ajustes de audio para que el mapa funcione.	Çok kanallı ses Android’e indirgenmeden gidiyor. Haritanın çalışması için ses ayarlarında stereoya indirmeyi açın.	Mehrkanal geht ungefaltet an Android. Schalte in den Audioeinstellungen die Stereo-Faltung ein, damit die Karte wirkt.
mixer_note_off	Off: the song folds to stereo as mixed. Drag a channel to start.	关闭：歌曲按原混音缩混为立体声。拖动一个声道即可开始。	オフ：曲はミックスどおりステレオに畳み込まれます。チャンネルをドラッグして始めてください。	Désactivé : le titre est réduit en stéréo tel que mixé. Faites glisser un canal pour commencer.	Desactivado: la canción se reduce a estéreo tal como se mezcló. Arrastra un canal para empezar.	Kapalı: şarkı miksteki gibi stereoya indirilir. Başlamak için bir kanalı sürükleyin.	Aus: Der Song wird wie gemischt auf Stereo gefaltet. Zieh einen Kanal, um zu beginnen.
mixer_note_binaural_rate	Binaural needs 48 kHz or less; this %1$d kHz stream is panned instead.	双耳模式需要 48 kHz 或更低；此 %1$d kHz 音频流改用声像处理。	バイノーラルには 48 kHz 以下が必要です。この %1$d kHz のストリームは代わりにパンされます。	Le binaural demande 48 kHz ou moins ; ce flux à %1$d kHz est spatialisé par panoramique à la place.	El binaural requiere 48 kHz o menos; este flujo de %1$d kHz se panea en su lugar.	Binaural için 48 kHz veya altı gerekir; bu %1$d kHz akış bunun yerine panlanır.	Binaural braucht höchstens 48 kHz; dieser %1$d-kHz-Stream wird stattdessen gepannt.
mixer_note_binaural	Drag a channel to move it. Double-tap one to put it back.	拖动声道即可移动。双击可将其复位。	チャンネルをドラッグして動かします。ダブルタップで元に戻ります。	Faites glisser un canal pour le déplacer. Touchez-le deux fois pour le remettre en place.	Arrastra un canal para moverlo. Tócalo dos veces para devolverlo a su sitio.	Taşımak için bir kanalı sürükleyin. Yerine koymak için iki kez dokunun.	Zieh einen Kanal, um ihn zu bewegen. Doppeltippen setzt ihn zurück.
mixer_note_speakers	Speakers: channels are panned left to right; front and back fold together.	扬声器：声道从左到右声像分布；前后声道会合并。	スピーカー：チャンネルは左右にパンされ、前後はまとめられます。	Enceintes : les canaux sont répartis de gauche à droite ; l’avant et l’arrière se confondent.	Altavoces: los canales se panean de izquierda a derecha; delante y detrás se combinan.	Hoparlörler: kanallar soldan sağa panlanır; ön ve arka birleşir.	Lautsprecher: Kanäle werden von links nach rechts gepannt; vorn und hinten fallen zusammen.
mixer_angle_ahead	ahead	正前方	正面	devant	delante	önde	vorn
mixer_angle_behind	behind	正后方	背後	derrière	detrás	arkada	hinten
mixer_angle_left	%1$d° left	左 %1$d°	左 %1$d°	%1$d° à gauche	%1$d° a la izquierda	%1$d° solda	%1$d° links
mixer_angle_right	%1$d° right	右 %1$d°	右 %1$d°	%1$d° à droite	%1$d° a la derecha	%1$d° sağda	%1$d° rechts
mixer_map_description	Spatial map: %1$s	空间映射：%1$s	空間マップ：%1$s	Carte spatiale : %1$s	Mapa espacial: %1$s	Uzamsal harita: %1$s	Raumkarte: %1$s
mixer_reorder	Reorder	重新排序	並べ替え	Réorganiser	Reordenar	Yeniden sırala	Neu anordnen
mixer_enable	Enable	启用	有効にする	Activer	Activar	Etkinleştir	Aktivieren
mixer_collapse	Collapse	收起	閉じる	Réduire	Contraer	Daralt	Einklappen
mixer_expand	Expand	展开	開く	Développer	Expandir	Genişlet	Ausklappen
mixer_up_to_192	up to 192 kHz	最高 192 kHz	最大 192 kHz	jusqu’à 192 kHz	hasta 192 kHz	192 kHz’e kadar	bis 192 kHz
mixer_band_n	Band %1$d	频段 %1$d	バンド %1$d	Bande %1$d	Banda %1$d	Bant %1$d	Band %1$d
mixer_mix	Mix	混合	ミックス	Mix	Mezcla	Karışım	Mix
mixer_type_a_value	Type a value	输入数值	値を入力	Saisir une valeur	Escribir un valor	Değer yazın	Wert eingeben
mixer_value_range	%1$s to %2$s	%1$s 至 %2$s	%1$s〜%2$s	%1$s à %2$s	%1$s a %2$s	%1$s ile %2$s arası	%1$s bis %2$s
mixer_set	Set	设置	設定	Valider	Aplicar	Ayarla	Setzen
mixer_routing_from	Routing from %1$s	来自 %1$s 的路由	%1$s からのルーティング	Routage depuis %1$s	Enrutamiento desde %1$s	%1$s kaynaklı yönlendirme	Routing von %1$s
mixer_mute	Mute	静音	ミュート	Sourdine	Silenciar	Sessize al	Stumm
mixer_solo	Solo	独奏	ソロ	Solo	Solo	Solo	Solo
mixer_route_selected_to	Route the selected bus to %1$s	将所选总线路由到 %1$s	選択したバスを %1$s にルーティング	Router le bus sélectionné vers %1$s	Enrutar el bus seleccionado a %1$s	Seçili busu %1$s busuna yönlendir	Ausgewählten Bus zu %1$s routen
mixer_pan	Pan	声像	パン	Panoramique	Paneo	Pan	Panorama
mixer_pan_left	%1$d%% left	偏左 %1$d%%	左 %1$d%%	%1$d %% à gauche	%1$d %% a la izquierda	%%%1$d sol	%1$d %% links
mixer_pan_right	%1$d%% right	偏右 %1$d%%	右 %1$d%%	%1$d %% à droite	%1$d %% a la derecha	%%%1$d sağ	%1$d %% rechts
mixer_pan_center	Center	居中	センター	Centre	Centro	Orta	Mitte
mixer_gain_fader	Gain fader	增益推子	ゲインフェーダー	Fader de gain	Fader de ganancia	Kazanç fader’ı	Gain-Fader
mixer_db_value	%1$.1f dB	%1$.1f dB	%1$.1f dB	%1$.1f dB	%1$.1f dB	%1$.1f dB	%1$.1f dB
mixer_send_to	Send to %1$s	发送到 %1$s	%1$s へのセンド	Envoi vers %1$s	Envío a %1$s	%1$s gönderimi	Send zu %1$s
mixer_remove_route	Remove route	移除路由	ルーティングを削除	Supprimer la route	Quitar ruta	Yönlendirmeyi kaldır	Route entfernen
mixer_percent	%1$d%%	%1$d%%	%1$d%%	%1$d %%	%1$d %%	%%%1$d	%1$d %%
mixer_chain_full	Chain full	效果链已满	チェーンが満杯です	Chaîne pleine	Cadena llena	Zincir dolu	Kette voll
mixer_add_effect	Add Effect	添加效果	エフェクトを追加	Ajouter un effet	Añadir efecto	Efekt ekle	Effekt hinzufügen
mixer_out_device	OUT — Device	输出 — 设备	OUT — デバイス	OUT — Appareil	OUT — Dispositivo	OUT — Cihaz	OUT – Gerät
mixer_out_nowhere	nowhere (silent)	无（静音）	なし（無音）	nulle part (muet)	ningún sitio (silencio)	hiçbir yer (sessiz)	nirgendwohin (stumm)
mixer_loudness_label	Master loudness: %1$s. Tap to restart the integrated reading.	主输出响度：%1$s。点按可重新开始综合响度测量。	マスターのラウドネス：%1$s。タップすると積算値の測定をやり直します。	Sonie du master : %1$s. Touchez pour relancer la mesure intégrée.	Sonoridad del máster: %1$s. Toca para reiniciar la medición integrada.	Master ses yüksekliği: %1$s. Bütünleşik ölçümü yeniden başlatmak için dokunun.	Master-Lautheit: %1$s. Tippen, um die integrierte Messung neu zu starten.
mixer_loudness_short	short-term %1$s LUFS	短期 %1$s LUFS	短期 %1$s LUFS	court terme %1$s LUFS	a corto plazo %1$s LUFS	kısa süreli %1$s LUFS	kurzzeitig %1$s LUFS
mixer_loudness_measuring	measuring	正在测量	測定中	mesure en cours	midiendo	ölçülüyor	Messung läuft
mixer_loudness_integrated	, integrated %1$s LUFS	，综合 %1$s LUFS	、積算 %1$s LUFS	, intégrée %1$s LUFS	, integrada %1$s LUFS	, bütünleşik %1$s LUFS	, integriert %1$s LUFS
mixer_preset_desc	%1$s preset	%1$s 预设	%1$s プリセット	Préréglage %1$s	Preset %1$s	%1$s ön ayarı	Preset %1$s
mixer_preset_desc_creative	%1$s preset, creative	%1$s 预设，创意型	%1$s プリセット（クリエイティブ）	Préréglage %1$s, créatif	Preset %1$s, creativo	%1$s ön ayarı, yaratıcı	Preset %1$s, kreativ
notif_debug_channel	Debug screen recorder	调试录屏	デバッグ画面録画	Enregistreur d’écran de débogage	Grabador de pantalla de depuración	Hata ayıklama ekran kaydedici	Debug-Bildschirmrekorder
notif_debug_title	Recording screen (debug)	正在录屏（调试）	画面を録画中（デバッグ）	Enregistrement de l’écran (débogage)	Grabando la pantalla (depuración)	Ekran kaydediliyor (hata ayıklama)	Bildschirm wird aufgenommen (Debug)
notif_debug_text	Native resolution/fps, stereo media audio	原生分辨率/帧率，立体声媒体音频	ネイティブの解像度/fps、ステレオのメディア音声	Résolution et FPS natifs, audio multimédia stéréo	Resolución y FPS nativos, audio multimedia estéreo	Yerel çözünürlük/fps, stereo medya sesi	Native Auflösung/FPS, Stereo-Medienaudio
notif_stop	Stop	停止	停止	Arrêter	Detener	Durdur	Beenden
share_preparing	Preparing %1$s for share…	正在准备分享 %1$s…	%1$s の共有を準備しています…	Préparation de %1$s pour le partage…	Preparando %1$s para compartir…	%1$s paylaşım için hazırlanıyor…	%1$s wird zum Teilen vorbereitet …
share_no_file	No file available to share	没有可分享的文件	共有できるファイルがありません	Aucun fichier à partager	No hay ningún archivo para compartir	Paylaşılacak dosya yok	Keine Datei zum Teilen verfügbar
share_track	Share track	分享歌曲	曲を共有	Partager le titre	Compartir canción	Parçayı paylaş	Titel teilen
notif_system_eq_title	System-wide EQ active	全局均衡器已启用	システム全体の EQ が有効です	Égaliseur système actif	EQ de todo el sistema activo	Sistem genelinde EQ etkin	Systemweiter EQ aktiv
notif_system_eq_text	Your AutoEQ correction is being applied to all audio on this device.	你的 AutoEQ 校正正应用于这台设备上的所有音频。	AutoEQ の補正をこの端末のすべての音声に適用しています。	Votre correction AutoEQ s’applique à tout le son de cet appareil.	Tu corrección AutoEQ se está aplicando a todo el audio de este dispositivo.	AutoEQ düzeltmeniz bu cihazdaki tüm seslere uygulanıyor.	Deine AutoEQ-Korrektur wird auf den gesamten Ton dieses Geräts angewendet.
notif_system_eq_channel	System-wide EQ	全局均衡器	システム全体の EQ	Égaliseur système	EQ de todo el sistema	Sistem genelinde EQ	Systemweiter EQ
notif_system_eq_channel_desc	Shown while the system-wide equalizer is applied to all audio.	在全局均衡器应用于所有音频时显示。	システム全体のイコライザがすべての音声に適用されている間に表示されます。	Affichée tant que l’égaliseur système s’applique à tout le son.	Se muestra mientras el ecualizador de todo el sistema se aplica a todo el audio.	Sistem genelindeki ekolayzer tüm seslere uygulanırken gösterilir.	Wird angezeigt, solange der systemweite Equalizer auf den gesamten Ton angewendet wird.
notif_downloading	Downloading	正在下载	ダウンロード中	Téléchargement	Descargando	İndiriliyor	Wird heruntergeladen
notif_preparing	Preparing…	正在准备…	準備中…	Préparation…	Preparando…	Hazırlanıyor…	Wird vorbereitet …
notif_downloads_channel	Downloads	下载	ダウンロード	Téléchargements	Descargas	İndirilenler	Downloads
notif_downloads_channel_desc	Progress of track downloads.	歌曲下载进度。	曲のダウンロードの進行状況。	Progression des téléchargements de titres.	Progreso de las descargas de canciones.	Parça indirmelerinin ilerlemesi.	Fortschritt der Titel-Downloads.
import_cancelled	Import cancelled	导入已取消	インポートをキャンセルしました	Import annulé	Importación cancelada	İçe aktarma iptal edildi	Import abgebrochen
import_preparing	Preparing import…	正在准备导入…	インポートを準備しています…	Préparation de l’import…	Preparando la importación…	İçe aktarma hazırlanıyor…	Import wird vorbereitet …
import_fetching	Fetching playlist from %1$s…	正在从 %1$s 获取歌单…	%1$s からプレイリストを取得しています…	Récupération de la playlist depuis %1$s…	Obteniendo la playlist de %1$s…	Çalma listesi %1$s’tan alınıyor…	Playlist wird von %1$s abgerufen …
import_matching	Matching %1$d of %2$d · %3$d found	正在匹配第 %1$d 首，共 %2$d 首 · 已找到 %3$d 首	%2$d 曲中 %1$d 曲目を照合中 · %3$d 曲見つかりました	Correspondance %1$d sur %2$d · %3$d trouvés	Emparejando %1$d de %2$d · %3$d encontradas	%2$d parçanın %1$d. parçası eşleştiriliyor · %3$d bulundu	Abgleich %1$d von %2$d · %3$d gefunden
import_complete_title	Playlist import complete	歌单导入完成	プレイリストのインポートが完了しました	Import de la playlist terminé	Importación de la playlist completada	Çalma listesi içe aktarma tamamlandı	Playlist-Import abgeschlossen
import_failed_title	Playlist import failed	歌单导入失败	プレイリストのインポートに失敗しました	Échec de l’import de la playlist	Error al importar la playlist	Çalma listesi içe aktarma başarısız	Playlist-Import fehlgeschlagen
import_progress_title	Importing Spotify playlist	正在导入 Spotify 歌单	Spotify プレイリストをインポート中	Import de la playlist Spotify	Importando playlist de Spotify	Spotify çalma listesi içe aktarılıyor	Spotify-Playlist wird importiert
import_channel	Playlist import	歌单导入	プレイリストのインポート	Import de playlists	Importación de playlists	Çalma listesi içe aktarma	Playlist-Import
import_channel_desc	Progress of Spotify playlist imports.	Spotify 歌单导入进度。	Spotify プレイリストのインポートの進行状況。	Progression des imports de playlists Spotify.	Progreso de las importaciones de playlists de Spotify.	Spotify çalma listesi içe aktarmalarının ilerlemesi.	Fortschritt der Spotify-Playlist-Importe.
import_youtube_unsupported	YouTube Music import is not supported yet — only Spotify playlist links work.	暂不支持导入 YouTube Music——目前只支持 Spotify 歌单链接。	YouTube Music のインポートにはまだ対応していません。使えるのは Spotify のプレイリストリンクだけです。	L’import depuis YouTube Music n’est pas encore pris en charge — seuls les liens de playlist Spotify fonctionnent.	La importación de YouTube Music aún no es compatible: solo funcionan los enlaces de playlists de Spotify.	YouTube Music’ten içe aktarma henüz desteklenmiyor; yalnızca Spotify çalma listesi bağlantıları çalışır.	Import aus YouTube Music wird noch nicht unterstützt – nur Spotify-Playlist-Links funktionieren.
import_unrecognized_url	Unrecognized playlist URL. Paste a Spotify playlist link like https://open.spotify.com/playlist/…	无法识别的歌单 URL。请粘贴类似 https://open.spotify.com/playlist/… 的 Spotify 歌单链接	認識できないプレイリストの URL です。https://open.spotify.com/playlist/… のような Spotify のプレイリストリンクを貼り付けてください	URL de playlist non reconnue. Collez un lien de playlist Spotify comme https://open.spotify.com/playlist/…	URL de playlist no reconocida. Pega un enlace de playlist de Spotify como https://open.spotify.com/playlist/…	Tanınmayan çalma listesi URL’si. https://open.spotify.com/playlist/… gibi bir Spotify çalma listesi bağlantısı yapıştırın	Unbekannte Playlist-URL. Füge einen Spotify-Playlist-Link wie https://open.spotify.com/playlist/… ein
import_no_tracks	This Spotify playlist has no importable tracks.	此 Spotify 歌单没有可导入的歌曲。	この Spotify プレイリストにはインポートできる曲がありません。	Cette playlist Spotify ne contient aucun titre importable.	Esta playlist de Spotify no tiene canciones importables.	Bu Spotify çalma listesinde içe aktarılabilir parça yok.	Diese Spotify-Playlist enthält keine importierbaren Titel.
import_liked_empty	Your Spotify Liked Songs list is empty.	你的 Spotify“已点赞的歌曲”列表为空。	Spotify の「お気に入りの曲」は空です。	Votre liste « Titres likés » sur Spotify est vide.	Tu lista «Canciones que te gustan» de Spotify está vacía.	Spotify’daki Beğenilen Şarkılar listeniz boş.	Deine Spotify-Liste „Lieblingssongs“ ist leer.
import_default_playlist_name	Spotify Playlist	Spotify 歌单	Spotify プレイリスト	Playlist Spotify	Playlist de Spotify	Spotify çalma listesi	Spotify-Playlist
import_from_spotify	Imported from Spotify	从 Spotify 导入	Spotify からインポート	Importée depuis Spotify	Importada de Spotify	Spotify’dan içe aktarıldı	Aus Spotify importiert
import_liked_name	Liked Songs (Spotify)	已点赞的歌曲（Spotify）	お気に入りの曲（Spotify）	Titres likés (Spotify)	Canciones que te gustan (Spotify)	Beğenilen Şarkılar (Spotify)	Lieblingssongs (Spotify)
import_spotify_failed	Spotify import failed	Spotify 导入失败	Spotify のインポートに失敗しました	Échec de l’import Spotify	Error al importar de Spotify	Spotify içe aktarma başarısız	Spotify-Import fehlgeschlagen
widget_nothing_playing	Nothing playing	没有正在播放的内容	再生中の曲はありません	Aucune lecture en cours	No se está reproduciendo nada	Çalan bir şey yok	Es läuft nichts
widget_album_art	Album art	专辑封面	アルバムアート	Pochette	Portada	Albüm kapağı	Albumcover
notif_playback_channel	Now Playing	正在播放	再生中	En cours de lecture	Reproduciendo	Şimdi çalıyor	Wird gespielt
notif_playback_channel_desc	Playback controls shown in the notification shade and on the lock screen.	显示在通知栏和锁屏上的播放控制。	通知シェードとロック画面に表示される再生コントロール。	Commandes de lecture affichées dans le volet des notifications et sur l’écran de verrouillage.	Controles de reproducción que se muestran en el panel de notificaciones y en la pantalla de bloqueo.	Bildirim panelinde ve kilit ekranında gösterilen çalma kontrolleri.	Wiedergabesteuerung in der Benachrichtigungsleiste und auf dem Sperrbildschirm.
notif_downloading_n#one	Downloading %1$d track	正在下载 %1$d 首歌曲	%1$d 曲をダウンロード中	Téléchargement de %1$d titre	Descargando %1$d canción	%1$d parça indiriliyor	%1$d Titel wird heruntergeladen
notif_downloading_n#many	Downloading %1$d tracks	正在下载 %1$d 首歌曲	%1$d 曲をダウンロード中	Téléchargement de %1$d titres	Descargando %1$d canciones	%1$d parça indiriliyor	%1$d Titel werden heruntergeladen
notif_downloading_n#other	Downloading %1$d tracks	正在下载 %1$d 首歌曲	%1$d 曲をダウンロード中	Téléchargement de %1$d titres	Descargando %1$d canciones	%1$d parça indiriliyor	%1$d Titel werden heruntergeladen
legacy_oxford_dynamics	Oxford dynamics	Oxford 动态处理	Oxford ダイナミクス	Dynamique Oxford	Dinámica Oxford	Oxford dinamik	Oxford-Dynamik
legacy_oxford_loudness	Oxford loudness	Oxford 响度	Oxford ラウドネス	Sonie Oxford	Sonoridad Oxford	Oxford ses yüksekliği	Oxford-Lautheit
legacy_headphone_stage	Headphone stage	耳机声场	ヘッドホンの音場	Scène au casque	Escena en auriculares	Kulaklık sahnesi	Kopfhörerbühne
legacy_headphone_correction	Headphone correction	耳机校正	ヘッドホン補正	Correction du casque	Corrección de auriculares	Kulaklık düzeltmesi	Kopfhörerkorrektur
legacy_mixer_fx	Mixer/FX	混音器/效果	ミキサー/FX	Mixeur/effets	Mezclador/FX	Mikser/FX	Mixer/FX
legacy_rewind_10	Rewind 10 seconds	后退 10 秒	10 秒戻る	Reculer de 10 secondes	Retroceder 10 segundos	10 saniye geri sar	10 Sekunden zurück
legacy_forward_10	Forward 10 seconds	前进 10 秒	10 秒進む	Avancer de 10 secondes	Avanzar 10 segundos	10 saniye ileri sar	10 Sekunden vor
onboarding_downloads_subtitle	Qobuz downloads and saved tracks land here.	Qobuz 下载内容和保存的歌曲都会存放在这里。	Qobuz のダウンロードと保存した曲はここに保存されます。	Les téléchargements Qobuz et les titres enregistrés arrivent ici.	Aquí van las descargas de Qobuz y las canciones guardadas.	Qobuz indirmeleri ve kaydedilen parçalar buraya gelir.	Qobuz-Downloads und gespeicherte Titel landen hier.
onboarding_app_storage_default	App storage (default)	应用存储（默认）	アプリのストレージ（既定）	Stockage de l’app (par défaut)	Almacenamiento de la app (predeterminado)	Uygulama depolama alanı (varsayılan)	App-Speicher (Standard)
onboarding_app_storage_desc	Private to Tryptify; removed if you uninstall the app.	仅 Tryptify 可访问；卸载应用时会被删除。	Tryptify 専用です。アプリをアンインストールすると削除されます。	Réservé à Tryptify ; supprimé si vous désinstallez l’app.	Privado para Tryptify; se elimina si desinstalas la app.	Yalnızca Tryptify’a özeldir; uygulamayı kaldırırsanız silinir.	Nur für Tryptify; wird beim Deinstallieren der App entfernt.
onboarding_custom_folder_desc	Pick any folder — downloads stay after uninstall and are visible to other apps.	可选择任意文件夹——卸载后下载内容仍会保留，其他应用也能看到。	任意のフォルダを選べます。アンインストール後もダウンロードは残り、ほかのアプリからも見えます。	Choisissez n’importe quel dossier — les téléchargements restent après la désinstallation et sont visibles par les autres apps.	Elige cualquier carpeta: las descargas se conservan al desinstalar y son visibles para otras apps.	İstediğiniz klasörü seçin; indirilenler uygulama kaldırıldıktan sonra da kalır ve diğer uygulamalar tarafından görülebilir.	Wähle einen beliebigen Ordner – Downloads bleiben nach dem Deinstallieren erhalten und sind für andere Apps sichtbar.
crossfeed_angle_narrow	30° narrow	30° 窄	30° 狭い	30° étroit	30° estrecho	30° dar	30° schmal
crossfeed_angle_headphones	180° headphones	180° 耳机	180° ヘッドホン	180° casque	180° auriculares	180° kulaklık	180° Kopfhörer
profile_or	  or  	  或  	  または  	  ou  	  o  	  veya  	  oder  
api_asking	Asking %1$s…	正在询问 %1$s…	%1$s に問い合わせています…	Interrogation de %1$s…	Consultando %1$s…	%1$s sorgulanıyor…	%1$s wird abgefragt …
settings_move_up	Move %1$s up	上移 %1$s	%1$s を上へ移動	Monter %1$s	Subir %1$s	%1$s öğesini yukarı taşı	%1$s nach oben
settings_move_down	Move %1$s down	下移 %1$s	%1$s を下へ移動	Descendre %1$s	Bajar %1$s	%1$s öğesini aşağı taşı	%1$s nach unten
settings_scanning_library	Scanning library…	正在扫描音乐库…	ライブラリをスキャンしています…	Analyse de la bibliothèque…	Escaneando la biblioteca…	Kitaplık taranıyor…	Bibliothek wird gescannt …
waterfall_analysis	Analysis	分析	解析	Analyse	Análisis	Analiz	Analyse
waterfall_type_rt_avg	Live average	实时平均	リアルタイム平均	Moyenne en direct	Promedio en vivo	Canlı ortalama	Live-Mittel
waterfall_type_rt_max	Live max	实时峰值	リアルタイム最大	Max. en direct	Máximo en vivo	Canlı maksimum	Live-Maximum
waterfall_type_avg	Average	平均	平均	Moyenne	Promedio	Ortalama	Mittelwert
waterfall_type_max	Max	峰值	最大	Max.	Máximo	Maksimum	Maximum
waterfall_type_rt_avg_desc	Each bar rises quickly and falls back over the averaging time.	每个频段快速上升，并在平均时间内回落。	各バーはすばやく上がり、平均時間をかけて下がります。	Chaque barre monte vite et redescend sur le temps de moyenne.	Cada barra sube rápido y baja a lo largo del tiempo de promedio.	Her çubuk hızla yükselir ve ortalama süresi boyunca geri düşer.	Jeder Balken steigt schnell und fällt über die Mittelungszeit zurück.
waterfall_type_rt_max_desc	Each bar jumps to a peak, holds it for the hold time, then falls.	每个频段跳到峰值，保持一段时间后再回落。	各バーはピークまで跳ね上がり、ホールド時間だけ保ってから下がります。	Chaque barre bondit jusqu’à un pic, le maintient pendant le temps de maintien, puis redescend.	Cada barra salta a un pico, lo mantiene durante el tiempo de retención y luego baja.	Her çubuk bir tepeye sıçrar, tutma süresi boyunca orada kalır, sonra düşer.	Jeder Balken springt auf eine Spitze, hält sie für die Haltezeit und fällt dann.
waterfall_type_avg_desc	The average since the track started: its long-term tonal balance. Starts over on each track.	自歌曲开始以来的平均值：这首歌的长期音色平衡。每首歌重新开始计算。	曲の始まりからの平均で、その曲の長期的な音のバランスです。曲ごとにやり直します。	La moyenne depuis le début du titre : son équilibre tonal sur la durée. Repart de zéro à chaque titre.	El promedio desde que empezó la canción: su equilibrio tonal a largo plazo. Vuelve a empezar en cada canción.	Parça başladığından beri ortalama: parçanın uzun vadeli ton dengesi. Her parçada yeniden başlar.	Der Mittelwert seit Beginn des Titels: seine langfristige Klangbalance. Beginnt bei jedem Titel neu.
waterfall_type_max_desc	The loudest each bar has been since the track started. Starts over on each track.	自歌曲开始以来每个频段达到过的最大值。每首歌重新开始计算。	曲の始まりから各バーが到達した最大値です。曲ごとにやり直します。	Le plus fort atteint par chaque barre depuis le début du titre. Repart de zéro à chaque titre.	Lo más alto que ha llegado cada barra desde que empezó la canción. Vuelve a empezar en cada canción.	Parça başladığından beri her çubuğun ulaştığı en yüksek seviye. Her parçada yeniden başlar.	Das Lauteste, das jeder Balken seit Beginn des Titels erreicht hat. Beginnt bei jedem Titel neu.
waterfall_overlap	Overlap	重叠	オーバーラップ	Chevauchement	Solapamiento	Örtüşme	Überlappung
waterfall_avg_time	Avg time	平均时间	平均時間	Temps moyen	Tiempo medio	Ort. süre	Mittelungszeit
waterfall_hold_time	Hold	保持	ホールド	Maintien	Retención	Tutma	Halten
waterfall_knobs_hint	Overlap: how much each analysis overlaps the last. Higher moves more smoothly; lower steps, and saves a little battery. Drag a knob up or down; double-tap it to reset.	重叠：每次分析与上一次重叠的程度。越高动作越平滑；越低越有跳跃感，也更省电。上下拖动旋钮调整；双击可复位。	オーバーラップ：各解析が前の解析とどれだけ重なるか。高いほどなめらかに動き、低いほどステップ状になり、電池も少し節約できます。ノブは上下にドラッグし、ダブルタップでリセットします。	Chevauchement : à quel point chaque analyse recouvre la précédente. Plus haut, le mouvement est plus fluide ; plus bas, il est saccadé et économise un peu de batterie. Faites glisser un bouton vers le haut ou le bas ; touchez-le deux fois pour le réinitialiser.	Solapamiento: cuánto se solapa cada análisis con el anterior. Más alto se mueve con más suavidad; más bajo va a saltos y ahorra algo de batería. Arrastra un mando hacia arriba o abajo; tócalo dos veces para restablecerlo.	Örtüşme: her analizin bir öncekiyle ne kadar örtüştüğü. Yüksek değer daha akıcı hareket eder; düşük değer kademeli ilerler ve biraz pil tasarrufu sağlar. Bir düğmeyi yukarı veya aşağı sürükleyin; sıfırlamak için iki kez dokunun.	Überlappung: wie stark jede Analyse die vorige überlappt. Höher bewegt sich flüssiger, niedriger stufiger und spart etwas Akku. Zieh einen Regler nach oben oder unten; doppelt tippen setzt ihn zurück.
waterfall_avg_time_unused	The averaging time does not apply to the long-term types.	平均时间不适用于长期类型。	平均時間は長期のタイプには適用されません。	Le temps de moyenne ne s’applique pas aux types sur la durée.	El tiempo de promedio no se aplica a los tipos a largo plazo.	Ortalama süresi uzun vadeli türlere uygulanmaz.	Die Mittelungszeit gilt nicht für die Langzeit-Typen.
waterfall_line_colour	Line colour	线条颜色	線の色	Couleur des lignes	Color de las líneas	Çizgi rengi	Linienfarbe
waterfall_album_colour	Album	专辑	アルバム	Album	Álbum	Albüm	Album
waterfall_custom_colour	Custom	自定义	カスタム	Personnalisée	Personalizado	Özel	Eigene
waterfall_colour_desc	The album’s colour follows the cover; a custom one stays the same on every track. Heat keeps its own palette.	专辑颜色随封面变化；自定义颜色在每首歌上都保持不变。“热度”样式使用自己的配色。	アルバムの色はカバーに合わせて変わり、カスタムの色はどの曲でも同じです。「ヒート」は独自の配色を使います。	La couleur de l’album suit la pochette ; une couleur personnalisée reste la même sur chaque titre. Chaleur garde sa propre palette.	El color del álbum sigue a la portada; uno personalizado se mantiene igual en cada canción. Calor conserva su propia paleta.	Albüm rengi kapağı izler; özel renk her parçada aynı kalır. Isı kendi paletini korur.	Die Albumfarbe folgt dem Cover; eine eigene Farbe bleibt bei jedem Titel gleich. Hitze behält ihre eigene Palette.
preset_flagged_crashes	Crashes the visualizer, so it never loads	会导致可视化崩溃，因此不会加载	ビジュアライザがクラッシュするため読み込みません	Fait planter le visualiseur, il n’est donc jamais chargé	Provoca un cierre inesperado del visualizador, así que nunca se carga	Görselleştiricinin çökmesine neden olduğu için hiç yüklenmez	Bringt den Visualizer zum Absturz und wird deshalb nie geladen
preset_flagged_cd	Flagged: crashes the visualizer	已标记：会导致可视化崩溃	フラグ付き：ビジュアライザがクラッシュします	Signalé : fait planter le visualiseur	Marcado: provoca un cierre inesperado del visualizador	İşaretli: görselleştiricinin çökmesine neden olur	Markiert: bringt den Visualizer zum Absturz
settings_flagged_presets	Crash-flagged presets	已标记为崩溃的预设	クラッシュのフラグが付いたプリセット	Préréglages qui font planter	Presets marcados por cierres inesperados	Çökme nedeniyle işaretlenen ön ayarlar	Presets mit Absturz-Markierung
settings_flagged_presets_summary#one	%1$d preset is never loaded because it crashes the visualizer.	%1$d 个预设会导致可视化崩溃，因此不会加载。	%1$d 件のプリセットはビジュアライザがクラッシュするため読み込みません。	%1$d préréglage n’est jamais chargé, car il fait planter le visualiseur.	%1$d preset nunca se carga porque provoca un cierre inesperado del visualizador.	%1$d ön ayar görselleştiricinin çökmesine neden olduğu için hiç yüklenmez.	%1$d Preset wird nie geladen, weil es den Visualizer zum Absturz bringt.
settings_flagged_presets_summary#many	%1$d presets are never loaded because they crash the visualizer.	%1$d 个预设会导致可视化崩溃，因此不会加载。	%1$d 件のプリセットはビジュアライザがクラッシュするため読み込みません。	%1$d préréglages ne sont jamais chargés, car ils font planter le visualiseur.	%1$d presets nunca se cargan porque provocan un cierre inesperado del visualizador.	%1$d ön ayar görselleştiricinin çökmesine neden olduğu için hiç yüklenmez.	%1$d Presets werden nie geladen, weil sie den Visualizer zum Absturz bringen.
settings_flagged_presets_summary#other	%1$d presets are never loaded because they crash the visualizer.	%1$d 个预设会导致可视化崩溃，因此不会加载。	%1$d 件のプリセットはビジュアライザがクラッシュするため読み込みません。	%1$d préréglages ne sont jamais chargés, car ils font planter le visualiseur.	%1$d presets nunca se cargan porque provocan un cierre inesperado del visualizador.	%1$d ön ayar görselleştiricinin çökmesine neden olduğu için hiç yüklenmez.	%1$d Presets werden nie geladen, weil sie den Visualizer zum Absturz bringen.
settings_flagged_presets_device#one	%1$d of them was flagged on this device; tap to give it another chance.	其中 %1$d 个是在此设备上标记的；点按即可重新允许。	うち %1$d 件はこのデバイスで付いたフラグです。タップすると解除します。	Dont %1$d signalé sur cet appareil ; touchez pour lui redonner une chance.	%1$d se marcó en este dispositivo; toca para darle otra oportunidad.	Bunlardan %1$d tanesi bu cihazda işaretlendi; yeniden denemek için dokunun.	%1$d davon wurde auf diesem Gerät markiert – tippe, um ihm noch eine Chance zu geben.
settings_flagged_presets_device#many	%1$d of them were flagged on this device; tap to give them another chance.	其中 %1$d 个是在此设备上标记的；点按即可重新允许。	うち %1$d 件はこのデバイスで付いたフラグです。タップすると解除します。	Dont %1$d signalés sur cet appareil ; touchez pour leur redonner une chance.	%1$d se marcaron en este dispositivo; toca para darles otra oportunidad.	Bunlardan %1$d tanesi bu cihazda işaretlendi; yeniden denemek için dokunun.	%1$d davon wurden auf diesem Gerät markiert – tippe, um ihnen noch eine Chance zu geben.
settings_flagged_presets_device#other	%1$d of them were flagged on this device; tap to give them another chance.	其中 %1$d 个是在此设备上标记的；点按即可重新允许。	うち %1$d 件はこのデバイスで付いたフラグです。タップすると解除します。	Dont %1$d signalés sur cet appareil ; touchez pour leur redonner une chance.	%1$d se marcaron en este dispositivo; toca para darles otra oportunidad.	Bunlardan %1$d tanesi bu cihazda işaretlendi; yeniden denemek için dokunun.	%1$d davon wurden auf diesem Gerät markiert – tippe, um ihnen noch eine Chance zu geben.
settings_mini_player_hide_with_tabs	Hide mini player when the nav bar shows	显示导航栏时隐藏迷你播放器	ナビゲーションバー表示中はミニプレーヤーを隠す	Masquer le mini-lecteur quand la barre de navigation s’affiche	Ocultar el minirreproductor cuando se muestra la barra de navegación	Gezinme çubuğu görünürken mini oynatıcıyı gizle	Mini-Player ausblenden, wenn die Navigationsleiste zu sehen ist
settings_mini_player_hide_with_tabs_desc	Scroll up for the nav bar, down for the mini player. Tap the page you’re on in the nav bar to bring the player back.	向上滚动显示导航栏，向下滚动显示迷你播放器。在导航栏中点按当前所在的页面可调出迷你播放器。	上にスクロールするとナビゲーションバー、下にスクロールするとミニプレーヤーを表示します。ナビゲーションバーで表示中のページをタップするとミニプレーヤーが表示されます。	Faites défiler vers le haut pour la barre de navigation, vers le bas pour le mini-lecteur. Touchez la page actuelle dans la barre pour faire revenir le lecteur.	Desplázate hacia arriba para ver la barra de navegación y hacia abajo para el minirreproductor. Toca en la barra la página en la que estás para que vuelva el reproductor.	Gezinme çubuğu için yukarı, mini oynatıcı için aşağı kaydırın. Oynatıcıyı geri getirmek için çubukta bulunduğunuz sayfaya dokunun.	Nach oben scrollen zeigt die Navigationsleiste, nach unten den Mini-Player. Tippe in der Leiste auf die aktuelle Seite, um den Player zurückzuholen.
settings_nav_bar_slot_first	First button	第一个按钮	1 つ目のボタン	Premier bouton	Primer botón	Birinci düğme	Erste Schaltfläche
settings_nav_bar_slot_second	Second button	第二个按钮	2 つ目のボタン	Deuxième bouton	Segundo botón	İkinci düğme	Zweite Schaltfläche
